ID,Sport Key,Sport Title,Start Time,Scrape Time,Match,Team,FanDuel,Winamax (FR),Winamax (DE),Betclic (FR),BetMGM,Betsson,Nordic Bet,Betfair,DraftKings,Unibet (SE),LeoVegas (SE),Pinnacle,Matchbook,Polymarket,Kalshi,GTbets,Novig,Coolbet,888sport,Unibet (NL),BetRivers,ProphetX,BetOnline.ag,LowVig.ag,Bovada,BetUS,1xBet,BetOpenly,William Hill,Marathon Bet,Everygame,Parions Sport (FR),Vigfree FanDuel,Vigfree Winamax (FR),Vigfree Winamax (DE),Vigfree Betclic (FR),Vigfree BetMGM,Vigfree Betsson,Vigfree Nordic Bet,Vigfree Betfair,Vigfree DraftKings,Vigfree Unibet (SE),Vigfree LeoVegas (SE),Vigfree Pinnacle,Vigfree Matchbook,Vigfree Polymarket,Vigfree Kalshi,Vigfree GTbets,Vigfree Novig,Vigfree Coolbet,Vigfree 888sport,Vigfree Unibet (NL),Vigfree BetRivers,Vigfree ProphetX,Vigfree BetOnline.ag,Vigfree LowVig.ag,Vigfree Bovada,Vigfree BetUS,Vigfree 1xBet,Vigfree BetOpenly,Vigfree William Hill,Vigfree Marathon Bet,Vigfree Everygame,Vigfree Parions Sport (FR),Start Date,Tipico,Codere (IT),Vigfree Tipico,Vigfree Codere (IT),Unibet (FR),BetAnything,Vigfree Unibet (FR),Vigfree BetAnything,PMU (FR),Suprabets,Vigfree PMU (FR),Vigfree Suprabets,MyBookie.ag,Vigfree MyBookie.ag,Best Bookmaker,Best Odds,Outcomes,Result
2af5dd9cc92470be266f4c6f519c62de,basketball_ncaab,NCAAB,2026-02-15T01:06:21Z,2026-02-15T02:23:55Z,Virginia Cavaliers @ Ohio State Buckeyes,Ohio State Buckeyes,2.12,,,,2.1,,1.93,,2.05,,,2.61,,2.27,2.17,1.97,2.18,,2.0,2.04,2.0,2.34,,,,,,,,,,,0.4417,,,,0.4457,,0.4701,,0.4565,,,0.3604,,0.4346,0.4511,0.4776,0.4207,,0.4559,0.461,0.4593,0.3825,,,,,,,,,,,,,,,,,,,,,,,,,,Polymarket,2.27,2.0,Not Found
7a7dc69921d6fe9435ab4735ad67ac00,basketball_ncaab,NCAAB,2026-02-15T02:00:46Z,2026-02-15T02:23:55Z,Minnesota Golden Gophers @ Washington Huskies,Washington Huskies,1.3,,,,1.35,,1.36,,1.37,,,1.27,,1.45,1.47,1.37,1.4,,1.36,1.44,1.42,1.38,,,,,,,,,,,0.7376,,,,0.7091,,0.6858,,0.6983,,,0.7525,,0.6748,0.6751,0.6989,0.6882,,0.694,0.662,0.662,0.6887,,,,,,,,,,,,,,,,,,,,,,,,,,Polymarket,1.45,2.0,Not Found
0b5aea2638734481908f855c79b5d627,basketball_ncaab,NCAAB,2026-02-15T01:02:11Z,2026-02-15T02:23:55Z,Middle Tennessee Blue Raiders @ Western Kentucky Hilltoppers,Western Kentucky Hilltoppers,1.08,,,,1.12,,1.09,,1.09,,,,,1.14,1.14,,,,1.11,1.08,1.08,,,,,,,,,,,,0.8945,,,,0.8631,,0.8694,,0.892,,,,,0.8686,0.8736,,,,0.8595,0.8915,0.881,,,,,,,,,,,,,,,,,,,,,,,,,,,Polymarket,1.14,2.0,Not Found
d7e33bc485d50f43629eaf4e197d2eb7,soccer_argentina_primera_division,Primera División - Argentina,2026-02-15T01:00:00Z,2026-02-15T02:23:55Z,Belgrano de Cordoba @ Independiente Rivadavia,Draw,3.9,3.55,3.75,3.55,3.75,3.65,3.65,4.1,3.75,3.95,3.7,3.8,4.1,,,,,,,,,,,,,,,,,,,,0.2241,0.241,0.2367,0.244,0.2358,0.2377,0.2377,0.2422,0.2438,0.2295,0.2343,0.2436,0.2387,,,,,,,,,,,,,,,,,,,,,,,,,,,,,,,,,,,,,3.0,Not Found
b39dd43c278a98263c450a070de72d9b,basketball_ncaab,NCAAB,2026-02-15T01:53:28Z,2026-02-15T02:34:38Z,Texas Longhorns @ Missouri Tigers,Texas Longhorns,2.26,,,,2.25,,2.15,,2.2,,,2.67,,2.38,2.33,2.22,2.22,,2.15,2.28,2.23,2.32,,,,,,,,,,,0.4126,,,,0.4136,,0.4161,,0.4242,,,0.34,,0.4142,0.4187,0.4203,0.424,,0.422,0.4107,0.4057,0.4069,,,,,,,,,,,2026-02-15,,,,,,,,,,,,,,,Polymarket,2.38,2.0,Not Found
d588e108bfb467264ce16aaf4907cb25,basketball_ncaab,NCAAB,2026-02-15T02:00:00Z,2026-02-15T02:34:38Z,Cal Baptist Lancers @ Utah Tech Trailblazers,Cal Baptist Lancers,1.56,,,,1.48,,1.5,,1.53,,,,,1.72,1.61,1.5,,,1.53,1.51,1.5,,,,,,,,,,,,0.6086,,,,0.6455,,0.6159,,0.6227,,,,,0.5503,0.5758,0.6373,,,0.6094,0.627,0.6232,,,,,,,,,,,,2026-02-15,,,,,,,,,,,,,,,Polymarket,1.72,2.0,Not Found
780c0868037f3b02fdea6adaf4a2447a,basketball_ncaab,NCAAB,2026-02-15T01:49:13Z,2026-02-15T02:50:10Z,Troy Trojans @ Southern Miss Golden Eagles,Southern Miss Golden Eagles,3.3,,,,2.9,,2.75,,2.9,,,,,3.23,3.12,2.49,2.0,,2.5,2.95,2.85,,,,,,,,,,,,0.2698,,,,0.3153,,0.3142,,0.3153,,,,,0.2951,0.3201,0.3719,,,0.3528,0.3072,0.3078,,,,,,,,,,,,2026-02-15,,,,,,,,,,,,,,,Polymarket,3.23,2.0,Not Found
70d71f54008cc55a3cd1f5251046264d,basketball_ncaab,NCAAB,2026-02-15T03:30:00Z,2026-02-15T02:50:10Z,Gonzaga Bulldogs @ Santa Clara Broncos,Gonzaga Bulldogs,1.43,,,,1.4,1.37,1.37,,1.42,,,1.42,,1.45,1.45,1.41,1.45,,1.4,1.4,1.4,1.47,1.41,1.41,1.42,1.42,1.41,1.48,,1.47,,,0.676,,,,0.6905,0.6925,0.6925,,0.6826,,,0.6854,,0.6846,0.6846,0.6885,0.6861,,0.6847,0.6877,0.6877,0.6788,0.6885,0.6885,0.6854,0.6871,0.6728,,,0.6441,,,2026-02-15,,,,,,,,,,,,,,,Polymarket,1.45,2.0,Not Found
9c6a71fd0589d7d12d95a4e4f3094bb3,soccer_mexico_ligamx,Liga MX,2026-02-15T01:06:00Z,2026-02-15T02:50:10Z,Necaxa @ FC Juárez,FC Juárez,4.2,4.2,4.0,3.9,3.4,4.4,4.2,4.9,4.3,4.1,3.8,3.25,5.0,,,,,4.5,4.0,4.1,,,,,,,,,,,,,0.2109,0.1888,0.2137,0.2158,0.2529,0.1975,0.203,0.1981,0.2113,0.2116,0.2201,0.2884,0.1939,,,,,0.208,,0.2116,,,,,,,,,,,,,2026-02-15,,,,,,,,,,,,,,,,,3.0,Not Found
30e71279da99d0f29bfe843ae9cb9a56,basketball_wncaab,WNCAAB,2026-02-15T01:30:00Z,2026-02-15T02:50:10Z,South Carolina Gamecocks @ LSU Tigers,South Carolina Gamecocks,1.53,,,,1.54,,,,1.62,,,,,,1.56,,,,,,1.48,,,,,,,,,,,,0.6185,,,,0.6163,,,,0.5854,,,,,,0.6252,,,,,,0.6321,,,,,,,,,,,,2026-02-15,,,,,,,,,,,,,,,,,2.0,Not Found
99c7ddcc20879aa95419d8d0f9498673,boxing_boxing,Boxing,2026-02-15T08:00:00Z,2026-02-15T06:33:56Z,Mugicha Nakagawa @ Kaito Yamasaki,Kaito Yamasaki,,,,,,1.2,1.2,,,,,1.2,,,,,,,1.18,,,,1.14,1.14,1.17,1.14,1.18,,,,,,,,,,,0.8223,0.8223,,,,,0.818,,,,,,,0.8237,,,,0.8458,0.8458,0.8221,0.8477,0.8257,,,,,,2026-02-15,,,,,,,,,,,,,,,,,2.0,Not Found
09bf8da2a9ab49ed401d5ca56ab26e10,tennis_wta_dubai,WTA Dubai Championships,2026-02-15T08:30:00Z,2026-02-15T06:33:56Z,Kimberly Birrell @ Tatjana Maria,Tatjana Maria,,,,,,3.65,3.65,,3.71,3.6,3.6,3.9,4.0,,,3.66,,3.65,3.6,3.6,3.6,,3.83,3.83,3.75,3.6,3.58,,3.6,3.62,,,,,,,,0.2494,0.2494,,0.2472,0.2513,0.2513,0.2406,0.2433,,,0.249,,0.2494,0.2513,0.2513,0.2513,,0.2399,0.2399,0.2457,0.2483,0.2521,,0.2513,0.2475,,,2026-02-15,,,,,,,,,,,,,,,,,2.0,Not Found
5fb42aa0984977ce6d7dee14b90db5e4,tennis_wta_dubai,WTA Dubai Championships,2026-02-15T08:30:00Z,2026-02-15T06:33:56Z,Qinwen Zheng @ Peyton Stearns,Peyton Stearns,,,,,,3.6,3.6,,3.48,3.4,3.4,3.67,3.65,,,3.47,,3.55,3.3,3.4,3.4,,3.68,3.68,3.6,3.36,3.46,,3.3,3.5,,,,,,,,0.2543,0.2543,,0.2649,0.2683,0.2683,0.2575,0.2693,,,0.2595,,0.2562,0.2756,0.2683,0.2683,,0.2513,0.2513,0.2572,0.27,0.2628,,0.2756,0.2582,,,2026-02-15,,,,,,,,,,,,,,,,,2.0,Not Found
1481c89900b11f60645cad7ce73d15b5,tennis_wta_dubai,WTA Dubai Championships,2026-02-15T08:30:00Z,2026-02-15T07:25:22Z,Elise Mertens @ Marie Bouzkova,Marie Bouzkova,,,,,,2.27,2.27,,2.13,2.23,2.23,2.25,2.3,,,2.29,,2.27,2.3,2.23,2.23,,2.24,2.24,2.35,2.2,2.18,,2.3,2.2,2.15,,,,,,,0.4154,0.4154,,0.444,0.4212,0.4212,0.4298,0.4333,,,0.4153,,0.4154,0.4068,0.4212,0.4212,,0.4274,0.4274,0.4022,0.4279,0.4335,,0.4087,0.4279,0.4239,,2026-02-15,,,,,,,,,,,,,,,,,2.0,Not Found
bbfe4dcd89b5188df8633efe426d2238,tennis_wta_dubai,WTA Dubai Championships,2026-02-15T10:00:00Z,2026-02-15T07:25:22Z,Barbora Krejcikova @ Anastasia Pavlyuchenkova,Anastasia Pavlyuchenkova,,,,,,3.05,3.05,,3.07,3.0,3.0,3.16,3.15,,,3.05,,3.07,3.1,3.0,3.0,,3.14,3.14,3.1,3.1,3.02,,3.1,3.04,2.9,,,,,,,0.3042,0.3042,,0.3032,0.3043,0.3043,0.2985,0.3139,,,0.3068,,0.3005,0.2936,0.3043,0.3043,,0.2969,0.2969,0.299,0.299,0.3059,,0.2936,0.3022,0.3048,,2026-02-15,,,,,,,,,,,,,,,,,2.0,Not Found
dd9b99d2fbc5491023c469d4053edf06,boxing_boxing,Boxing,2026-02-15T10:00:00Z,2026-02-15T07:25:22Z,Bryan Mercado Vazquez @ Ryosuke Nishida,Bryan Mercado Vazquez,,,,,,3.8,3.8,,3.6,,,3.27,,,,,,,3.8,,,,3.09,3.09,3.2,3.25,3.26,,3.5,,,,,,,,,0.2358,0.2358,,,,,,,,,,,,0.2267,,,,,,,,0.2731,,0.2458,,,,2026-02-15,,,,,,,,,,,,,,,,,3.0,Not Found
a350176bb251d2658e435618e29f4843,soccer_japan_j_league,J League,2026-02-15T07:00:00Z,2026-02-15T08:48:28Z,Nagoya Grampus @ Gamba Osaka,Nagoya Grampus,,3.25,3.4,3.1,3.4,3.65,3.65,,4.3,,,4.39,,,,,,,3.4,,,,,,,,,,,,,,,,0.2596,,0.2477,0.2402,0.2402,,0.2099,,,0.2092,,,,,,,0.256,,,,,,,,,,,,,,2026-02-15,,,,,,,,,,,,,,,,,3.0,Not Found
919a03e42278bdc27d988193ab8d7323,tennis_wta_dubai,WTA Dubai Championships,2026-02-15T09:00:00Z,2026-02-15T08:48:28Z,Magdalena Frech @ Peyton Stearns,Magdalena Frech,,,,,,1.6,1.6,,1.79,1.67,1.67,,1.62,,,,,1.87,1.61,1.73,1.71,,,,,,1.82,,1.8,,,,,,,,,0.5903,0.5903,,0.5281,0.5721,0.5543,,0.5728,,,,,0.5096,0.5833,0.5509,0.552,,,,,,0.5272,,0.5278,,,,2026-02-15,,,,,,,,,,,,,,,,,2.0,Not Found
bcbc21b6909659a4d61d2d02e7f6676c,cricket_t20_world_cup,T20 World Cup,2026-02-15T09:30:00Z,2026-02-15T08:48:28Z,Namibia @ USA,Namibia,2.92,,,,,2.7,2.7,3.25,2.9,,2.62,2.97,3.3,,,2.73,,,2.75,,,,,,2.85,,,,2.75,2.65,2.75,,0.3089,,,,,0.3229,0.3229,0.3042,0.3153,,0.353,0.3137,0.3019,,,0.3359,,,0.3142,,,,,,0.3282,,,,0.3346,0.3366,0.3346,,2026-02-15,,,,,,,,,,,,,,,,,2.0,Not Found
b04b1cb2eba641d9ebacaa93fa1e4593,tennis_wta_dubai,WTA Dubai Championships,2026-02-15T10:00:00Z,2026-02-15T09:18:46Z,Cristina Bucsa @ Ella Seidel,Ella Seidel,,,,,,2.17,2.17,,2.2,2.2,2.2,2.21,2.26,,,2.28,,2.2,2.2,2.2,2.2,,2.24,2.24,2.15,2.2,2.18,,2.2,2.2,2.1,,,,,,,0.4363,0.4363,,0.4297,0.4297,0.4297,0.4372,0.4403,,,0.4087,,0.4297,0.4279,0.4297,0.4297,,0.4274,0.4274,0.4402,0.4279,0.4335,,0.4279,0.4279,0.4351,,2026-02-15,,,,,,,,,,,,,,,,,2.0,Not Found
759feabd91596923bbdd2813dee50cc9,tennis_wta_dubai,WTA Dubai Championships,2026-02-15T10:10:00Z,2026-02-15T09:18:46Z,Leylah Fernandez @ Liudmila Samsonova,Leylah Fernandez,,,,,,2.08,2.08,,2.01,2.04,2.04,2.07,2.16,,,2.09,,2.05,2.0,2.04,2.04,,2.02,2.02,2.1,1.91,2.03,,2.0,2.03,1.95,,,,,,,0.4563,0.4563,,0.4725,0.4642,0.4642,0.4683,0.4597,,,0.4519,,0.463,0.4722,0.4642,0.4642,,0.4728,0.4728,0.4556,0.4886,0.4654,,0.4722,0.4654,0.4707,,2026-02-15,,,,,,,,,,,,,,,,,2.0,Not Found
252755fae293186e71b0d98299321a85,soccer_netherlands_eredivisie,Dutch Eredivisie,2026-02-15T11:15:00Z,2026-02-15T10:50:08Z,Go Ahead Eagles @ Feyenoord,Go Ahead Eagles,8.0,5.8,6.25,6.6,7.0,,7.3,8.8,7.5,7.5,7.5,8.16,8.8,,,,,8.25,7.0,8.0,7.5,,7.5,7.5,7.5,7.25,7.65,,7.0,7.4,7.5,6.4,0.0981,0.1277,0.129,0.1184,0.12,,0.1196,0.1125,0.1154,0.1166,0.1049,0.1103,0.1125,,,,,0.1037,0.114,0.1122,0.1099,,0.1218,0.1218,0.1118,0.1149,0.1175,,0.114,0.1112,0.1118,0.1162,2026-02-15,7.8,7.0,0.1053,0.1229,,7.25,,0.1149,6.75,,,,,,,,3.0,Not Found
a1ac280c060668cebfb07e4b65200b4a,soccer_poland_ekstraklasa,Ekstraklasa - Poland,2026-02-15T11:15:00Z,2026-02-15T11:13:09Z,Lechia Gdańsk @ Motor Lublin,Lechia Gdańsk,3.0,2.6,2.7,2.68,2.8,2.82,2.82,3.15,2.9,2.8,2.7,3.09,3.15,,,,,2.9,2.8,2.8,2.75,,3.08,3.08,2.93,2.95,3.0,,,2.94,,2.7,0.3122,0.3358,0.3374,0.3259,0.3332,0.329,0.329,0.316,0.3212,0.3375,0.3387,0.3104,0.316,,,,,0.3288,0.3252,0.3375,0.3387,,0.3093,0.3093,0.313,0.3103,0.3161,,,0.314,,0.3235,2026-02-15,2.95,2.8,0.3098,0.3274,,,,,2.65,,,,,,,,3.0,Not Found
5a16e02af0972172c53e8888aebdd48a,soccer_italy_serie_a,Serie A - Italy,2026-02-15T11:30:00Z,2026-02-15T11:39:50Z,Sassuolo @ Udinese,Udinese,2.6,2.3,2.45,2.37,2.45,2.45,2.45,2.7,2.5,2.6,2.55,2.7,2.68,,,2.57,,2.6,2.4,2.6,2.55,,2.67,2.67,2.55,2.6,2.62,,2.5,2.66,2.6,2.45,0.361,,0.3775,0.3827,0.3756,0.3771,0.3771,0.3669,0.3778,0.3629,0.3648,0.3613,0.3704,,,0.3719,,0.3725,0.3843,0.3629,0.3697,,0.3626,0.3626,0.3725,0.3693,0.3713,,0.3739,0.3632,0.3675,0.3774,2026-02-15,2.4,2.6,0.3886,0.3675,2.44,2.63,0.3869,0.3627,2.4,,0.3849,,,,,,3.0,Not Found
bc39f7c4c6571b3cae278064db701dfe,soccer_fa_cup,FA Cup,2026-02-15T12:00:00Z,2026-02-15T11:39:50Z,Leeds United @ Birmingham City,Leeds United,2.05,1.94,1.98,,2.15,2.18,2.18,2.2,2.1,2.12,2.12,2.09,2.22,,,,,2.15,2.05,2.12,,,2.09,2.12,2.0,2.0,2.07,,2.05,2.09,2.1,2.05,0.4681,0.4759,0.4736,,0.4456,0.4411,0.4411,0.4537,0.4561,0.4486,0.447,0.467,0.4469,,,,,0.4529,0.455,0.4486,,,0.4617,0.4572,0.4676,0.4676,0.4607,,0.455,0.4543,0.4587,0.4549,2026-02-15,,2.1,,0.4532,,,,,,,,,,,,,3.0,Not Found
a56d54c5c5d18a12a42c4de718a5dd65,soccer_belgium_first_div,Belgium First Div,2026-02-15T12:30:00Z,2026-02-15T11:55:41Z,Club Brugge @ Cercle Brugge KSV,Club Brugge,,1.52,1.56,1.48,1.61,1.6,1.6,1.64,1.59,1.62,1.56,1.6,1.64,,,,,1.6,1.6,1.62,1.6,,1.61,1.61,1.66,1.59,1.62,,,1.58,1.6,1.54,,0.6111,0.6072,0.6323,0.6038,0.6039,0.6039,0.6056,0.6116,0.6001,0.6114,0.6131,0.6056,,,,,0.6,0.5928,0.6001,0.602,,0.6084,0.6084,0.5791,0.6066,0.6016,,,0.6086,0.602,0.613,2026-02-15,1.55,,0.6212,,,1.59,,0.6066,,1.59,,0.606,,,,,3.0,Not Found
ce7f99e1c0b913c7c609fd0be996f730,soccer_germany_bundesliga2,Bundesliga 2 - Germany,2026-02-15T12:30:00Z,2026-02-15T11:55:41Z,SC Paderborn @ VfL Bochum,VfL Bochum,2.75,2.45,2.55,2.62,2.75,2.62,2.62,2.94,2.7,2.48,2.45,2.76,2.94,,,,,2.75,2.62,2.48,2.45,,2.65,2.65,2.55,,2.69,,2.62,2.71,2.7,2.45,0.3414,0.361,0.3621,0.3482,0.3444,0.3539,0.3539,0.3376,0.3515,0.3759,0.3767,0.351,0.339,,,,,0.347,0.3492,0.3759,0.3767,,0.3547,0.3547,0.3713,,0.348,,0.3492,0.3449,0.3459,0.3726,2026-02-15,2.8,2.65,0.3371,0.3561,,,,,2.45,2.72,,0.3448,,,,,3.0,Not Found
b5085cc1ac313f645a18bbc9ac58d7df,soccer_spain_la_liga,La Liga - Spain,2026-02-15T13:00:00Z,2026-02-15T13:11:25Z,Athletic Bilbao @ Oviedo,Oviedo,3.5,3.0,3.2,3.15,3.3,3.2,3.2,3.75,3.55,3.3,3.35,3.62,3.8,,,,,3.4,,3.3,,,3.36,3.36,3.6,3.4,3.7,,3.2,3.34,3.3,3.2,0.2646,,0.2829,0.281,0.2723,0.2829,0.2829,0.2634,0.2572,0.2786,0.2732,0.2673,0.2588,,,,,0.2794,,0.2786,,,0.2861,0.2861,0.2586,0.2744,0.2594,,0.2907,0.2886,0.2844,0.2818,2026-02-15,3.6,3.3,0.248,0.2869,3.35,,0.2756,,3.1,,0.2911,,,,,,3.0,Not Found
d5578b79b458761e4fb04a7ac61b2e33,soccer_poland_ekstraklasa,Ekstraklasa - Poland,2026-02-15T13:45:00Z,2026-02-15T13:11:25Z,Arka Gdynia @ Pogoń Szczecin,Pogoń Szczecin,1.59,1.58,1.62,1.58,1.65,1.62,1.62,1.68,1.62,1.71,1.66,1.68,1.68,,,,,1.67,1.61,1.71,1.7,,1.66,1.66,1.63,1.6,1.63,,,1.61,,1.57,0.6039,0.587,0.5847,0.5923,0.5817,0.5877,0.5877,0.5902,0.5955,0.5625,0.5703,0.5811,0.5902,,,,,0.5825,0.5902,0.5625,0.5637,,0.587,0.587,0.5859,0.5976,0.5889,,,0.5945,,0.593,2026-02-15,1.6,1.63,0.5951,0.5833,,,,,1.46,,,,,,,,3.0,Not Found
894159cef0af572fe75695fd50bfcbd5,soccer_belgium_first_div,Belgium First Div,2026-02-15T15:00:00Z,2026-02-15T14:55:58Z,Westerlo @ Royal Antwerp,Draw,,3.3,3.45,3.28,3.5,3.45,3.45,3.5,3.4,3.55,3.4,3.52,3.5,,,,,3.4,3.3,3.55,3.45,,3.4,3.4,3.4,3.45,3.64,,3.3,3.38,3.35,3.3,,0.2578,0.2567,0.2644,0.2648,0.269,0.269,0.2811,0.2753,0.2644,0.2642,0.2728,0.2811,,,,,0.2702,0.2691,0.2644,0.2653,,0.279,0.279,0.2721,0.2735,0.2645,,0.2691,0.272,0.2747,0.2616,2026-02-15,3.3,,0.2793,,,3.4,,0.279,,3.34,,0.2754,,,,,3.0,Not Found
a5b65d77cd063f260438df410059a3dd,soccer_italy_serie_a,Serie A - Italy,2026-02-15T14:00:00Z,2026-02-15T15:35:45Z,Genoa @ Cremonese,Genoa,4.6,4.3,4.7,4.3,4.5,4.6,4.85,5.1,5.0,5.0,4.9,3.23,5.3,,,,,5.0,4.6,5.0,,,,,,,,,,,,,0.1922,0.1827,0.1849,0.1979,0.1944,0.1873,0.1763,0.1928,0.1773,0.1764,0.1777,0.2906,0.1861,,,,,0.1876,0.1846,0.1764,,,,,,,,,,,,,2026-02-15,4.3,,0.2027,,,,,,,,,,,,,,3.0,Not Found
cbc34052b78f4fc88025ef42a9eeb8d6,soccer_italy_serie_a,Serie A - Italy,2026-02-15T14:00:00Z,2026-02-15T15:35:45Z,Hellas Verona @ Parma,Parma,2.7,2.6,2.7,2.52,2.55,2.7,2.75,2.64,2.75,2.95,2.9,1.85,2.74,,,,,2.88,2.62,3.0,,,,,,,,,,,,,0.3441,0.3406,0.3442,0.3584,0.3649,0.3419,0.333,0.374,0.3394,0.3163,0.3172,0.5193,0.3582,,,,,0.3358,0.348,0.311,,,,,,,,,,,,,2026-02-15,2.6,,0.3564,,,,,,,,,,,,,,3.0,Not Found
4008b8296bc717d12743f7fa654ff49f,soccer_turkey_super_league,Turkey Super League,2026-02-15T14:03:00Z,2026-02-15T15:35:45Z,Kayserispor @ Goztepe,Draw,1.61,1.62,1.66,1.68,,1.68,1.72,1.77,,1.75,1.7,2.0,1.71,,,,,1.8,1.65,1.75,,,,,,,,,,,,,0.5887,,0.5655,0.5503,,0.567,0.5542,0.5608,,0.541,0.5451,0.4811,0.5803,,,,,0.5454,0.5711,0.541,,,,,,,,,,,,,2026-02-15,,,,,,,,,,,,,,,,,3.0,Not Found
0c167eb18455dd93b9d61c0b8264996f,soccer_spain_segunda_division,La Liga 2 - Spain,2026-02-15T15:15:00Z,2026-02-15T15:35:45Z,Real Racing Club de Santander @ SD Eibar,Real Racing Club de Santander,3.4,2.8,2.95,2.85,3.1,3.5,3.5,3.35,3.15,3.25,3.15,3.56,3.35,,,,,3.0,,3.15,,,,,,,,,,,,,0.263,,0.3028,0.3081,0.2831,0.2444,0.2444,0.2955,0.2952,0.2817,0.2796,0.2614,0.2949,,,,,0.3076,,0.2831,,,,,,,,,,,,,2026-02-15,2.8,,0.3242,,3.25,,0.2607,,,,,,,,,,3.0,Not Found
fdbc54a62aee18d435e9f889c40f16f6,soccer_france_ligue_one,Ligue 1 - France,2026-02-15T16:15:00Z,2026-02-15T15:35:45Z,Angers @ Lorient,Angers,4.4,4.3,4.4,4.3,4.4,4.15,4.15,4.7,4.4,4.75,4.75,4.7,4.7,,,4.43,,4.75,3.9,4.75,4.6,,4.6,4.6,4.45,4.45,4.58,,3.9,4.45,4.33,4.3,0.2064,0.2073,0.2073,0.2122,0.2064,0.2231,0.2231,0.2108,0.2124,0.1982,0.1982,0.2029,0.2108,,,0.2072,,0.2029,0.2265,0.1982,0.1974,,0.2054,0.2054,0.2036,0.2047,0.2129,,0.2265,0.2141,0.2071,0.2115,2026-02-15,4.5,4.2,0.1991,0.2211,4.25,,0.2149,,4.3,4.4,0.2018,0.2023,,,,,3.0,Not Found
0e43639b6f6d5459792fae67d74f1daa,soccer_chile_campeonato,Primera División - Chile,2026-02-15T15:03:00Z,2026-02-15T15:55:17Z,Deportes Concepción @ Universidad de Concepción,Universidad de Concepción,6.5,5.7,6.0,,6.25,,,7.4,6.5,6.1,5.8,5.91,,,,,,,5.5,,,,,,,,,,,,,,0.1228,,0.1313,,0.1196,,,0.13,0.1324,0.1293,0.1262,0.1478,,,,,,,0.1357,,,,,,,,,,,,,,2026-02-15,,,,,,,,,,,,,,,,,3.0,Not Found
88612b44d4018f12cb08a7bd08edfc63,soccer_spain_segunda_division,La Liga 2 - Spain,2026-02-15T15:15:00Z,2026-02-15T15:55:17Z,AD Ceuta FC @ SD Huesca,SD Huesca,1.5,1.56,1.62,1.5,1.65,1.6,1.6,1.71,1.62,1.66,1.63,2.34,1.72,,,,,1.67,,1.66,,,,,,,,,,,,,0.6344,0.5919,0.5814,,0.571,0.5869,0.5869,0.5817,0.5902,0.5723,0.5725,0.4075,0.5744,,,,,0.5751,,0.5675,,,,,,,,,,,,,2026-02-15,1.55,,0.6131,,,,,,,,,,,,,,3.0,Not Found
c830e5d0088637dceaef5b3720bd45b8,soccer_portugal_primeira_liga,Primeira Liga - Portugal,2026-02-15T15:30:00Z,2026-02-15T15:55:17Z,FC Porto @ Nacional,Nacional,7.5,7.75,8.0,8.75,6.75,8.6,8.6,11.5,9.5,7.0,6.25,7.75,11.5,,,,,9.25,8.0,7.0,,,,,,,,,,,,,0.099,0.0812,0.0906,0.0758,0.1096,0.0814,0.0814,0.0841,0.0815,0.1154,0.1212,0.1101,0.0807,,,,,0.0942,0.0952,0.1154,,,,,,,,,,,,,2026-02-15,8.5,,0.0893,,,,,,,,,,,,,,3.0,Not Found
83ee55416a5fc4f322e7db6315c3bd7f,soccer_italy_serie_b,Serie B - Italy,2026-02-15T16:15:00Z,2026-02-15T15:55:17Z,Reggiana @ Empoli,Empoli,1.77,1.84,1.88,1.82,,1.9,1.92,1.92,1.91,1.96,1.95,1.99,1.92,,,,,1.98,1.91,1.96,1.96,,1.87,1.87,1.91,1.9,1.91,,1.91,1.85,,1.82,0.5344,0.498,0.4988,0.5033,,0.4997,0.4941,0.5182,0.5023,0.4808,0.4813,0.4912,0.5182,,,,,0.4881,0.4943,0.4808,0.4808,,0.516,0.516,0.4956,0.5003,0.5014,,0.4879,0.5169,,0.5026,2026-02-15,1.8,1.97,0.5267,0.4914,,,,,1.74,,,,,,,,3.0,Not Found
5da3aabbca16750dd654f6a340f1e721,soccer_spain_la_liga,La Liga - Spain,2026-02-15T15:15:00Z,2026-02-15T16:32:43Z,Atlético Madrid @ Rayo Vallecano,Atlético Madrid,13.0,14.0,15.0,11.5,12.5,14.0,14.0,16.0,18.0,16.0,15.0,10.74,19.5,,,,,18.0,,16.0,,,,,,,,,,,,,0.0508,0.0354,0.0421,0.0563,0.0556,0.041,0.041,0.0577,0.0299,0.0404,0.0395,0.0731,0.0493,,,,,0.0413,,0.0404,,,,,,,,,,,,,2026-02-15,10.0,,0.0709,,,,,,,,,,,,,,3.0,Not Found
762d51bf1ba3764e0d8e493e71db90fa,handball_germany_bundesliga,Handball-Bundesliga,2026-02-15T15:34:15Z,2026-02-15T16:32:43Z,TVB Stuttgart @ Füchse Berlin,Füchse Berlin,,1.48,1.56,1.52,,,,1.56,,,,,,,,,,1.6,1.53,1.5,,,,,,,,,,,,,,,0.6047,0.6133,,,,,,,,,,,,,,0.6019,,0.6395,,,,,,,,,,,,,2026-02-15,1.55,,0.6131,,,,,,,,,,,,,,3.0,Not Found
15b0a667bc55b1f0bd4ca9ad535ba76e,tennis_wta_dubai,WTA Dubai Championships,2026-02-15T16:40:00Z,2026-02-15T17:00:21Z,Sara Bejlek @ Zeynep Sonmez,Sara Bejlek,1.11,1.11,1.08,,,1.1,1.09,,1.09,1.11,1.09,1.4,1.08,,,,,1.1,1.08,1.11,1.1,,,,,,,,,,,,0.879,0.8705,0.8889,,,0.8805,0.8873,,0.8999,0.8764,0.8767,0.6984,,,,,,0.8841,0.8915,0.8764,0.8745,,,,,,,,,,,,2026-02-15,,,,,,,,,,,,,,,,,2.0,Not Found
f32dbefaba182300a4c45c54cd2b2ff1,soccer_greece_super_league,Super League - Greece,2026-02-15T17:30:00Z,2026-02-15T17:00:21Z,AEK Athens @ PAOK Thessaloniki,AEK Athens,3.4,2.95,3.1,3.43,3.1,3.35,3.35,3.55,3.3,3.1,3.05,3.49,,,,,,3.3,3.0,3.1,,,3.6,3.6,3.2,3.2,3.33,,3.0,,,3.15,0.2746,0.2932,0.2893,0.2575,0.299,0.2784,0.2784,0.277,0.2824,0.2927,0.2962,0.2738,,,,,,0.2877,0.3017,0.2927,,,0.2649,0.2649,0.2805,0.2818,0.2781,,0.3017,,,0.2769,2026-02-15,3.3,3.15,0.2735,0.2844,3.08,,0.2814,,3.0,3.35,,0.2754,,,,,3.0,Not Found
38cc9b02adb56093a1770115ce6168ac,soccer_spl,Premiership - Scotland,2026-02-15T16:31:00Z,2026-02-15T17:36:36Z,Hearts @ Rangers,Hearts,4.5,,,,4.5,4.6,4.6,5.0,4.9,5.1,4.9,4.9,5.0,,,,,4.5,4.2,4.9,,,,,,,,,,,,,0.1907,,,,0.1772,0.1849,0.1849,0.1976,0.1786,0.1732,0.1686,0.185,0.1968,,,,,0.1945,0.2022,0.1745,,,,,,,,,,,,,2026-02-15,5.0,,0.1675,,,,,,,,,,,,,,3.0,Not Found
97e17775d6d93e02bca9e2c2b31527cc,soccer_italy_serie_a,Serie A - Italy,2026-02-15T17:00:00Z,2026-02-15T17:36:36Z,Bologna @ Torino,Torino,3.1,2.9,3.1,3.05,3.1,3.15,3.15,3.3,3.15,3.25,3.25,3.08,3.35,,,,,3.25,3.0,3.25,,,,,,,,,,,,,0.2991,,0.2944,0.3,0.2916,0.2885,0.2885,0.3006,0.2933,0.2828,0.2828,0.3051,0.2983,,,,,0.2927,0.3011,0.2828,,,,,,,,,,,,,2026-02-15,3.3,,0.2739,,,,,,,,,,,,,,3.0,Not Found
fa8081e31fcba4e7134e504d3bb1b12b,soccer_denmark_superliga,Denmark Superliga,2026-02-15T17:00:00Z,2026-02-15T17:36:36Z,Brondby IF @ Viborg FF,Draw,,3.6,3.8,3.6,3.6,3.5,3.65,4.2,3.9,3.9,3.75,3.95,4.2,,,,,3.8,3.75,3.9,,,,,,,,,,,,,,0.2304,0.2292,0.2311,0.2377,0.2652,0.2382,0.2321,0.2329,0.2312,0.2338,0.2328,0.2333,,,,,0.2421,0.2333,0.2312,,,,,,,,,,,,,2026-02-15,4.0,,0.2175,,,,,,,4.05,,0.2222,,,,,3.0,Not Found
f68e9ae02a35c3bdf532063e429482df,basketball_wncaab,WNCAAB,2026-02-15T18:00:00Z,2026-02-15T17:36:36Z,North Carolina Tar Heels @ Duke Blue Devils,Duke Blue Devils,1.2,,,,1.2,,,,1.17,,,,,,1.23,,,,,,1.12,,,,,,,,,,,,0.7976,,,,0.8114,,,,0.8321,,,,,,0.7966,,,,,,0.8555,,,,,,,,,,,,2026-02-15,,,,,,,,,,,,,,,,,2.0,Not Found
d50155bda3669751f6a79842bc809e33,basketball_ncaab,NCAAB,2026-02-15T18:00:00Z,2026-02-15T17:56:52Z,Indiana Hoosiers @ Illinois Fighting Illini,Indiana Hoosiers,4.65,,,,4.4,4.25,4.25,,4.6,,,4.8,,5.0,5.0,4.54,5.0,,4.5,4.35,4.35,5.05,4.54,4.54,4.7,4.3,4.27,4.95,4.5,3.94,,,0.1909,,,,0.2038,0.1975,0.1975,,0.1955,,,0.1875,,0.1935,0.1902,0.2003,0.1968,,0.1944,0.2051,0.2051,0.1925,0.2003,0.2003,0.1897,0.2131,0.2039,0.1808,0.1838,0.2171,,,2026-02-15,,,,,,,,,,,,,,,Polymarket,5.0,2.0,Not Found
f53435cbf05897f7fa29d24d72be2cdf,soccer_germany_bundesliga,Bundesliga - Germany,2026-02-15T16:30:00Z,2026-02-15T17:56:52Z,VfL Wolfsburg @ RB Leipzig,VfL Wolfsburg,1.95,1.74,1.86,1.95,1.91,1.85,1.88,1.99,1.91,1.96,1.94,2.31,1.96,,,,,1.9,1.91,1.96,,,,,,,,,,,,,0.4908,,0.5107,0.4776,0.4936,0.5092,0.5035,0.4996,0.5014,0.4885,0.4885,0.4128,0.5098,,,,,0.5132,0.4934,0.4885,,,,,,,,,,,,,2026-02-15,1.85,,0.5117,,,,,,,1.88,,0.5151,,,,,3.0,Not Found
64ef455a8f4a0b03150e4cab4c0a9970,soccer_spain_segunda_division,La Liga 2 - Spain,2026-02-15T17:31:00Z,2026-02-15T17:56:52Z,Sporting Gijón @ Albacete,Sporting Gijón,2.85,3.3,3.45,3.3,3.3,3.2,3.2,3.55,3.2,3.4,3.25,3.57,3.55,,,,,3.6,,3.3,,,,,,,,,,,,,0.319,,0.2525,0.2604,0.2646,0.2724,0.271,0.2788,0.2868,0.2673,0.2688,0.2607,0.278,,,,,0.2546,,0.2705,,,,,,,,,,,,,2026-02-15,3.4,,0.263,,,,,,,,,,,,,,3.0,Not Found
7b864d6a5f95914b4098493bca7a3532,basketball_ncaab,NCAAB,2026-02-15T17:01:31Z,2026-02-15T18:52:01Z,Maryland Terrapins @ Rutgers Scarlet Knights,Maryland Terrapins,8.5,,,,7.0,,5.6,,6.5,,,,,10.0,10.0,6.22,,,5.75,10.0,9.0,6.9,,,,,,,,,,,0.0871,,,,0.1127,,0.1306,,0.1265,,,,,0.0913,0.0913,0.1299,,,0.1324,0.0692,0.0701,0.1179,,,,,,,,,,,2026-02-15,,,,,,,,,,,,,,,Polymarket,10.0,2.0,Not Found
f9e3ccaaa87f46e5f8794f311e68e7a3,basketball_ncaab,NCAAB,2026-02-15T18:05:06Z,2026-02-15T18:52:01Z,Youngstown St Penguins @ Detroit Mercy Titans,Detroit Mercy Titans,1.34,,,,1.43,,1.4,,1.45,,,,,1.41,1.43,1.42,,,1.4,1.45,1.43,1.4,,,,,,,,,,,0.7144,,,,0.6711,,0.6648,,0.6596,,,,,0.6944,0.6949,0.6735,,,0.672,0.6525,0.6536,0.6835,,,,,,,,,,,2026-02-15,,,,,,,,,,,,,,,Polymarket,1.41,2.0,Not Found
ab467b442c3aa4a48bd1432545201ed9,soccer_belgium_first_div,Belgium First Div,2026-02-15T18:15:00Z,2026-02-15T18:52:01Z,SV Zulte-Waregem @ Sint Truiden,Sint Truiden,,2.85,3.0,2.87,3.3,3.05,3.05,3.35,3.1,3.15,3.05,1.81,3.35,,,,,3.25,2.9,3.1,,,,,,,,,,,,,,,0.298,0.308,0.2706,0.2959,0.2959,0.2922,0.2988,0.2958,0.2941,0.5329,0.2935,,,,,0.2951,0.3091,0.2963,,,,,,,,,,,,,2026-02-15,2.9,,0.3191,,,,,,,1.83,,0.5234,,,,,3.0,Not Found
008444dae0ae01b8f620d441b2f8ef05,basketball_ncaab,NCAAB,2026-02-15T19:00:00Z,2026-02-15T19:19:43Z,Siena Saints @ Marist Red Foxes,Siena Saints,1.57,,,,1.69,,1.53,,,,,,,1.61,1.61,1.58,,,1.53,1.51,1.5,1.61,,,,,,,,,,,0.603,,,,0.5578,,0.6046,,,,,,,0.6106,0.6152,0.6028,,,0.6094,0.6254,0.6206,0.5893,,,,,,,,,,,2026-02-15,,,,,,,,,,,,,,,Polymarket,1.61,2.0,Not Found
d1d09d6aaebffd9802ab173c283ed998,basketball_ncaab,NCAAB,2026-02-15T20:00:00Z,2026-02-15T19:19:43Z,Drake Bulldogs @ Northern Iowa Panthers,Northern Iowa Panthers,1.2,,,,1.22,1.18,1.18,,1.21,,,1.22,,1.23,1.23,1.22,1.23,,1.2,1.2,1.2,1.23,1.22,1.22,1.21,1.22,1.21,1.25,,1.22,,,0.8091,,,,0.7987,0.8061,0.8061,,0.8045,,,0.7995,,0.8065,0.8065,0.8014,0.7999,,0.8056,0.8056,0.8056,0.8065,0.8014,0.8014,0.8009,0.8023,0.7961,,,0.7829,,,2026-02-15,,,,,,,,,,,,,,,Polymarket,1.23,2.0,Not Found
897d99f010bd0f5a95e4b1dac4b32160,soccer_portugal_primeira_liga,Primeira Liga - Portugal,2026-02-15T18:00:00Z,2026-02-15T19:19:43Z,Estoril @ AVS Futebol SAD,Estoril,5.5,4.7,5.0,4.8,5.0,4.85,4.85,6.6,5.5,5.8,5.5,2.06,6.2,,,,,6.25,5.0,5.6,,,,,,,,,,,,,0.15,,0.1631,0.1742,0.1642,0.1712,0.1712,0.1486,0.157,0.1498,0.1474,0.4661,0.1541,,,,,0.147,0.1631,0.1522,,,,,,,,,,,,,2026-02-15,4.7,,0.1837,,,,,,,,,,,,,,3.0,Not Found
16b5d530f57a55476815c2e8cdfd1f61,soccer_argentina_primera_division,Primera División - Argentina,2026-02-15T20:00:00Z,2026-02-15T19:19:43Z,Estudiantes @ Gimnasia La Plata,Estudiantes,2.55,2.35,2.4,2.38,2.5,2.62,2.62,2.78,2.6,2.3,2.32,2.44,2.8,,,,,,,,2.28,,2.7,2.7,2.35,,2.61,,,2.6,2.6,2.35,0.3703,0.3782,0.3845,0.3865,0.3755,0.3592,0.3592,0.3534,0.3644,0.4143,0.4071,0.3984,0.3526,,,,,,,,0.4169,,0.3535,0.3535,0.4027,,0.3607,,,0.3609,0.3598,0.3877,2026-02-15,,,,,,2.5,,0.3746,2.25,,,,,,,,3.0,Not Found
2c3a8617262e7f7cc7fad0817f7c97d9,basketball_ncaab,NCAAB,2026-02-15T19:01:22Z,2026-02-15T19:43:29Z,Wright St Raiders @ Cleveland St Vikings,Cleveland St Vikings,13.0,,,,10.0,,8.5,,15.0,,,,,25.0,14.29,8.94,,,10.0,,,9.5,,,,,,,,,,,0.0483,,,,0.0692,,0.0686,,0.0479,,,,,0.0392,0.0633,0.0797,,,0.0646,,,0.0764,,,,,,,,,,,2026-02-15,,,,,,,,,,,,,,,Polymarket,25.0,2.0,Not Found
49d93f5d9f2bb723d26ec650e29d8513,basketball_ncaab,NCAAB,2026-02-15T19:02:47Z,2026-02-15T19:43:29Z,North Texas Mean Green @ Temple Owls,North Texas Mean Green,4.3,,,,3.7,,4.2,,4.6,,,,,4.76,4.76,3.8,2.0,,4.1,5.3,5.0,3.75,,,,,,,,,,,0.2031,,,,0.2414,,0.188,,0.1885,,,,,0.205,0.205,0.2348,,,0.1982,0.1557,0.1575,0.2396,,,,,,,,,,,2026-02-15,,,,,,,,,,,,,,,Polymarket,4.76,2.0,Not Found
834cd912b2a835db0873d70322278afa,basketball_ncaab,NCAAB,2026-02-15T19:05:42Z,2026-02-15T19:43:29Z,Tulane Green Wave @ UAB Blazers,Tulane Green Wave,1.43,,,,1.36,,1.36,,1.4,,,4.16,,1.43,1.43,1.28,1.37,,1.36,1.38,1.36,1.41,,,,,,,,,,,0.6685,,,,0.7064,,0.6858,,0.6847,,,0.217,,0.6949,0.6949,0.7517,0.6943,,0.6891,0.6899,0.6891,0.6798,,,,,,,,,,,2026-02-15,,,,,,,,,,,,,,,Polymarket,1.43,2.0,Not Found
91f39309326154ee15de0e7153f23725,basketball_ncaab,NCAAB,2026-02-15T19:04:09Z,2026-02-15T19:43:29Z,IUPUI Jaguars @ Fort Wayne Mastodons,Fort Wayne Mastodons,1.15,,,,1.18,,1.15,,1.19,,,,,1.22,1.25,1.15,,,1.15,1.13,1.12,1.19,,,,,,,,,,,0.8377,,,,0.8185,,0.8157,,0.8115,,,,,0.8148,0.7901,0.8394,,,0.8237,0.8532,0.8512,0.8138,,,,,,,,,,,2026-02-15,,,,,,,,,,,,,,,Polymarket,1.22,2.0,Not Found
1e6e6df01f501b4d10c7c9191fab26ac,soccer_germany_liga3,3. Liga - Germany,2026-02-15T18:30:00Z,2026-02-15T19:57:55Z,FC Ingolstadt 04 @ Schweinfurt,Draw,,,1.9,,,1.85,1.85,1.99,,1.94,1.88,2.95,,,,,,1.91,1.85,1.94,,,,,,,,,,,,,,,0.4906,,,0.4973,0.4973,0.4822,,0.4817,0.4879,0.3153,,,,,,0.4935,0.4937,0.4817,,,,,,,,,,,,,2026-02-15,1.9,,0.4977,,,,,,,,,,,,,,3.0,Not Found
5655d4c66e7d8b5fbd652701307abb15,soccer_italy_serie_b,Serie B - Italy,2026-02-15T18:31:00Z,2026-02-15T19:57:55Z,Pescara @ Avellino,Avellino,3.2,3.15,3.3,3.2,3.25,3.3,3.3,,3.45,3.1,2.95,3.04,3.45,,,,,3.4,3.2,3.05,,,,,,,,,,,,,0.2874,,0.2684,0.2684,0.2686,0.2697,0.2697,,0.2677,0.2906,0.294,0.3091,0.2858,,,,,0.2716,0.2738,0.2918,,,,,,,,,,,,,2026-02-15,,,,,,,,,,,,,,,,,3.0,Not Found
62ab1b4f892baf5001873b1ddd293780,soccer_italy_serie_a,Serie A - Italy,2026-02-15T19:45:00Z,2026-02-15T19:57:55Z,AS Roma @ Napoli,Draw,3.7,3.25,3.45,3.3,3.3,3.4,3.4,3.6,3.55,3.15,3.15,2.83,3.6,,,2.81,,3.6,3.3,3.15,,,2.82,2.82,2.8,2.8,2.88,,2.7,2.85,2.8,2.8,0.246,,0.261,0.266,0.271,0.2631,0.2623,0.2748,0.2582,0.2952,0.2928,0.3431,0.2771,,,0.3362,,0.2667,0.2702,0.2952,,,0.3431,0.3431,0.3395,0.3401,0.337,,0.3445,0.3409,0.3401,0.333,2026-02-15,3.6,2.8,0.2484,0.3386,2.85,2.76,0.3346,0.3446,2.65,,0.3478,,,,,,3.0,Not Found
aa97ffea9b4c2cfbc411ead2c999c8ee,soccer_france_ligue_one,Ligue 1 - France,2026-02-15T19:45:00Z,2026-02-15T19:57:55Z,Nice @ Lyon,Nice,4.4,3.55,3.85,4.1,4.0,3.9,3.9,4.6,3.95,4.1,4.0,4.26,4.2,,,4.15,,4.0,3.7,4.1,,,4.2,4.2,4.3,3.86,4.55,,3.75,4.25,3.9,4.0,0.2039,,0.233,0.2074,0.2191,0.2289,0.2289,0.216,0.231,0.2211,0.2237,0.2267,0.2345,,,0.2215,,0.2329,0.2388,0.2211,,,0.227,0.227,0.211,0.2416,0.2094,,0.2408,0.2223,0.2315,0.2311,2026-02-15,4.0,4.0,0.2222,0.2347,3.9,,0.2359,,4.1,3.75,0.2155,0.2495,,,,,3.0,Not Found
a2f18461ea398088f896b50bace96044,baseball_ncaa,NCAA Baseball,2026-02-15T20:30:00Z,2026-02-15T20:39:10Z,Arkansas Razorbacks @ Texas Tech Red Raiders,Texas Tech Red Raiders,3.15,,,,3.0,,,,3.0,,,,,,,,,,3.2,,3.5,,,,3.1,3.06,2.82,,,,,,0.2856,,,,0.2935,,,,0.3017,,,,,,,,,,0.2803,,0.2522,,,,0.2882,0.2903,0.3069,,,,,,2026-02-15,,,,,,,,,,,,,,,,,2.0,Not Found
865138e99e12ec418e0cb083f380ed83,basketball_ncaab,NCAAB,2026-03-01T02:35:00Z,2026-03-01T04:34:35Z,Long Beach St 49ers @ CSU Bakersfield Roadrunners,Long Beach St 49ers,1.82,,,,1.5,,1.38,,1.48,,,,,1.54,1.82,1.88,,,1.4,1.41,1.44,1.47,,,1.69,,,,,,,,0.5196,,,,0.6365,,0.67,,0.6455,,,,,0.6395,0.54,0.5,,,0.672,0.676,0.6472,0.6536,,,0.5736,,,,,,,,2026-03-01,,,,,,,,,,,,,,,Polymarket,1.54,2.0,Not Found
d8b4afb30974fe6360b4ed5e301c2b9f,boxing_boxing,Boxing,2026-03-01T04:35:00Z,2026-03-01T04:34:35Z,Eduardo Nunez @ Emanuel Navarrete,Emanuel Navarrete,2.24,2.1,,2.28,2.3,2.3,2.3,2.24,2.35,2.43,2.35,,,,,,,,2.45,2.43,2.28,,2.24,2.24,,2.15,,,2.5,,2.4,2.35,0.4165,0.4091,,0.3946,0.4087,0.4144,0.4144,,0.4022,0.3952,0.4003,,,,,,,,0.3916,0.3952,0.3946,,0.4146,0.4146,,0.4367,,,0.3732,,0.3997,0.3943,2026-03-01,,,,,,2.2,,0.4279,,,,,,,,,2.0,Not Found
0cf7ec5929a9e48e18382fbad041cf7b,soccer_japan_j_league,J League,2026-03-01T07:00:00Z,2026-03-01T04:34:35Z,Mito HollyHock @ Kawasaki Frontale,Draw,,3.7,3.85,3.7,3.7,3.8,3.8,,3.9,,,4.09,,,,,,,,,,,,,,,,,,3.92,,3.6,,0.2245,0.2279,0.2303,0.2459,0.2359,0.2359,,0.2377,,,0.232,,,,,,,,,,,,,,,,,,0.2308,,0.2314,2026-03-01,,,,,3.65,,0.2267,,,,,,,,,,3.0,Not Found
ea563fb24bd9c7bf16ee010f87d1cf85,soccer_russia_premier_league,Premier League - Russia,2026-03-01T10:00:00Z,2026-03-01T04:34:35Z,Kryliya Sovetov @ Dinamo Moscow,Dinamo Moscow,,,,,,,,,,,,1.4,,,,,,,,,,,1.38,,1.31,,1.44,,,1.41,,,,,,,,,,,,,,0.7009,,,,,,,,,,,0.6963,,0.7339,,0.6899,,,0.6981,,,2026-03-01,,,,,,,,,,,,,,,,,3.0,Not Found
5e546d03bb9e171c0e01a422e3c90b8d,soccer_japan_j_league,J League,2026-03-01T05:00:00Z,2026-03-01T05:39:21Z,Nagoya Grampus @ Fagiano Okayama,Fagiano Okayama,,2.9,3.05,2.85,3.2,3.15,3.15,,3.4,,,3.27,,,,,,,3.2,,,,,,,,,,,,,,,,0.2924,,0.2685,0.2788,0.2826,,0.2715,,,0.2851,,,,,,,0.2756,,,,,,,,,,,,,,2026-03-01,,,,,2.95,,,,,,,,,,,,3.0,Not Found
b35739acbe5ac35995dd6df900e38b06,soccer_netherlands_eredivisie,Dutch Eredivisie,2026-03-01T11:15:00Z,2026-03-01T05:39:21Z,Ajax @ FC Zwolle,Ajax,1.77,1.7,1.76,1.73,1.83,1.9,1.9,1.89,1.83,1.78,1.72,1.88,1.88,,,,,1.83,1.8,1.8,1.75,,1.85,1.85,,1.84,1.86,,1.8,1.81,1.83,1.71,0.5412,0.5412,0.5362,0.5443,0.5267,0.5097,0.5097,0.5254,0.5277,0.5453,0.5522,0.5202,0.5253,,,,,0.531,0.5247,0.543,0.5476,,0.5249,0.5249,,0.5225,0.5234,,0.5247,0.5289,0.5233,0.5488,2026-03-01,1.77,1.81,0.5412,0.5317,,1.83,,0.533,1.64,,,,,,,,3.0,Not Found
806dc5194c0f79a2f98b1ca7444608aa,soccer_poland_ekstraklasa,Ekstraklasa - Poland,2026-03-01T11:15:00Z,2026-03-01T05:39:21Z,Radomiak Radom @ Nieciecza,Nieciecza,2.9,2.6,2.7,2.75,2.8,2.82,2.82,3.05,2.95,2.8,2.7,2.99,3.05,,,,,2.95,2.8,2.8,2.8,,3.0,3.0,,2.85,2.88,,,2.86,,,0.3231,,0.33,0.3227,0.3313,0.3264,0.3264,0.3205,0.3205,0.3352,0.3369,0.3215,0.3205,,,,,0.3222,0.328,0.3352,0.3326,,0.3197,0.3197,,0.3225,0.3228,,,0.3232,,,2026-03-01,2.85,2.8,0.3211,0.326,,,,,2.65,,,,,,,,3.0,Not Found
403a6d0f0bf398f826fbc99d1e86c652,cricket_international_t20,International Twenty20,2026-03-01T05:15:00Z,2026-03-01T06:28:11Z,Kuwait @ Hong Kong,Hong Kong,2.0,,,,,1.65,1.75,2.04,1.87,,,,,,,,,,,,,,,,,,,,,,,,0.4675,,,,,0.553,0.5226,0.4626,0.5056,,,,,,,,,,,,,,,,,,,,,,,,2026-03-01,,,,,,,,,,,,,,,,,2.0,Not Found
73021ceac9f67f22a4e0ec8d2b5db7af,soccer_spl,Premiership - Scotland,2026-03-01T12:00:00Z,2026-03-01T06:28:11Z,Celtic @ Rangers,Celtic,3.0,,,,2.88,2.98,2.98,3.15,2.95,2.95,2.9,3.09,3.15,,,,,3.15,2.9,2.95,2.9,,3.0,3.0,2.95,2.95,2.98,,2.9,2.97,3.0,2.8,0.3114,,,,0.3232,0.3097,0.3097,0.3135,0.3211,0.3173,0.3164,0.3128,0.3135,,,,,0.3009,0.3191,0.3173,0.3164,,0.3197,0.3197,0.3122,0.3122,0.3131,,0.3191,0.3124,0.3092,0.3175,2026-03-01,2.95,2.8,0.309,0.3232,,,,,2.7,,,,,,,,3.0,Not Found
8c76b8541acf6858114948bf40b50f1b,soccer_korea_kleague1,K League 1,2026-03-01T07:30:00Z,2026-03-01T07:10:56Z,Gwangju FC @ Jeju United FC,Draw,,2.85,2.95,2.75,2.9,2.92,2.92,3.1,3.05,2.95,3.0,3.05,3.15,,,,,3.0,,2.95,2.95,,3.08,3.08,2.93,,2.95,,2.88,2.95,,2.75,,0.3027,0.3069,,0.319,0.3121,0.3121,0.3174,0.3106,0.3014,0.3014,0.3151,0.3133,,,,,0.3137,,0.3014,0.3014,,0.3105,0.3105,0.3127,,0.3168,,0.3157,0.3153,,,2026-03-01,2.85,,0.3212,,2.78,,0.3133,,2.65,,,,,,,,3.0,Not Found
6a4e6c2ab484048f8235eedaadf8314b,soccer_germany_bundesliga2,Bundesliga 2 - Germany,2026-03-01T12:30:00Z,2026-03-01T07:10:56Z,Karlsruher SC @ 1. FC Magdeburg,Karlsruher SC,4.8,4.1,4.4,4.55,4.5,4.55,4.55,5.2,4.6,4.1,4.1,5.03,5.2,,,,,4.75,4.5,4.1,4.1,,4.85,4.85,4.5,,4.54,,4.5,4.6,4.75,4.55,0.1868,0.1973,0.1971,0.1868,0.2049,0.1923,0.1923,0.1883,0.1967,0.2182,0.2182,0.1868,0.1898,,,,,0.1934,0.1898,0.2182,0.2182,,0.1943,0.1943,0.1982,,0.1978,,0.1898,0.1932,0.1873,0.1839,2026-03-01,4.6,4.7,0.1975,0.1928,,,,,4.3,4.75,,0.1886,,,,,3.0,Not Found
2a6d88b49e4fddc1e4c8a1b59a0ba314,soccer_italy_serie_a,Serie A - Italy,2026-03-01T11:30:00Z,2026-03-01T08:45:25Z,AC Milan @ Cremonese,AC Milan,1.42,1.38,1.4,1.39,1.44,1.41,1.41,1.46,1.39,1.44,1.4,1.44,1.46,,,1.43,,1.46,1.4,1.44,1.4,,1.44,1.44,1.4,1.4,1.47,,1.4,1.42,1.4,1.38,0.6854,0.6979,0.6955,0.6975,0.6778,0.6934,0.6934,0.6835,0.6927,0.6846,0.6921,0.6842,0.6843,,,0.6833,,0.675,0.6857,0.6846,0.6921,,0.6822,0.6822,0.6959,0.6959,0.6747,,0.6881,0.6912,0.6954,0.7011,2026-03-01,1.4,1.41,0.6943,0.6914,1.37,1.44,0.7096,0.6822,1.4,,0.6893,,,,,,3.0,Not Found
4bd1b2c0c06032563cb077be6a1eb3fd,soccer_germany_bundesliga2,Bundesliga 2 - Germany,2026-03-01T12:30:00Z,2026-03-01T08:45:25Z,1. FC Nürnberg @ Hertha Berlin,Hertha Berlin,2.0,1.9,1.96,1.92,2.0,2.0,2.0,2.12,2.05,1.93,1.92,2.06,2.12,,,,,2.0,1.95,1.93,1.92,,2.0,2.0,2.0,,2.02,,1.95,2.0,2.0,1.89,0.476,0.4801,0.4796,0.4879,0.4785,0.4733,0.4733,0.4699,0.4693,0.4934,0.494,0.4742,0.4699,,,,,0.4825,0.4762,0.4934,0.494,,0.484,0.484,0.476,,0.4726,,0.4762,0.4759,0.4775,0.4927,2026-03-01,1.97,2.02,0.4866,0.474,,,,,1.85,2.0,,0.477,,,,,3.0,Not Found
59eae5425f349255aee4f9ee2dc05aee,soccer_germany_bundesliga2,Bundesliga 2 - Germany,2026-03-01T12:30:00Z,2026-03-01T10:37:35Z,SC Preußen Münster @ Eintracht Braunschweig,Draw,3.2,3.15,3.3,3.22,3.25,3.2,3.2,3.4,3.3,3.25,3.25,3.35,3.4,,,,,3.25,3.1,3.25,3.25,,3.32,3.32,3.25,,3.2,,3.1,3.18,3.25,3.2,0.29,0.27,0.2738,0.2776,0.2869,0.2852,0.2852,0.2911,0.2837,0.2801,0.2801,0.2872,0.2919,,,,,0.2912,0.2878,0.2801,0.2801,,0.2893,0.2893,0.2865,,0.2886,,0.2878,0.2903,0.2845,0.2746,2026-03-01,3.2,3.3,0.2922,0.2837,,,,,2.9,3.25,,0.2844,,,,,3.0,Not Found
848f73b77bab7fd386b6d45977dc44eb,soccer_belgium_first_div,Belgium First Div,2026-03-01T12:30:00Z,2026-03-01T11:30:26Z,Gent @ Genk,Genk,,1.64,1.68,1.67,1.74,1.72,1.72,1.79,1.71,1.73,1.68,1.76,1.78,,,,,1.72,1.73,1.73,1.71,,1.75,1.75,1.7,1.7,1.74,,1.73,1.7,1.7,1.64,,0.5655,0.5614,0.5655,0.554,0.5597,0.5597,0.5564,0.5623,0.5591,0.5667,0.5566,0.5585,,,,,0.5586,0.5504,0.5591,0.5625,,0.5597,0.5597,0.5636,0.5636,0.5587,,0.5504,0.5639,0.5652,0.5696,2026-03-01,1.67,,0.5751,,,1.7,,0.5636,,1.71,,0.5621,,,,,3.0,Not Found
1ba56c8f2a75b10e817a2226420ed2de,icehockey_sweden_allsvenskan,HockeyAllsvenskan,2026-03-01T13:00:00Z,2026-03-01T11:57:47Z,Västerås IK @ Almtuna IS,Västerås IK,,,,,,2.05,2.05,,,2.65,2.65,2.03,,,,,,2.85,,2.65,,,,,2.05,,2.67,,,2.64,,,,,,,,,,,,0.3529,0.3529,,,,,,,0.3338,,0.3529,,,,,,,0.3447,,,0.3462,,,2026-03-01,,2.55,,0.3541,,,,,,,,,,,,,3.0,Not Found
efdba1b5f1a4ed33c61b826db89aa6a7,cricket_t20_world_cup,T20 World Cup,2026-03-01T13:30:00Z,2026-03-01T13:07:57Z,West Indies @ India,West Indies,4.3,,,,,4.0,4.0,5.1,4.1,,4.5,4.12,5.0,,,4.22,,,3.9,,,,,,4.25,,,,4.5,3.92,3.75,,0.2031,,,,,0.2013,0.2013,0.1948,0.2187,,0.1944,0.2181,0.1968,,,0.212,,,0.2045,,,,,,0.2144,,,,0.1838,0.2143,0.2333,,2026-03-01,,,,,,,,,,,,,,,,,2.0,Not Found
08b036a6f5ce586c455e147652161761,soccer_netherlands_eredivisie,Dutch Eredivisie,2026-03-01T13:30:00Z,2026-03-01T13:48:41Z,Feyenoord @ FC Twente Enschede,Feyenoord,3.2,2.9,3.05,3.05,3.0,3.15,3.15,3.2,3.15,3.0,2.88,3.2,3.05,,,,,3.25,3.0,3.0,,,,,3.1,,,,,,,,0.277,,0.2906,0.3016,0.2943,0.2858,0.2858,0.3103,0.2933,0.3135,0.3153,0.2928,0.3206,,,,,0.2951,0.2958,0.3135,,,,,0.3043,,,,,,,,2026-03-01,3.0,,0.306,,,,,,,,,,,,,,3.0,Not Found
36de7857a7d323aef313d69e3445f28d,soccer_spain_segunda_division,La Liga 2 - Spain,2026-03-01T13:01:00Z,2026-03-01T14:12:37Z,Deportivo La Coruña @ Real Sociedad B,Draw,2.2,2.05,2.15,2.18,2.1,2.15,2.15,2.42,2.25,2.23,2.18,2.26,2.3,,,,,2.2,,,,,,,2.3,,,,,,,,0.4228,,0.429,0.4154,0.4368,0.4312,0.4312,0.41,0.4223,0.4213,0.4206,0.4227,0.4305,,,,,0.43,,,,,,,0.414,,,,,,,,2026-03-01,2.2,,0.4247,,,,,,,,,,,,,,3.0,Not Found
5108d33adb52b2ccf7de2a7db94856cb,soccer_spain_segunda_division,La Liga 2 - Spain,2026-03-01T15:15:00Z,2026-03-01T14:12:37Z,AD Ceuta FC @ CD Mirandés,CD Mirandés,2.25,2.15,2.25,2.17,2.25,2.25,2.25,2.36,2.3,2.4,2.35,2.32,2.38,,,,,2.3,,2.4,,,2.34,2.34,2.22,,2.32,,2.25,2.25,,2.1,0.4179,0.4174,0.4128,0.4276,0.4146,0.4146,0.4146,0.4203,0.4164,0.3936,0.3959,0.42,0.418,,,,,0.418,,0.3936,,,0.4119,0.4119,0.4226,,0.4173,,0.4137,0.4202,,0.4286,2026-03-01,2.25,2.22,0.4156,0.4186,2.17,2.34,0.422,0.4119,2.05,,,,,,,,3.0,Not Found
a35a9181ba08069940280f3196cd9b9e,soccer_france_ligue_one,Ligue 1 - France,2026-03-01T14:00:00Z,2026-03-01T14:44:10Z,Nice @ Paris FC,Nice,8.0,6.5,7.0,7.5,6.75,7.2,7.2,7.2,7.5,6.75,6.75,7.36,7.8,,,,,8.0,5.5,6.75,,,,,6.5,,,,,,,,0.0986,0.1045,0.1148,0.1022,0.1198,0.1078,0.1078,0.1345,0.1123,0.1231,0.1231,0.1162,0.1248,,,,,0.1111,0.1466,0.1231,,,,,0.1347,,,,,,,,2026-03-01,6.5,,0.126,,,,,,,6.2,,0.1433,,,,,3.0,Not Found
5c9e8a5751a1298c4df865b4c9481a3f,handball_germany_bundesliga,Handball-Bundesliga,2026-03-01T14:00:03Z,2026-03-01T14:44:10Z,TVB Stuttgart @ GWD Minden,TVB Stuttgart,,1.24,1.28,1.27,,,,1.28,,,,,,,,,,,,1.22,,,,,,,,,,,,,,,0.7463,0.746,,,,,,,,,,,,,,,,0.7934,,,,,,,,,,,,,2026-03-01,1.3,,0.7379,,,,,,,,,,,,,,3.0,Not Found
fc5c35e7f20b61154b7e70e734e95ca6,soccer_poland_ekstraklasa,Ekstraklasa - Poland,2026-03-01T13:45:00Z,2026-03-01T14:59:31Z,Legia Warszawa @ Jagiellonia Białystok,Legia Warszawa,11.0,8.5,9.5,9.0,9.0,9.6,9.6,11.5,10.5,10.5,10.0,8.97,12.0,,,,,11.0,8.5,11.0,,,,,9.5,,,,,,,,0.0601,0.0704,0.0725,0.0693,0.0722,0.0664,0.0664,0.0821,0.0726,0.0647,0.057,0.0902,0.078,,,,,0.0681,0.086,0.06,,,,,0.0765,,,,,,,,2026-03-01,10.0,,0.0698,,,,,,,,,,,,,,3.0,Not Found
9fa66e584265a7c3e22e1c85df8ccb1d,soccer_belgium_first_div,Belgium First Div,2026-03-01T15:00:00Z,2026-03-01T15:52:16Z,Union Saint-Gilloise @ Westerlo,Union Saint-Gilloise,,1.42,1.45,1.41,1.54,1.45,1.45,1.55,1.49,1.48,1.44,1.53,1.55,,,,,1.5,1.53,1.48,,,,,1.48,,,,,,,,,0.6565,0.6553,0.6647,0.6206,0.6583,0.6583,0.6404,0.6488,0.651,0.6554,0.6325,0.6418,,,,,0.6514,0.6187,0.651,,,,,0.6477,,,,,,,,2026-03-01,1.45,,0.6599,,,,,,,1.53,,0.6316,,,,,3.0,Not Found
ff82897598a935d7b4dabd1c4d71cd05,soccer_denmark_superliga,Denmark Superliga,2026-03-01T16:00:00Z,2026-03-01T15:52:16Z,AGF Aarhus @ Vejle Boldklub,Draw,4.2,4.1,4.3,3.98,4.33,4.2,4.2,4.5,4.4,4.25,4.2,4.49,4.5,,,4.4,,4.2,4.0,4.25,4.25,,4.55,4.55,4.1,4.3,4.33,,4.0,4.3,4.33,3.95,0.2113,0.1996,0.1993,0.204,0.2088,0.2153,0.2153,0.2188,0.2104,0.2156,0.2092,0.2101,0.2188,,,0.2072,,0.2215,0.2111,0.2156,0.2142,,0.2082,0.2082,0.2135,0.2104,0.2082,,0.2111,0.2087,0.2088,0.2069,2026-03-01,4.1,4.4,0.2154,0.2075,,4.1,,0.2135,3.7,4.3,,0.2096,,,,,3.0,Not Found
2d5277fc7052fd998d2fc7ad8542480c,soccer_denmark_superliga,Denmark Superliga,2026-03-01T16:00:00Z,2026-03-01T15:52:16Z,FC Nordsjaelland @ Viborg FF,Draw,3.7,3.6,3.75,3.5,3.7,3.65,3.65,3.95,3.85,3.75,3.65,3.81,3.95,,,3.74,,3.75,3.5,3.75,3.75,,4.0,4.0,3.65,3.75,3.68,,3.5,3.72,3.65,3.5,0.2473,0.2306,0.2316,0.2394,0.2437,0.2514,0.2514,0.2497,0.2402,0.2466,0.2445,0.2509,0.2511,,,0.2475,,0.2517,0.254,0.2466,0.2452,,0.233,0.233,0.2443,0.2413,0.249,,0.254,0.2448,0.248,0.2402,2026-03-01,3.6,3.8,0.2484,0.2444,,3.65,,0.2443,3.3,3.68,,0.2487,,,,,3.0,Not Found
4572b3ecf6129e2d1258f19f9e582513,soccer_spain_la_liga,La Liga - Spain,2026-03-01T15:19:00Z,2026-03-01T16:19:13Z,CA Osasuna @ Valencia,Draw,2.15,2.0,2.15,2.2,2.15,2.15,2.15,2.38,2.2,2.15,2.14,2.2,2.38,,,,,2.25,,2.15,,,,,2.25,,,,,,,,0.4403,,0.4359,0.4271,0.4359,0.4351,0.4351,0.4187,0.4317,0.4422,0.4425,0.4347,0.4198,,,,,0.4308,,0.4422,,,,,0.4238,,,,,,,,2026-03-01,2.2,,0.4252,,,,,,,,,,,,,,3.0,Not Found
92f369c7373b4cab63f1a692ea66753c,handball_germany_bundesliga,Handball-Bundesliga,2026-03-01T15:30:57Z,2026-03-01T16:19:13Z,Bergischer HC @ SC DHfK Leipzig,SC DHfK Leipzig,,2.05,2.25,2.2,,2.15,2.15,,,,,,,,,,,2.2,2.05,,,,,,,,,,,,,,,,0.4074,0.4121,,0.4278,0.4278,,,,,,,,,,,0.43,,,,,,,,,,,,,,,2026-03-01,2.3,,0.4052,,,,,,,,,,,,,,3.0,Not Found
1757f36312f7485712b3a2a9f4c1c08a,soccer_portugal_primeira_liga,Primeira Liga - Portugal,2026-03-01T15:32:00Z,2026-03-01T16:19:13Z,Santa Clara @ Tondela,Tondela,3.2,2.95,3.1,3.0,3.2,3.15,3.15,3.75,3.25,3.4,3.25,3.2,3.6,,,,,3.55,3.25,3.4,,,,,3.2,,,,,,,,0.2826,,0.2848,0.3045,0.2718,0.2852,0.2852,0.2649,0.2845,0.27,0.2722,0.2923,0.2743,,,,,0.2688,0.2759,0.27,,,,,0.2855,,,,,,,,2026-03-01,3.2,,0.2849,,,,,,,,,,,,,,3.0,Not Found
fb61d636e9576c2c6a71ae7c2f04d19f,soccer_turkey_super_league,Turkey Super League,2026-03-01T17:00:00Z,2026-03-01T16:19:13Z,Fenerbahce @ Antalyaspor,Fenerbahce,1.48,1.48,1.5,1.49,,1.5,1.51,1.55,,1.45,1.45,1.56,1.56,,,1.55,,1.53,1.5,1.45,1.44,,1.55,1.55,1.52,1.53,1.55,,,1.51,1.53,1.46,0.6531,0.6371,0.6343,0.6389,,0.6417,0.6374,0.6426,,0.6631,0.6631,0.628,0.6386,,,0.6252,,0.6364,0.6338,0.6631,0.6654,,0.6343,0.6343,0.6301,0.6337,0.6349,,,0.638,0.6322,0.648,2026-03-01,1.5,1.54,0.6471,0.6312,,,,,1.34,,,,,,,,3.0,Not Found
2c9fea6f93167b0899ba0610d1f7baf5,soccer_germany_bundesliga,Bundesliga - Germany,2026-03-01T16:30:00Z,2026-03-01T16:47:27Z,SC Freiburg @ Eintracht Frankfurt,Draw,3.3,2.9,3.1,3.15,3.0,3.15,3.15,3.4,3.15,3.1,3.1,3.2,3.3,,,,,3.25,3.2,3.1,,,,,3.25,,,,,,,,0.2797,,0.2933,0.2901,0.3006,0.289,0.289,0.2939,0.293,0.299,0.2973,0.293,0.298,,,,,0.2947,0.2777,0.299,,,,,0.2882,,,,,,,,2026-03-01,3.2,,0.2837,,3.55,,0.261,,,3.4,,0.2764,,,,,3.0,Not Found
7e31dc0e74129f80c8fc9e082f012f0e,soccer_greece_super_league,Super League - Greece,2026-03-01T18:00:00Z,2026-03-01T17:38:31Z,Aris Thessaloniki @ Panathinaikos,Draw,3.2,3.1,3.2,3.13,3.2,3.35,3.35,3.45,3.3,3.2,3.15,3.33,,,,,,,3.1,3.2,,,3.32,3.32,3.15,3.15,3.22,,3.1,,,3.1,0.2838,0.2766,0.2776,0.2792,0.287,0.2788,0.2788,0.2869,0.2835,0.2853,0.284,0.2865,,,,,,,0.2912,0.2853,,,0.2863,0.2863,0.2857,0.2857,0.2881,,0.2912,,,0.2833,2026-03-01,3.2,3.1,0.2827,0.2895,3.05,,0.2838,,2.9,3.27,,0.2828,,,,,3.0,Not Found
e97833cccfb2e4af02143db6117efaff,soccer_france_ligue_one,Ligue 1 - France,2026-03-01T16:15:00Z,2026-03-01T17:55:05Z,Auxerre @ Lorient,Auxerre,7.0,5.5,6.0,6.4,5.75,5.35,6.3,7.0,6.5,7.0,7.0,5.4,7.6,,,,,6.5,6.5,7.0,,,,,6.5,,,,,,,,0.1145,0.133,0.1388,0.1306,0.1477,0.1561,0.1281,0.1385,0.1302,0.1146,0.1146,0.1658,0.1262,,,,,0.1372,0.1241,0.1146,,,,,0.1311,,,,,,,,2026-03-01,7.0,,0.115,,,,,,,4.85,,0.1884,,,,,3.0,Not Found
fbcc6b169a918655ebaecbb2c5dc05b8,soccer_france_ligue_one,Ligue 1 - France,2026-03-01T16:15:00Z,2026-03-01T17:55:05Z,Brest @ Metz,Draw,4.0,3.7,4.0,4.0,3.5,3.65,3.9,4.2,4.0,4.0,4.0,3.37,4.1,,,,,4.0,3.8,4.0,,,,,3.6,,,,,,,,0.2231,0.2314,0.2269,0.2237,0.2619,0.2425,0.228,0.2354,0.2271,0.2308,0.2229,0.2758,0.2375,,,,,0.2342,0.2301,0.2308,,,,,0.2564,,,,,,,,2026-03-01,3.8,,0.2338,,,,,,,3.4,,0.2771,,,,,3.0,Not Found
048fc4fcf5a6d5f315c0313ea752c931,basketball_ncaab,NCAAB,2026-03-01T19:00:00Z,2026-03-01T18:34:44Z,Murray St Racers @ Bradley Braves,Murray St Racers,2.64,,,,2.5,2.45,2.45,,2.54,,2.4,2.47,,2.63,2.63,2.55,2.56,,2.5,2.43,2.43,2.62,2.53,2.53,2.5,2.5,2.62,2.62,2.5,2.39,2.55,,0.3538,,,,0.3753,0.3707,0.3707,,0.3722,,0.3858,0.384,,0.3756,0.3696,0.3714,0.3808,,0.3667,0.3852,0.3852,0.3724,0.3792,0.3792,0.3815,0.3815,0.346,,0.3667,0.3824,0.3776,,2026-03-01,,,,,,,,,,,,,,,Polymarket,2.63,2.0,Not Found
4d2e09c1334ffdabd62bc3dfce394613,tennis_wta_indian_wells,WTA Indian Wells,2026-03-01T15:00:00Z,2026-03-01T19:00:36Z,Nikola Bartunkova @ Emerson Jones,Emerson Jones,,,,,,9.0,7.75,,,,,11.39,,,,,,,10.0,,,,,,11.0,,,,,,,,,,,,,0.0654,0.0837,,,,,0.0809,,,,,,,0.0692,,,,,,0.0693,,,,,,,,2026-03-01,,,,,,,,,,,,,,,,,2.0,Not Found
a412f16dab9262b817f1a2a3b5b59159,baseball_ncaa,NCAA Baseball,2026-03-01T17:01:11Z,2026-03-01T19:47:31Z,Iowa Hawkeyes @ Oregon St Beavers,Iowa Hawkeyes,3.65,,,,3.2,,,,4.9,,,,,,,,,,,,3.75,,,,2.5,,,,,,,,0.2402,,,,0.2746,,,,0.1747,,,,,,,,,,,,0.2268,,,,0.3667,,,,,,,,2026-03-01,,,,,,,,,,,,,,,,,2.0,Not Found
cffd15b39852f0ac374672ebca6f3442,soccer_germany_bundesliga,Bundesliga - Germany,2026-03-01T18:30:00Z,2026-03-01T19:47:31Z,RB Leipzig @ Hamburger SV,Draw,4.6,4.3,4.7,4.75,4.6,4.6,4.6,4.8,5.0,4.75,4.7,4.6,4.9,,,,,4.85,4.4,4.75,,,,,4.75,,,,,,,,0.1915,0.1896,0.188,0.183,0.1942,0.1899,0.1899,0.2056,0.1778,0.189,0.1884,0.1978,0.2004,,,,,0.1882,0.1951,0.189,,,,,0.1896,,,,,,,,2026-03-01,4.7,,0.1829,,,,,,,4.9,,0.1852,,,,,3.0,Not Found
ed79c7f0be6c42f5aff49ca98ac37b75,basketball_wncaab,WNCAAB,2026-03-01T19:00:00Z,2026-03-01T19:47:31Z,Iowa State Cyclones @ Kansas St Wildcats,Kansas St Wildcats,1.65,,,,1.67,,,,1.65,,,,,,1.75,,,,,,1.7,,,,,,,,,,,,0.5715,,,,0.5668,,,,0.5758,,,,,,0.5711,,,,,,0.5441,,,,,,,,,,,,2026-03-01,,,,,,,,,,,,,,,,,2.0,Not Found
974c5a1d9e803ee972980141fd3b8867,basketball_ncaab,NCAAB,2026-03-01T19:00:00Z,2026-03-01T19:58:51Z,Saint Peter's Peacocks @ Marist Red Foxes,Saint Peter's Peacocks,2.68,,,,2.54,,2.42,,,,,,,2.86,3.12,2.61,2.4,,2.4,2.8,2.7,,,,,,,,,,,,0.3417,,,,0.3635,,0.3641,,,,,,,0.3459,0.3154,0.3537,,,0.375,0.324,0.328,,,,,,,,,,,,2026-03-01,,,,,,,,,,,,,,,Polymarket,2.86,2.0,Not Found
7b3de2cf6175e85d251f48b501b0e157,basketball_ncaab,NCAAB,2026-03-01T19:00:00Z,2026-03-01T19:58:51Z,Iona Gaels @ Manhattan Jaspers,Iona Gaels,1.17,,,,1.24,,1.16,,,,,,,1.2,1.2,1.23,,,1.18,1.19,1.19,,,,1.24,,,,,,,,0.8253,,,,0.775,,0.812,,,,,,,0.8216,0.8267,0.7846,,,0.8018,0.8052,0.7952,,,,0.7734,,,,,,,,2026-03-01,,,,,,,,,,,,,,,Polymarket,1.2,2.0,Not Found
87310fb970dc3c3bd3d7182ba764987a,soccer_belgium_first_div,Belgium First Div,2026-03-01T18:15:00Z,2026-03-01T19:58:51Z,Dender @ Cercle Brugge KSV,Dender,,7.5,7.75,7.5,6.75,8.2,8.2,8.0,8.5,8.0,7.5,5.96,9.4,,,,,8.5,8.5,8.0,,,,,8.0,,,,,,,,,0.0858,0.0952,0.0896,0.1176,0.0911,0.0911,0.1232,0.0943,0.1023,0.0997,0.1478,0.0977,,,,,0.1062,0.0833,0.1002,,,,,0.0981,,,,,,,,2026-03-01,8.5,,0.0893,,,,,,,7.8,,0.1068,,,,,3.0,Not Found
cd3039edab176e297ad8e73bda4b4156,basketball_wncaab,WNCAAB,2026-03-01T19:00:00Z,2026-03-01T19:58:51Z,Minnesota Golden Gophers @ Illinois Fighting Illini,Minnesota Golden Gophers,1.23,,,,1.22,,,,1.22,,,,,,1.25,,,,,,1.17,,,,,,,,,,,,0.7783,,,,0.7908,,,,0.7879,,,,,,0.795,,,,,,0.8137,,,,,,,,,,,,2026-03-01,,,,,,,,,,,,,,,,,2.0,Not Found
ab2357087428a9fee8c8a747eed1fced,basketball_nba,NBA,2026-03-01T20:40:00Z,2026-03-01T20:38:26Z,Cleveland Cavaliers @ Brooklyn Nets,Cleveland Cavaliers,1.18,1.16,1.17,1.15,1.16,1.18,1.18,1.19,1.17,1.15,1.14,1.18,1.19,1.19,1.19,1.17,1.19,1.17,1.15,1.15,1.14,1.19,1.17,1.17,1.17,1.17,,1.16,1.17,1.17,1.17,1.17,0.8257,0.831,0.8348,0.8237,0.8401,0.8217,0.8217,0.8368,0.8348,0.8514,0.8493,0.8306,0.8368,0.8351,0.8351,0.8348,0.8367,0.8348,0.8404,0.8514,0.8516,0.8382,0.8358,0.8374,0.8293,0.8364,,0.851,0.8274,0.8348,0.833,0.8312,2026-03-01,1.15,1.17,0.8386,0.8312,1.16,1.15,0.8258,0.8439,,,,,1.17,0.8316,Polymarket,1.19,2.0,Not Found
8134f802158f8b64bafce4480fd5476d,soccer_netherlands_eredivisie,Dutch Eredivisie,2026-03-01T19:00:00Z,2026-03-01T20:38:26Z,Go Ahead Eagles @ Excelsior,Go Ahead Eagles,1.29,1.25,1.26,1.23,1.31,1.26,1.26,1.41,1.29,1.3,1.3,1.41,1.35,,,,,1.33,1.3,1.32,,,,,1.4,,,,,,,,0.7424,0.7616,0.7636,0.775,0.7315,0.7621,0.7621,0.7057,0.7522,0.7431,0.7352,0.6899,0.7333,,,,,0.7425,0.735,0.7321,,,,,0.6903,,,,,,,,2026-03-01,1.25,,0.7725,,,,,,,,,,,,,,3.0,Not Found
e48c3b417f67eede92dc365a9b3601e5,soccer_argentina_primera_division,Primera División - Argentina,2026-03-01T20:00:00Z,2026-03-01T20:38:26Z,Rosario Central @ Newells Old Boys,Draw,2.4,2.25,2.3,2.32,2.25,2.35,2.35,2.44,2.4,2.4,2.33,2.4,2.44,,,,,,,,,,,,2.5,,,,,,,,0.3852,,0.3972,0.388,0.4057,0.3933,0.3933,0.4029,0.3949,0.3921,0.3934,0.3972,0.4042,,,,,,,,,,,,0.3818,,,,,,,,2026-03-01,,,,,,,,,,,,,,,,,3.0,Not Found
5a6f42a89cb6cde652de6da3310a81d9,baseball_ncaa,NCAA Baseball,2026-03-01T20:30:00Z,2026-03-01T20:38:26Z,Western Carolina Catamounts @ East Carolina Pirates,East Carolina Pirates,1.27,,,,1.24,,,,1.27,,,,,,,,,,1.25,,1.25,,,,1.22,,1.24,,,,,,0.7548,,,,0.7681,,,,0.7586,,,,,,,,,,0.7667,,0.7611,,,,0.7765,,0.7587,,,,,,2026-03-01,,,,,,,,,,,,,,,,,2.0,Not Found
28a97c0693d31663cdb2cf6802ae7041,basketball_wncaab,WNCAAB,2026-03-01T20:00:00Z,2026-03-01T20:57:05Z,Iowa Hawkeyes @ Wisconsin Badgers,Wisconsin Badgers,13.0,,,,8.75,,,,9.5,,,,,,10.0,,,,,,9.0,,,,,,,,,,,,0.0483,,,,0.0854,,,,0.0809,,,,,,0.0955,,,,,,0.0654,,,,,,,,,,,,2026-03-01,,,,,,,,,,,,,,,,,2.0,Not Found
cc2edd23c90efdc9ac05b2dda6db0710,basketball_nba,NBA,2026-03-01T20:40:00Z,2026-03-01T21:50:50Z,Milwaukee Bucks @ Chicago Bulls,Chicago Bulls,5.0,4.6,5.1,4.45,4.75,4.8,5.0,4.8,5.0,5.0,4.4,7.07,4.7,6.25,6.25,5.24,4.59,5.1,4.75,4.75,5.4,2.8,,,5.5,,,,,,,,0.169,0.1582,0.1633,0.1813,0.1815,0.1731,0.1652,0.1875,0.169,0.1726,0.1899,0.1282,0.1932,0.1563,0.1563,0.1606,0.1923,0.167,0.1779,0.1851,0.154,,,,0.1484,,,,,,,,2026-03-01,4.3,,0.1926,,,,,,,,,,6.25,0.1255,Polymarket,6.25,2.0,Not Found
731cf306c2da7f0afba2a9a20995227f,basketball_wncaab,WNCAAB,2026-03-01T22:00:00Z,2026-03-01T21:50:50Z,Washington Huskies @ Oregon Ducks,Oregon Ducks,1.65,,,,1.67,,,,1.68,,,,,,1.67,,1.63,,,,1.57,,,,,,,,,,,,0.5715,,,,0.5772,,,,0.5744,,,,,,0.5893,,0.5709,,,,0.6011,,,,,,,,,,,,2026-03-01,,,,,,,,,,,,,,,,,2.0,Not Found
72956adb311374c8fa2dadcc3f8f28b7,basketball_ncaab,NCAAB,2026-03-01T22:00:00Z,2026-03-01T22:44:06Z,Belmont Bruins @ Illinois St Redbirds,Illinois St Redbirds,2.18,,,,2.18,,2.05,,2.2,,2.12,,,2.33,2.44,2.19,1.06,,2.15,2.2,2.02,2.22,,,,,,,,,,,0.43,,,,0.43,,0.4372,,0.4242,,0.4253,,,0.4187,0.4055,0.4271,,,0.422,0.4261,0.4551,0.4222,,,,,,,,,,,2026-03-01,,,,,,,,,,,,,,,Polymarket,2.33,2.0,Not Found
d3c4205597876e10703f7096c0db66aa,soccer_argentina_primera_division,Primera División - Argentina,2026-03-01T22:15:00Z,2026-03-01T23:00:19Z,Barracas Central @ Argentinos Juniors,Barracas Central,3.0,2.4,2.5,2.65,2.55,2.5,2.5,2.96,2.6,2.7,2.55,3.22,2.88,,,,,,,,,,,,2.85,,,,,,,,0.3039,,0.3638,0.3333,0.3523,0.3659,0.3659,0.3294,0.3617,0.3457,0.355,0.2904,0.3411,,,,,,,,,,,,0.3289,,,,,,,,2026-03-01,,,,,,,,,,,,,,,,,3.0,Not Found
36b7acd903108abf04b18bf6449f45b3,basketball_nba,NBA,2026-03-01T23:11:00Z,2026-03-01T23:34:00Z,Portland Trail Blazers @ Atlanta Hawks,Atlanta Hawks,1.04,1.05,1.07,1.07,1.08,1.06,1.07,1.18,1.09,1.08,1.07,1.35,1.12,1.11,1.11,1.09,1.09,1.08,1.06,1.08,1.08,1.11,,,1.1,,,,,,,,0.9308,0.9021,0.9006,0.8904,0.8963,0.905,0.8959,0.8328,0.892,0.9005,0.8959,0.7116,0.8806,0.8954,0.8954,0.8894,0.8932,0.894,0.9092,0.9005,0.8915,0.882,,,0.8776,,,,,,,,2026-03-01,1.05,,0.9137,,,,,,,,,,1.18,0.8173,Polymarket,1.11,2.0,Not Found
4606abe4cf29afa00dd9635823d3ea75,soccer_usa_mls,MLS,2026-03-01T21:30:00Z,2026-03-01T23:34:00Z,New York City FC @ Philadelphia Union,New York City FC,6.5,5.5,6.25,5.3,,6.3,5.35,5.7,6.0,7.0,6.75,1.38,,,6.67,,,10.0,5.75,7.0,,,,,6.0,,,,,,,,0.1253,0.142,0.1258,0.1443,,0.1249,0.1522,0.1628,0.1409,0.1182,0.1202,0.7068,,,0.1433,,,0.0755,0.141,0.1182,,,,,0.1444,,,,,,,,2026-03-01,6.5,,0.1278,,,,,,,,,,6.25,,,,3.0,Not Found
3d09f450098fe59810a021a2b99439d2,soccer_usa_mls,MLS,2026-03-02T00:00:00Z,2026-03-01T23:34:00Z,Inter Miami CF @ Orlando City SC,Orlando City SC,3.8,3.5,3.65,3.6,,4.15,4.15,4.3,3.95,3.65,3.75,3.9,4.3,,,3.6,,3.6,3.8,3.65,3.65,,4.32,4.32,4.1,4.1,4.14,,3.8,3.98,4.0,3.45,0.2378,0.2399,0.2409,0.2319,,0.2251,0.2251,0.2285,0.2259,0.2525,0.2535,0.2447,0.2285,,,0.2613,,0.2597,0.2328,0.2525,0.2515,,0.2189,0.2189,0.2237,0.2268,0.231,,0.2328,0.227,0.226,,2026-03-02,3.8,,0.2337,,3.62,3.9,0.2289,0.2346,3.35,,,,4.0,0.2293,,,3.0,Not Found
c7bf0abeacc10a2effa03615ccf9b982,icehockey_nhl,NHL,2026-03-01T23:38:36Z,2026-03-01T23:53:21Z,Florida Panthers @ New York Islanders,New York Islanders,3.4,4.3,4.7,4.75,3.5,3.17,3.17,,3.2,4.6,4.6,3.18,3.25,3.57,,3.24,3.3,5.0,,4.6,,3.6,2.36,2.37,3.1,,,,,,,,0.2624,,,,0.2612,0.2901,0.2901,,0.2831,,,0.2896,0.2807,0.2751,,0.284,0.2839,,,,,0.2712,0.4088,0.4061,0.2909,,,,,,,,2026-03-01,4.5,2.85,,,,,,,,,,,3.25,0.2835,Polymarket,3.57,2.0,Not Found
19fcd1880111c921beab913961a5907f,icehockey_nhl,NHL,2026-03-01T22:14:02Z,2026-03-01T23:53:21Z,St Louis Blues @ Minnesota Wild,St Louis Blues,2.38,3.6,3.9,3.95,2.4,2.44,2.44,,2.4,4.0,4.0,2.46,2.4,2.5,,2.43,2.35,4.1,,4.0,,2.46,,,2.4,,,,,,,,0.3896,,,,0.3899,0.3844,0.3844,,0.3878,,,0.3868,0.3858,0.3951,,0.3873,0.3881,,,,,0.3868,,,0.3837,,,,,,,,2026-03-01,4.0,,,,,,,,,,,,2.4,0.3858,Polymarket,2.5,2.0,Not Found
4d40482f62b199752b8b264572ff8460,basketball_nba,NBA,2026-03-01T23:11:00Z,2026-03-01T23:53:21Z,Detroit Pistons @ Orlando Magic,Detroit Pistons,1.68,1.64,1.78,1.72,1.91,1.8,1.8,1.9,1.83,1.76,1.73,1.93,1.9,1.82,1.92,1.68,1.8,1.85,1.91,1.76,1.75,1.79,,,1.77,,,,,,,,0.564,,0.5284,0.5382,0.4944,0.5214,0.5214,0.5181,0.5114,0.5414,0.5415,0.4888,0.5204,0.5443,0.5104,0.564,0.5327,0.5071,0.4915,0.5414,0.5406,0.533,,,0.5325,,,,,,,,2026-03-01,1.85,,0.5,,,,,,,,,,1.85,0.5139,Polymarket,1.82,2.0,Not Found
c349dea0448384123bb6cf9fb6f5f287,soccer_chile_campeonato,Primera División - Chile,2026-03-01T23:30:00Z,2026-03-01T23:53:21Z,Universidad Católica (CHI) @ Ñublense,Draw,2.95,2.85,3.0,,,,,3.0,3.55,2.75,2.7,2.97,,,,,,2.88,2.9,,,,,,3.15,,,,,,,,0.3074,,0.2995,,,,,,0.2616,0.3294,0.3251,0.3145,,,,,,0.3333,0.3003,,,,,,0.2875,,,,,,,,2026-03-01,2.9,3.1,0.3114,0.2928,2.98,,,,,,,,,,,,3.0,Not Found
a3b8747cd1eece84bcb5b1ddbe383326,soccer_korea_kleague1,K League 1,2026-03-02T05:00:00Z,2026-03-02T06:09:18Z,FC Anyang @ Daejeon Citizen,Daejeon Citizen,,2.25,2.35,2.23,2.45,2.4,2.4,2.4,2.35,2.28,2.2,2.42,2.48,,,,,2.4,,2.23,,,,,2.31,,,,,,,,,,0.3897,,0.3627,0.3849,0.3849,0.4048,0.4016,0.4059,0.4098,0.3911,0.3968,,,,,0.3941,,0.4135,,,,,0.4054,,,,,,,,2026-03-02,2.3,,0.4042,,,,,,,,,,,,,,3.0,Not Found
8024ab116d236c7542ac71cd94658242,icehockey_mestis,Mestis,2026-03-02T16:30:00Z,2026-03-02T06:09:18Z,TUTO Hockey @ Kiekko-Vantaa,TUTO Hockey,,,,,,2.13,2.13,,,2.85,2.85,2.17,,,,,,,,2.85,2.14,,,,2.15,,2.85,,,,,,,,,,,0.4353,0.4353,,,,,0.4255,,,,,,,,,0.4269,,,,0.4332,,,,,,,,2026-03-02,,,,,,,,,,,,,,,,,2.0,Not Found
0af2377098db74c6fed12ba38c0a5b07,soccer_italy_serie_a,Serie A - Italy,2026-03-02T17:30:00Z,2026-03-02T06:09:18Z,Bologna @ Pisa,Bologna,1.91,1.92,1.94,1.98,1.98,2.02,2.02,2.0,1.91,1.97,1.92,1.99,2.0,,,1.98,,2.0,1.95,1.97,1.91,,1.93,1.93,1.96,1.96,2.04,,1.95,1.99,1.95,1.89,0.5056,0.4945,0.496,0.4917,0.4862,0.4764,0.4764,0.4976,0.4949,0.4965,0.4996,0.4909,0.4976,,,0.4883,,0.4901,0.4856,0.4965,0.4998,,0.5066,0.5066,0.4915,0.4915,0.4849,,0.4856,0.4894,0.4948,0.5087,2026-03-02,1.9,1.97,0.5057,0.4909,1.9,1.96,0.5059,0.4915,1.9,,0.5041,,,,,,3.0,Not Found
3d5a202a6348afb39e2da90425ae3b4a,soccer_poland_ekstraklasa,Ekstraklasa - Poland,2026-03-02T18:00:00Z,2026-03-02T06:09:18Z,Wisła Płock @ Zagłębie Lubin,Zagłębie Lubin,2.5,2.3,2.35,2.32,2.45,2.42,2.42,2.62,2.5,2.55,2.5,2.57,2.62,,,,,2.55,2.5,2.55,2.55,,2.6,2.6,2.48,2.48,2.51,,,2.49,,2.3,0.3795,0.3886,0.3904,0.3907,0.381,0.3854,0.3854,0.3744,0.3796,0.3694,0.3667,0.3745,0.3761,,,,,0.3761,0.3693,0.3694,0.3655,,0.3704,0.3704,0.3742,0.3742,0.3737,,,0.3751,,0.3911,2026-03-02,2.45,2.42,0.3794,0.3846,,,,,2.25,,,,,,,,3.0,Not Found
03aa8dd9809303860d4686e3cceea48b,baseball_mlb_preseason,MLB Preseason,2026-03-02T18:05:00Z,2026-03-02T06:09:18Z,Atlanta Braves @ Detroit Tigers,Detroit Tigers,1.63,,,,,,,,1.68,,,1.65,,,1.75,,1.67,,,,,,1.7,,,,,,,,,,0.5875,,,,,,,,0.5744,,,0.5837,,,0.5605,,0.5636,,,,,,0.5699,,,,,,,,,,2026-03-02,,,,,,,,,,,,,,,,,2.0,Not Found
36e272502c6c156cd0b86ff9ffab1380,icehockey_mestis,Mestis,2026-03-02T16:30:00Z,2026-03-02T07:16:35Z,JoKP @ Jokerit,JoKP,,,,,,4.4,4.4,,,7.5,7.5,4.28,,,,,,,,7.5,5.0,,,,4.4,,7.43,,,,,,,,,,,0.1935,0.1935,,,,,0.1858,,,,,,,,,0.1536,,,,0.1935,,,,,,,,2026-03-02,,,,,,,,,,,,,,,,,2.0,Not Found
790f587324efe34358af4cea30fffb53,icehockey_mestis,Mestis,2026-03-02T16:30:00Z,2026-03-02T07:16:35Z,RoKi @ Ketterä,RoKi,,,,,,2.08,2.08,,,2.75,2.75,1.96,,,,,,,2.1,2.75,2.12,,,,2.05,,2.85,,,,,,,,,,,0.4463,0.4463,,,,,0.4758,,,,,,,0.4387,,0.4328,,,,0.4565,,,,,,,,2026-03-02,,,,,,,,,,,,,,,,,2.0,Not Found
5871191d486726152c88a35cfc42a864,icehockey_mestis,Mestis,2026-03-02T16:30:00Z,2026-03-02T15:01:29Z,Hermes @ IPK,Hermes,,,,,,2.6,2.6,,,3.55,3.55,2.61,,,,,,,2.5,3.55,2.6,,,,2.65,,3.6,,,,,,,,,,,0.3498,0.3498,,,,,0.3443,,,,,,,0.3667,,0.3427,,,,0.3439,,,,,,,,2026-03-02,,,,,,,,,,,,,,,,,2.0,Not Found
e85d81f4248b421bd49589f5cc6e8a6a,tennis_atp_indian_wells,ATP Indian Wells,2026-03-02T18:00:00Z,2026-03-02T15:01:29Z,Alex Bolt @ Tristan Schoolkate,Tristan Schoolkate,,,,,,1.51,1.51,,,,,1.56,,,,1.56,,,,,,,1.57,1.57,1.56,,,,,1.51,1.55,,,,,,,0.6219,0.6219,,,,,0.6197,,,,0.6156,,,,,,,0.6193,0.6193,0.6205,,,,,0.6184,0.6142,,2026-03-02,,,,,,,,,,,,,,,,,2.0,Not Found
364307ae42cc666e4690c20ca0e36e0b,tennis_atp_indian_wells,ATP Indian Wells,2026-03-02T18:00:00Z,2026-03-02T15:01:29Z,Jack Pinnington Jones @ Benjamin Bonzi,Jack Pinnington Jones,,,,,,1.8,1.8,,,,,1.86,,,,1.85,,,,,,,1.8,1.8,1.87,,,,,1.78,1.83,,,,,,,0.516,0.516,,,,,0.5176,,,,0.5139,,,,,,,0.5339,0.5339,0.511,,,,,0.5177,0.5168,,2026-03-02,,,,,,,,,,,,,,,,,2.0,Not Found
e0ae48716b0ce5365f4279a384802fce,tennis_atp_indian_wells,ATP Indian Wells,2026-03-02T18:00:00Z,2026-03-02T16:38:35Z,Martin Landaluce @ Alexander Blockx,Martin Landaluce,,,,,,2.7,2.7,,,,,2.84,,,,2.82,,,,,,,2.75,2.75,2.85,,,,,2.64,2.75,,,,,,,0.3306,0.3306,,,,,0.3336,,,,0.3301,,,,,,,0.3417,0.3417,0.3282,,,,,0.3348,0.3346,,2026-03-02,,,,,,,,,,,,,,,,,2.0,Not Found
477fd64a98d9d6b73da4e9177cd64bad,tennis_atp_indian_wells,ATP Indian Wells,2026-03-02T18:00:00Z,2026-03-02T16:38:35Z,Sho Shimabukuro @ Colton Smith,Colton Smith,,,,,,1.79,1.79,,,,,1.87,,,,1.85,,,,,,,1.87,1.87,1.87,,,,,,1.85,,,,,,,0.5189,0.5189,,,,,0.5161,,,,0.5152,,,,,,,0.511,0.511,0.511,,,,,,0.5071,,2026-03-02,,,,,,,,,,,,,,,,,2.0,Not Found
c8090b3d20146a6def1eb3c93e2d4200,tennis_atp_indian_wells,ATP Indian Wells,2026-03-02T18:00:00Z,2026-03-02T16:38:35Z,Francesco Maestrelli @ Nicolas Jarry,Francesco Maestrelli,,,,,,1.68,1.68,,,,,1.75,,,,1.72,,,,,,,1.71,1.71,1.71,,,,,1.68,1.75,,,,,,,0.5549,0.5549,,,,,0.5532,,,,0.556,,,,,,,0.5651,0.5651,0.5598,,,,,0.5513,0.5418,,2026-03-02,,,,,,,,,,,,,,,,,2.0,Not Found
76a686a9d83610e205fb703d819a7c1c,baseball_mlb_preseason,MLB Preseason,2026-03-02T18:05:00Z,2026-03-02T18:09:02Z,Tampa Bay Rays @ Pittsburgh Pirates,Tampa Bay Rays,2.42,,,,,,,,2.42,,,2.42,,,2.22,,2.45,,,,2.4,,2.43,,,2.35,,,,,,,0.3881,,,,,,,,0.3921,,,0.3941,,,0.4047,,0.3973,,,,0.3772,,0.3952,,,0.4022,,,,,,,2026-03-02,,,,,,,,,,,,,,,,,2.0,Not Found
6bdbc727d1ee2fb582176592ca458482,baseball_ncaa,NCAA Baseball,2026-03-02T19:00:00Z,2026-03-02T18:09:02Z,Toledo Rockets @ Lipscomb Bisons,Lipscomb Bisons,1.68,,,,1.67,,,,1.71,,,,,,,,,,1.67,,1.65,,,,1.74,,1.64,,,,,,0.5661,,,,0.5668,,,,0.5543,,,,,,,,,,0.5613,,0.5626,,,,0.5435,,0.5574,,,,,,2026-03-02,,,,,,,,,,,,,,,,,2.0,Not Found
20fc75174de9ba8a44fdde7c8ee33dc3,soccer_spain_segunda_division,La Liga 2 - Spain,2026-03-02T19:30:00Z,2026-03-02T19:05:24Z,Andorra CF @ Córdoba,Draw,4.0,3.75,3.9,3.83,3.8,3.85,3.85,4.3,4.0,3.95,3.85,3.96,4.3,,,,,4.0,,3.95,,,4.0,4.0,3.8,,,,3.7,3.88,,3.6,0.2276,0.2208,0.2244,0.2281,0.2305,0.2343,0.2343,0.2317,0.2337,0.2314,0.2294,0.2404,0.2317,,,,,0.2337,,0.2314,,,0.2361,0.2361,0.2357,,,,0.2448,0.2334,,0.2304,2026-03-02,3.9,3.75,0.2265,0.2329,3.7,3.8,0.2298,0.2357,3.5,,,,,,,,3.0,Not Found
5f57fcb3b100f74da86f4e00f9747782,soccer_italy_serie_a,Serie A - Italy,2026-03-02T19:45:00Z,2026-03-02T19:05:24Z,Fiorentina @ Udinese,Draw,3.0,3.1,3.15,3.15,3.1,3.05,3.05,3.2,3.05,3.2,3.1,3.14,3.2,,,3.11,,3.17,2.9,3.2,3.05,,3.05,3.05,3.05,3.05,3.23,,2.9,3.15,3.05,3.1,0.3125,0.2959,0.2973,0.3033,0.3042,0.31,0.31,0.3098,0.3012,0.3035,0.3024,0.309,0.3109,,,0.3048,,0.3058,0.3108,0.3035,0.3047,,0.3161,0.3161,0.3097,0.312,0.3045,,0.3108,0.3045,0.3091,0.304,2026-03-02,3.1,3.1,0.3024,0.3058,3.1,3.05,0.303,0.3097,3.0,,0.3095,,,,,,3.0,Not Found
f5c11ee6fb2a0cd068bfecc9a2128348,soccer_efl_champ,Championship,2026-03-02T20:00:00Z,2026-03-02T19:05:24Z,Middlesbrough @ Birmingham City,Middlesbrough,2.45,2.3,2.35,2.47,2.5,2.57,2.57,2.62,2.55,2.45,2.5,2.59,2.62,,,2.49,,2.5,2.5,2.45,2.43,,2.6,2.6,2.5,2.55,2.49,,2.5,2.49,2.5,2.25,0.3862,0.3944,0.3936,0.3785,0.3807,0.3716,0.3716,0.3795,0.3761,0.3876,0.3857,0.3753,0.3795,,,0.3819,,0.3835,0.3718,0.3876,0.3899,,0.3705,0.3705,0.3718,0.3709,0.3776,,0.3718,0.3776,0.3747,0.4058,2026-03-02,2.4,2.46,0.3873,0.3892,2.41,,0.389,,2.2,,,,,,,,3.0,Not Found
dc394c287218516bfe26ffbeb6d607ae,soccer_france_ligue_two,Ligue 2 - France,2026-03-02T19:45:00Z,2026-03-02T20:19:54Z,Troyes @ Amiens,Amiens,4.2,3.2,3.45,3.45,3.4,3.4,3.4,3.65,3.6,3.4,3.3,3.96,3.7,,,,,3.75,3.4,3.4,,,,,3.2,,,,,,,,0.2105,,0.255,0.2622,0.2495,0.2601,0.2601,0.2696,0.2534,0.261,0.2581,0.231,0.2676,,,,,0.2439,0.2588,0.262,,,,,0.2831,,,,,,,,2026-03-02,3.8,,0.231,,,,,,,3.1,,0.2892,,,,,3.0,Not Found
0f332a824050d8ff8b616977f4110630,soccer_league_of_ireland,League of Ireland,2026-03-02T19:45:00Z,2026-03-02T20:19:54Z,Galway United @ St Patricks Athletic,Draw,2.9,2.55,2.7,,2.6,2.65,2.65,3.0,2.75,2.7,2.63,3.26,3.05,,,,,2.75,,2.7,,,,,2.8,,,,,,,,0.3142,,0.3355,,0.3347,0.3395,0.3395,0.3287,0.3393,0.3391,0.3363,0.2847,0.3241,,,,,0.335,,0.3391,,,,,0.3287,,,,,,,,2026-03-02,2.8,,0.3241,,,,,,,,,,,,,,3.0,Not Found
50ecb4a061892e9ab523766199412210,baseball_ncaa,NCAA Baseball,2026-03-02T21:05:00Z,2026-03-02T20:19:54Z,Nevada Wolf Pack @ Stanford Cardinal,Stanford Cardinal,1.4,,,,1.4,,,,1.4,,,,,,,,,,1.36,,1.32,,1.45,1.45,1.38,1.45,1.37,,,,,,0.6847,,,,0.6847,,,,0.6847,,,,,,,,,,0.701,,0.7093,,0.6576,0.6576,0.6899,0.6525,0.6818,,,,,,2026-03-02,,,,,,,,,,,,,,,,,2.0,Not Found
0d3858d2c146ff1387761ca10f38affa,tennis_wta_indian_wells,WTA Indian Wells,2026-03-02T22:00:00Z,2026-03-02T21:46:24Z,Yue Yuan @ Dalma Galfi,Dalma Galfi,,,,,,2.2,2.2,,,,,2.16,,,,2.17,,,2.2,,,,2.2,2.2,2.15,,,,2.1,2.1,2.1,,,,,,,0.4148,0.4088,,,,,0.4441,,,,0.4346,,,0.4167,,,,0.4349,0.4349,0.4402,,,,0.4387,0.4332,0.444,,2026-03-02,,,,,,,,,,,,,,,,,2.0,Not Found
fa3a9f7551ab37c40f211d93d87bdb64,tennis_wta_indian_wells,WTA Indian Wells,2026-03-02T22:00:00Z,2026-03-02T21:46:24Z,Rebeka Masarova @ Mananchaya Sawangkaew,Mananchaya Sawangkaew,,,,,,2.32,2.32,,,,,2.43,,,,2.36,,,2.38,,,,2.39,2.39,2.45,,,,2.38,2.3,2.3,,,,,,,0.3908,0.3908,,,,,0.3933,,,,0.3994,,,0.3833,,,,0.4025,0.4025,0.3856,,,,0.3833,0.3906,0.4049,,2026-03-02,,,,,,,,,,,,,,,,,2.0,Not Found
b8a1fb4112075494ff56f9d590d9767d,basketball_ncaab,NCAAB,2026-03-02T23:00:00Z,2026-03-02T22:14:32Z,Norfolk St Spartans @ Morgan St Bears,Norfolk St Spartans,1.56,,,,1.57,1.52,1.52,,1.57,,1.6,1.54,,1.64,1.59,1.59,1.57,,1.53,1.6,1.6,1.62,1.62,1.62,1.56,,1.55,1.59,1.53,1.5,1.61,,0.6173,,,,0.6144,0.6206,0.6206,,0.6144,,0.5932,0.6263,,0.6049,0.6192,0.6104,0.6201,,0.6227,0.5951,0.5951,0.6102,0.602,0.602,0.6244,,0.6107,0.6153,0.6167,0.6301,0.6065,,2026-03-02,,,,,,,,,,,,,,,Polymarket,1.64,2.0,Not Found
40a876e44a81f42322d6ce3cb45fefb3,soccer_argentina_primera_division,Primera División - Argentina,2026-03-02T22:15:00Z,2026-03-02T22:14:32Z,Velez Sarsfield BA @ Estudiantes,Estudiantes,2.15,2.05,2.15,2.1,2.2,2.25,2.25,2.26,2.2,2.2,2.17,2.25,2.28,,,,,,,,2.2,,2.2,2.2,2.2,,2.23,,,2.19,2.2,2.1,0.4428,0.4389,0.4321,0.4366,0.4284,0.4243,0.4243,0.4392,0.4317,0.434,0.4371,0.4332,0.4208,,,,,,,,0.434,,0.438,0.438,0.4318,,0.4347,,,0.4324,0.4316,0.4349,2026-03-02,,,,,,2.2,,0.4318,1.9,,,,,,,,3.0,Not Found
d5a302d9b1fa62b3b31d1a4b185b53c5,basketball_ncaab,NCAAB,2026-03-03T00:00:00Z,2026-03-02T22:49:58Z,IUPUI Jaguars @ Cleveland St Vikings,Cleveland St Vikings,1.85,,,,1.91,1.83,1.83,,1.89,,1.82,1.89,,1.92,1.89,1.91,1.97,,1.85,1.83,1.83,1.93,,,1.91,,1.8,1.96,,1.83,,,0.5177,,,,0.5,0.5101,0.5101,,0.5055,,0.5157,0.5094,,0.5104,0.5242,0.5,0.5063,,0.5085,0.5168,0.5168,0.5103,,,0.5,,0.516,0.51,,0.5101,,,2026-03-03,,,,,,,,,,,,,,,Polymarket,1.92,2.0,Not Found
91677e3d2a13e081b2a3f26131108e7e,tennis_atp_indian_wells,ATP Indian Wells,2026-03-03T00:00:00Z,2026-03-02T22:49:58Z,Alexis Galarneau @ Luca Van Assche,Luca Van Assche,,,,,,1.27,1.27,,,,,1.29,,,,1.29,,,,,,,1.3,1.3,1.29,,,,,1.27,1.28,,,,,,,0.7466,0.7466,,,,,0.756,,,,0.7499,,,,,,,0.7469,0.7469,0.7543,,,,,0.744,0.7498,,2026-03-03,,,,,,,,,,,,,,,,,2.0,Not Found
c607e8171a8a96729a340abf14315647,basketball_ncaab,NCAAB,2026-03-03T00:00:00Z,2026-03-02T23:13:33Z,South Carolina St Bulldogs @ Delaware St Hornets,Delaware St Hornets,1.73,,,,1.71,1.7,1.7,,1.74,,1.74,1.76,,1.79,1.82,1.74,1.76,,1.73,1.76,1.76,1.8,1.71,1.71,1.77,,1.69,1.83,1.7,1.68,1.74,,0.5554,,,,0.5598,0.5537,0.5537,,0.5537,,0.5435,0.5449,,0.5541,0.5443,0.5548,0.5537,,0.5509,0.5425,0.5425,0.5515,0.5651,0.5651,0.5444,,0.5566,0.546,0.5502,0.5595,0.5548,,2026-03-03,,,,,,,,,,,,,,,Polymarket,1.79,2.0,Not Found
77e6d53ab00314dc083bae1fddb2d4c0,tennis_wta_indian_wells,WTA Indian Wells,2026-03-02T22:00:00Z,2026-03-02T23:13:33Z,Priscilla Hon @ Renata Zarazua,Priscilla Hon,,,,,,2.5,2.5,,,,,2.49,,,,,,,2.62,,,,,,2.85,,,,,,,,,,,,,0.3552,0.3552,,,,,0.3823,,,,,,,0.3436,,,,,,0.3282,,,,,,,,2026-03-02,,,,,,,,,,,,,,,,,2.0,Not Found
1be284127933865e4f6e39c3a13125eb,baseball_ncaa,NCAA Baseball,2026-03-02T23:00:00Z,2026-03-02T23:13:33Z,Holy Cross Crusaders @ Seattle Redhawks,Seattle Redhawks,2.22,,,,2.18,,,,2.2,,,,,,,,,,,,2.2,,,,2.1,,,,,,,,0.4166,,,,0.4207,,,,0.4242,,,,,,,,,,,,0.4148,,,,0.4387,,,,,,,,2026-03-02,,,,,,,,,,,,,,,,,2.0,Not Found
0e642a61940e688f4f54943f897becf5,soccer_argentina_primera_division,Primera División - Argentina,2026-03-02T22:25:00Z,2026-03-02T23:45:06Z,Platense @ Deportivo Riestra,Platense,5.3,4.6,5.1,4.95,5.25,4.85,5.35,5.4,5.25,5.3,4.9,4.58,5.6,,,,,,,,,,,,5.0,,,,,,,,0.159,,0.161,0.1549,0.1568,0.1702,0.1549,0.1757,0.1667,0.1702,0.1682,0.1986,0.1718,,,,,,,,,,,,0.1768,,,,,,,,2026-03-02,,,,,,,,,,,,,,,,,3.0,Not Found
2035e93cfda7b0ee4c64206aac511fdf,tennis_wta_indian_wells,WTA Indian Wells,2026-03-03T00:00:00Z,2026-03-02T23:45:06Z,Taylor Townsend @ Joanna Garland,Taylor Townsend,,,,,,1.12,1.12,,,,,1.44,,,,,,,1.12,,,,,,1.12,,,,,,,,,,,,,0.8484,0.8484,,,,,0.6783,,,,,,,0.8555,,,,,,0.8664,,,,,,,,2026-03-03,,,,,,,,,,,,,,,,,2.0,Not Found
2d2386135f44c9b2a7f4e30d932c3c7c,basketball_ncaab,NCAAB,2026-03-03T00:30:00Z,2026-03-03T00:02:40Z,Stephen F. Austin Lumberjacks @ Incarnate Word Cardinals,Incarnate Word Cardinals,3.9,,,,3.6,3.5,3.5,,3.75,,3.35,3.95,,4.0,4.17,,3.95,,3.7,3.4,3.4,4.1,3.8,3.8,3.95,,3.72,3.92,3.5,3.44,3.8,,0.2345,,,,0.2572,0.2492,0.2492,,0.2457,,0.2646,0.2298,,0.2404,0.2293,,0.242,,0.2414,0.2624,0.2624,0.2373,0.244,0.244,0.2298,,0.2376,0.2544,0.2553,0.2547,0.244,,2026-03-03,,,,,,,,,,,,,,,Polymarket,4.0,2.0,Not Found
a83e2b6ed7cb9b905582819afc7ede26,tennis_wta_indian_wells,WTA Indian Wells,2026-03-03T00:00:00Z,2026-03-03T00:02:40Z,Storm Hunter @ Sinja Kraus,Storm Hunter,,,,,,2.05,2.05,,,,,2.08,,,,1.98,,,2.1,,,,2.07,2.07,2.05,,,,2.0,,2.0,,,,,,,0.4409,0.4409,,,,,0.4611,,,,0.4793,,,0.4387,,,,0.4622,0.4622,0.4661,,,,0.461,,0.4722,,2026-03-03,,,,,,,,,,,,,,,,,2.0,Not Found
2642de3510808e034a5b7012883cc394,icehockey_ahl,AHL,2026-03-03T00:05:00Z,2026-03-03T00:02:40Z,Charlotte Checkers @ Hershey Bears,Hershey Bears,,2.6,2.65,2.53,,,,,,,,,,,2.13,2.8,,,,2.7,2.02,,,,2.1,,2.74,,2.1,,,2.6,,,0.3369,,,,,,,,,,,,,0.3376,,,,0.3433,,,,,,,0.3419,,,,,0.3348,2026-03-03,2.55,2.7,0.3528,0.3335,,,,,,,,,,,,,3.0,Not Found
1804ec1ea561b137f3b6a151af196bef,basketball_nba,NBA,2026-03-03T02:12:00Z,2026-03-03T03:11:57Z,Denver Nuggets @ Utah Jazz,Utah Jazz,4.4,3.7,4.0,3.85,3.9,4.5,4.5,4.8,5.0,4.5,4.25,5.36,5.0,4.76,5.0,5.73,4.9,4.0,4.33,4.5,4.3,4.9,,,4.4,,,,,,,,0.197,0.2114,0.2152,0.2132,0.2282,0.1874,0.1874,0.2009,0.169,0.1944,0.1975,0.1585,0.1968,0.205,0.1935,0.1448,0.1955,0.2152,0.1988,0.1944,0.1996,0.1988,,,0.1935,,,,,,,,2026-03-03,3.8,,0.2217,,,,,,,,,,4.0,0.2152,Polymarket,4.76,2.0,Not Found
30212d0222de6b8da56d291ba4f98d9f,basketball_ncaab,NCAAB,2026-03-03T02:04:10Z,2026-03-03T03:11:57Z,Idaho Vandals @ Eastern Washington Eagles,Idaho Vandals,1.78,,,,1.77,,1.66,,1.71,,,,,1.75,1.69,1.6,1.25,,1.67,1.63,1.71,1.62,,,,,,,,,,,0.5309,,,,0.5325,,0.5512,,0.5543,,,,,0.5605,0.5813,0.5942,,,0.5555,0.5825,0.5424,0.595,,,,,,,,,,,2026-03-03,,,,,,,,,,,,,,,Polymarket,1.75,2.0,Not Found
3bd05468be5213e731ac715325312f05,tennis_wta_indian_wells,WTA Indian Wells,2026-03-03T18:00:00Z,2026-03-03T03:11:57Z,Kayla Day @ Darja Semenistaja,Kayla Day,,,,,,1.88,1.88,,,,,1.92,,,,1.91,,,1.83,,,,2.0,2.0,1.91,,,,1.83,1.87,,,,,,,,0.4912,0.4912,,,,,0.5,,,,0.4986,,,0.5,,,,0.4768,0.4768,0.5,,,,0.5,0.4911,,,2026-03-03,,,,,,,,,,,,,,,,,2.0,Not Found
ab9ac355049868c8324b94b4a02bd994,icehockey_nhl,NHL,2026-03-03T03:10:00Z,2026-03-03T04:57:20Z,Carolina Hurricanes @ Seattle Kraken,Carolina Hurricanes,2.64,4.8,5.3,5.4,2.65,2.68,2.68,,2.65,5.4,5.4,2.79,2.66,2.78,,2.68,2.82,5.8,,5.4,,2.74,,,2.7,,,,,,,,0.3493,,,,0.3508,0.3464,0.3464,,0.3485,,,0.3391,0.3478,0.3552,,0.3487,0.3372,,,,,0.3423,,,0.338,,,,,,,,2026-03-03,5.2,,,,,,,,,,,,2.9,0.3153,Polymarket,2.78,2.0,Not Found
6d324d11a94e870ec02f2c8b52672a16,icehockey_nhl,NHL,2026-03-03T03:45:00Z,2026-03-03T05:59:28Z,Colorado Avalanche @ Los Angeles Kings,Colorado Avalanche,1.68,4.1,4.5,3.68,1.65,1.7,1.7,,1.69,4.1,4.35,1.64,1.61,1.67,,1.7,1.64,4.3,,4.1,,,,,1.61,,,,,,,,0.564,,,,0.5808,0.5616,0.5616,,0.5622,,,0.5856,0.5873,0.5945,,0.5637,0.5856,,,,,,,,0.5883,,,,,,,,2026-03-03,3.8,,,,,,,,,,,,1.65,0.5705,Polymarket,1.67,2.0,Not Found
0a978ea56066cec8607b9eb850c6f60f,tennis_wta_indian_wells,WTA Indian Wells,2026-03-03T18:00:00Z,2026-03-03T05:59:28Z,Linda Fruhvirtova @ Anastasia Zakharova,Linda Fruhvirtova,,,,,,1.98,1.98,,,,,2.05,,,,2.04,,,1.91,,,,2.0,2.0,2.05,,,,1.91,,2.0,,,,,,,0.4652,0.4652,,,,,0.4692,,,,0.4642,,,0.484,,,,0.4768,0.4768,0.4661,,,,0.484,,0.4722,,2026-03-03,,,,,,,,,,,,,,,,,2.0,Not Found
889f595d0ff264e1804bc633a7d24eb6,soccer_germany_liga3,3. Liga - Germany,2026-03-03T18:00:00Z,2026-03-03T05:59:28Z,Erzgebirge Aue @ TSV 1860 München,TSV 1860 München,,,1.76,,,1.8,1.8,1.81,,1.85,1.85,1.78,,,,,,1.8,1.75,1.85,,,1.79,1.79,1.76,,,,,,,,,,0.5319,,,0.5281,0.5281,0.5432,,0.5085,0.5085,0.5425,,,,,,0.5282,0.5336,0.5085,,,0.539,0.539,0.5353,,,,,,,,2026-03-03,1.72,1.77,0.5579,0.5272,,,,,,1.73,,0.5442,,,,,3.0,Not Found
bf520c69a27c9af676e999a9f5416982,tennis_wta_indian_wells,WTA Indian Wells,2026-03-03T18:00:00Z,2026-03-03T07:05:59Z,Talia Gibson @ Elvina Kalieva,Talia Gibson,,,,,,1.45,1.45,,,,,1.53,,,,1.5,,,1.44,,,,1.55,1.55,1.51,,,,1.44,1.44,,,,,,,,0.6487,0.6487,,,,,0.6352,,,,0.6418,,,0.6564,,,,0.628,0.628,0.6388,,,,0.6564,0.6496,,,2026-03-03,,,,,,,,,,,,,,,,,2.0,Not Found
3b91510c81865951acd368b1b963960c,soccer_germany_liga3,3. Liga - Germany,2026-03-03T18:00:00Z,2026-03-03T07:05:59Z,FC Energie Cottbus @ VfB Stuttgart II,FC Energie Cottbus,,,2.55,,,,,2.66,,2.5,2.5,2.58,,,,,,2.55,2.5,,,,2.7,2.7,2.55,,,,,,,,,,0.3658,,,,,0.3698,,0.3674,0.3674,0.3714,,,,,,0.3662,0.3614,,,,0.3568,0.3568,0.3593,,,,,,,,2026-03-03,2.55,2.55,0.3688,0.3614,,,,,,2.47,,0.3716,,,,,3.0,Not Found
68447e74068fb78640f7893dc0e2d723,tennis_wta_indian_wells,WTA Indian Wells,2026-03-03T18:00:00Z,2026-03-03T08:34:14Z,Diane Parry @ Lulu Sun,Lulu Sun,,,,,,1.56,1.56,,,,,1.64,,,,1.61,,,1.57,,,,1.63,1.63,1.61,,,,1.57,1.56,1.62,,,,,,,0.6022,0.6022,,,,,0.5903,,,,0.596,,,0.5962,,,,0.5967,0.5967,0.5978,,,,0.5962,0.5973,0.5864,,2026-03-03,,,,,,,,,,,,,,,,,2.0,Not Found
ffe8c9d1467b0d5bacb2d4dad9af3fd5,icehockey_ahl,AHL,2026-03-03T16:30:00Z,2026-03-03T10:05:56Z,Chicago Wolves @ Milwaukee Admirals,Chicago Wolves,,2.25,2.45,2.4,,,,,,,,,,,2.04,2.61,,,,2.55,1.93,,,,1.95,,2.49,,1.91,,,2.4,,,,,,,,,,,,,,,0.4704,,,,,,0.4766,,,,0.4786,,,,0.484,,,,2026-03-03,2.35,2.48,,,,,,,,,,,,,,,2.0,Not Found
790f587324efe34358af4cea30fffb53,icehockey_mestis,Mestis,2026-03-03T16:30:00Z,2026-03-03T15:05:50Z,RoKi @ Ketterä,Ketterä,,,,,,1.77,1.77,,,2.1,2.1,1.76,,,,,,,1.73,2.1,1.66,,,,,,2.2,,,,,,,,,,,0.53,0.53,,,,,0.5341,,,,,,,0.539,,0.5631,,,,,,,,,,,,2026-03-03,,,,,,,,,,,,,,,,,2.0,Not Found
4677d0aa27bf68446a1fb0ee51008f5a,soccer_germany_liga3,3. Liga - Germany,2026-03-03T18:00:00Z,2026-03-03T17:55:41Z,FC Viktoria Köln 1904 @ VfL Osnabrück,VfL Osnabrück,,,1.9,,,1.9,1.9,,,1.83,1.83,1.92,,,,,,1.88,1.85,1.83,,,1.88,1.88,1.88,,,,,,,,,,0.5013,,,0.4981,0.4981,,,0.513,0.513,0.5047,,,,,,0.5061,0.4984,0.513,,,0.5141,0.5141,0.4992,,,,,,,,2026-03-03,1.85,1.9,0.5172,0.4955,,,,,,1.85,,0.5074,,,,,3.0,Not Found
ac9ba3de858f2ab27eb499b1008c877d,soccer_germany_liga3,3. Liga - Germany,2026-03-03T18:00:00Z,2026-03-03T17:55:41Z,Jahn Regensburg @ SC Verl,Draw,,,4.2,,,4.05,4.05,4.4,,3.75,3.75,4.27,,,,,,4.0,3.8,3.75,,,4.25,4.25,4.0,,,,,,,,,,0.2105,,,0.2173,0.2173,0.2221,,0.234,0.234,0.2165,,,,,,0.2214,0.2224,0.234,,,0.2209,0.2209,0.2159,,,,,,,,2026-03-03,4.4,4.0,0.2041,0.2197,,,,,,4.0,,0.216,,,,,3.0,Not Found
051cd447454382fe296200a24dbe4711,soccer_italy_serie_b,Serie B - Italy,2026-03-03T18:00:00Z,2026-03-03T17:55:41Z,Spezia @ Padova,Padova,2.6,2.4,2.5,2.32,2.6,2.58,2.58,2.76,2.6,2.65,2.65,2.67,2.76,,,,,2.65,2.5,2.65,2.65,,2.7,2.7,2.55,2.55,2.48,,2.5,2.58,,2.4,0.3632,0.3687,0.3661,0.3845,0.3591,0.3617,0.3617,0.3604,0.3655,0.3467,0.3467,0.3635,0.3612,,,,,0.3608,0.3693,0.3467,0.3467,,0.3551,0.3551,0.3647,0.3647,0.3863,,0.3677,0.3634,,0.3729,2026-03-03,2.5,2.65,0.3713,0.3607,,,,,2.3,,,,,,,,3.0,Not Found
70e5a98c95b85376280ade7e306ffcbd,soccer_germany_liga3,3. Liga - Germany,2026-03-03T18:00:10Z,2026-03-03T18:53:16Z,TSG Hoffenheim II @ SSV Ulm 1846,TSG Hoffenheim II,,,2.85,,,,,3.25,,2.9,2.8,3.09,,,,,,2.88,2.9,,,,,,3.0,,,,,,,,,,0.3133,,,,,0.3011,,0.3119,0.3113,0.2984,,,,,,0.3169,0.3009,,,,,,0.3071,,,,,,,,2026-03-03,3.0,,0.3039,,,,,,,2.95,,0.3051,,,,,3.0,Not Found
30083166f26af284d1f8db0d6eff9e86,soccer_france_coupe_de_france,Coupe de France,2026-03-03T20:00:00Z,2026-03-03T20:01:32Z,Stade de Reims @ Strasbourg,Stade de Reims,,4.6,5.0,5.5,,,,,,5.1,4.75,,,,,,,,5.0,5.1,,,,,,,,,5.0,,,,,,0.1658,0.1651,,,,,,0.1715,0.1745,,,,,,,,0.1611,0.1715,,,,,,,,,0.1689,,,,2026-03-03,,5.0,,0.1757,,,,,,,,,,,,,3.0,Not Found
0514ff63edc959b9fedb8a345a5417a6,soccer_epl,EPL,2026-03-03T19:30:00Z,2026-03-03T20:45:03Z,Brentford @ Bournemouth,Bournemouth,3.0,2.65,2.9,2.9,2.95,,,3.05,2.95,2.95,2.95,2.8,3.05,,3.12,,,3.0,2.8,2.95,,,,,2.85,,,,,,,,0.3126,,0.317,0.3203,0.309,,,0.3241,0.3146,0.3151,0.3151,0.3376,0.3241,,0.3169,,,0.318,0.3252,0.3151,,,,,0.3314,,,,,,,,2026-03-03,2.7,,0.3427,,,,,,,,,,2.55,0.3539,,,3.0,Not Found
a86e63cd7a8cd567f07d3f17d4525f2c,soccer_conmebol_copa_sudamericana,Copa Sudamericana,2026-03-03T22:00:00Z,2026-03-03T20:45:03Z,Guabirá @ Club Independiente Petrolero,Club Independiente Petrolero,,,,,,,2.08,,2.1,,2.04,2.11,2.16,,,,,2.05,2.05,2.06,,,,,2.1,,2.1,,2.05,,,,,,,,,,0.4541,,0.4549,,0.4577,0.4539,0.4544,,,,,0.4646,0.4558,0.4559,,,,,0.4544,,0.4515,,0.4558,,,,2026-03-03,,,,,,,,,,,,,,,,,3.0,Not Found
44b4babea2f5880d5e5c308325e21c3f,soccer_conmebol_copa_sudamericana,Copa Sudamericana,2026-03-03T22:00:00Z,2026-03-03T20:45:03Z,Defensor Sporting @ Montevideo City Torque,Montevideo City Torque,,,,,,,2.18,2.26,2.25,,2.15,2.22,2.24,,,,,2.1,2.2,2.18,,,,,2.2,,2.18,,2.2,,,,,,,,,,0.4304,0.4336,0.4272,,0.4316,0.4339,0.4374,,,,,0.4544,0.4234,0.4288,,,,,0.4308,,0.4343,,0.4234,,,,2026-03-03,,,,,,,,,,,,,,,,,3.0,Not Found
86426a1f2a4587a57957d1bbe0e17a8a,soccer_spl,Premiership - Scotland,2026-03-03T19:48:00Z,2026-03-03T21:19:24Z,St Mirren @ Dundee United,Draw,1.56,,,,1.54,1.58,1.58,1.7,1.61,1.62,1.6,1.64,1.61,,,,,1.62,1.53,1.62,,,,,1.61,,,,,,,,0.6123,,,,0.607,0.6016,0.6016,0.5845,0.5979,0.5879,0.5836,0.5902,0.6143,,,,,0.5917,0.6207,0.5879,,,,,0.5979,,,,,,,,2026-03-03,1.6,,0.5934,,,,,,,,,,,,,,3.0,Not Found
4f99d601237b4e4fcdf4c5a828046c4f,soccer_argentina_primera_division,Primera División - Argentina,2026-03-03T22:00:00Z,2026-03-03T21:19:24Z,Estudiantes de Río Cuarto @ Sarmiento de Junin,Draw,3.3,3.15,3.25,3.17,3.3,3.3,3.3,3.5,3.35,3.05,3.0,3.38,3.5,,,,,,,,3.0,,3.35,3.35,3.3,,3.24,,,3.24,,,0.2784,0.2718,0.2754,0.2821,0.2777,0.2814,0.2814,0.2829,0.2791,0.3052,0.3071,0.2838,0.284,,,,,,,,0.308,,0.2828,0.2828,0.2813,,0.2861,,,0.2848,,,2026-03-03,,,,,,3.35,,0.2828,2.85,,,,,,,,3.0,Not Found
d85249f9dcdda6473981e1c64fa773e5,tennis_wta_indian_wells,WTA Indian Wells,2026-03-03T22:00:00Z,2026-03-03T21:52:12Z,Nikola Bartunkova @ Himeno Sakatsume,Himeno Sakatsume,,,,,,2.75,2.75,,,,,2.91,,,,2.96,,,2.9,,,,3.03,3.03,2.95,,,,2.9,,2.9,,,,,,,0.3221,0.3221,,,,,0.3246,,,,0.3118,,,0.3153,,,,0.3104,0.3104,0.3174,,,,0.3153,,0.3153,,2026-03-03,,,,,,,,,,,,,,,,,2.0,Not Found
838dacb26dd13cbe51d6272eec77b9d7,basketball_ncaab,NCAAB,2026-03-03T23:00:00Z,2026-03-03T22:21:36Z,Bryant Bulldogs @ New Hampshire Wildcats,New Hampshire Wildcats,1.78,,,,1.83,,,,1.83,,1.75,1.83,,1.89,1.85,1.83,1.83,,1.8,1.77,1.77,1.88,1.82,1.82,,,1.73,1.89,1.73,1.77,,,0.5382,,,,0.5232,,,,0.5232,,0.5382,0.522,,0.5242,0.5299,0.5232,0.5293,,0.5278,0.5386,0.5386,0.5256,0.5272,0.5272,,,0.539,0.5287,0.539,0.5287,,,2026-03-03,,,,,,,,,,,,,,,Polymarket,1.89,2.0,Not Found
d941f1808290725a9a5f6a84e2eb9b24,baseball_ncaa,NCAA Baseball,2026-03-03T23:00:00Z,2026-03-03T22:21:36Z,Florida Atlantic Owls @ Florida Gators,Florida Atlantic Owls,6.4,,,,6.0,,,,6.0,,,,,,,,,,6.0,,5.2,,6.03,6.03,6.0,5.8,5.32,,,,,,0.1277,,,,0.1369,,,,0.1369,,,,,,,,,,0.1329,,0.1457,,0.1365,0.1365,0.1329,0.1398,0.1515,,,,,,2026-03-03,,,,,,,,,,,,,,,,,2.0,Not Found
20d80a618cfb9a8333b82ef41c7862cf,baseball_ncaa,NCAA Baseball,2026-03-03T23:00:00Z,2026-03-03T22:21:36Z,Georgia Bulldogs @ Kennesaw St Owls,Georgia Bulldogs,1.16,,,,1.16,,,,1.18,,,,,,,,,,1.17,,1.18,,1.18,1.18,1.17,1.18,1.15,,,,,,0.831,,,,0.831,,,,0.8173,,,,,,,,,,0.8274,,0.8018,,0.8176,0.8176,0.8221,0.8126,0.8332,,,,,,2026-03-03,,,,,,,,,,,,,,,,,2.0,Not Found
7198c3ceff4cdbe756f0096f428a94c4,baseball_ncaa,NCAA Baseball,2026-03-03T23:00:00Z,2026-03-03T22:21:36Z,Georgia Tech Yellow Jackets @ Georgia St Panthers,Georgia St Panthers,,,,,6.5,,,,7.0,,,,,,,,,,6.0,,4.5,,6.95,6.95,7.0,6.6,4.56,,,,,,,,,,0.1224,,,,0.1169,,,,,,,,,,0.1329,,0.1725,,0.1132,0.1132,0.1085,0.117,0.1859,,,,,,2026-03-03,,,,,,,,,,,,,,,,,2.0,Not Found
22a27cfcc1c5cf3fe119a3938d9ad8cc,basketball_ncaab,NCAAB,2026-03-03T23:00:00Z,2026-03-03T22:51:27Z,Georgia St Panthers @ Louisiana Ragin' Cajuns,Georgia St Panthers,1.85,,,,1.85,,,1.89,1.83,,1.82,1.83,,1.89,1.89,1.83,1.89,,1.8,1.83,1.83,1.91,1.83,1.83,1.91,1.83,,1.93,1.73,1.81,1.8,,0.5177,,,,0.5177,,,0.517,0.5232,,0.5157,0.5269,,0.5242,0.5146,0.5232,0.5146,,0.5278,0.5168,0.5168,0.5155,0.5232,0.5232,0.5,0.5232,,0.5175,0.539,0.5158,0.5339,,2026-03-03,,,,,,,,,,,,,,,Polymarket,1.89,2.0,Not Found
1f30bfaf416b8e0a299622e03f0660a7,basketball_ncaab,NCAAB,2026-03-04T00:00:00Z,2026-03-03T23:17:58Z,Akron Zips @ Central Michigan Chippewas,Akron Zips,1.11,,,,1.13,1.11,1.11,,1.13,,1.15,1.13,,1.15,1.14,1.13,1.14,,,1.15,1.15,1.16,1.13,1.13,1.12,1.13,1.12,1.14,1.11,1.11,1.12,,0.8723,,,,0.8625,0.8635,0.8635,,0.8625,,0.8367,0.8645,,0.8648,0.8686,0.8625,0.8656,,,0.8395,0.8395,0.8575,0.8636,0.8636,0.8664,0.8631,0.8631,,0.8671,0.865,0.8695,,2026-03-04,,,,,,,,,,,,,,,Polymarket,1.15,2.0,Not Found
b2d712d4bc52b6ccf880609e86835f24,basketball_ncaab,NCAAB,2026-03-04T02:00:00Z,2026-03-04T02:47:48Z,San José St Spartans @ Fresno St Bulldogs,San José St Spartans,10.8,,,,8.75,,7.5,,9.5,,,,,11.11,12.5,,,,8.5,11.0,9.5,8.3,,,10.0,,,,,,,,0.0609,,,,0.0854,,0.0859,,0.0809,,,,,0.0733,0.077,,,,0.0826,0.06,0.0624,0.0885,,,0.0738,,,,,,,,2026-03-04,,,,,,,,,,,,,,,Polymarket,11.11,2.0,Not Found
c9bda8ebdde8f88dc3c3ac309b4fd1b3,basketball_ncaab,NCAAB,2026-03-04T03:00:00Z,2026-03-04T02:47:48Z,LSU Tigers @ Auburn Tigers,LSU Tigers,5.4,,,,5.0,4.7,4.7,,5.4,,4.5,5.25,,5.56,5.26,5.05,5.32,,5.1,4.6,4.6,5.3,4.83,4.83,5.1,4.9,5.0,6.2,4.75,,4.7,,0.1616,,,,0.1763,0.1753,0.1753,,0.1652,,0.1909,0.1715,,0.1733,0.1784,0.1753,0.1875,,0.1707,0.192,0.192,0.1845,0.1869,0.1869,0.1707,0.1854,0.1614,0.1605,0.1705,,0.1897,,2026-03-04,,,,,,,,,,,,,,,Polymarket,5.56,2.0,Not Found
b2d5246671476f4091d56125e96a90ab,basketball_ncaab,NCAAB,2026-03-04T01:43:22Z,2026-03-04T02:47:48Z,UL Monroe Warhawks @ Old Dominion Monarchs,Old Dominion Monarchs,1.02,,,,1.04,,,1.01,1.04,,,,,1.06,1.06,,,,1.04,,,,,,,,,,,,,,0.9517,,,,0.9332,,,,0.9391,,,,,,0.9367,,,,0.9252,,,,,,,,,,,,,,2026-03-04,,,,,,,,,,,,,,,Polymarket,1.06,2.0,Not Found
fb7ecd007c657a6c552abf9bb2fb5031,basketball_ncaab,NCAAB,2026-03-04T02:02:00Z,2026-03-04T04:23:37Z,Vanderbilt Commodores @ Ole Miss Rebels,Ole Miss Rebels,5.0,,,,9.0,,3.28,1.01,6.5,,8.5,2.67,,6.67,4.0,,2.75,,7.5,9.5,3.35,,,,,,,,,,,,0.169,,,,0.0794,,0.2556,,0.1265,,0.0734,0.3517,,0.1285,0.2404,,,,0.095,0.0764,0.2586,,,,,,,,,,,,2026-03-04,,,,,,,,,,,,,,,Polymarket,6.67,2.0,Not Found
1da265a6a1035935a4d2f806af7c3a74,basketball_nba,NBA,2026-03-04T04:12:00Z,2026-03-04T04:23:37Z,Phoenix Suns @ Sacramento Kings,Sacramento Kings,3.85,3.25,3.55,3.38,3.6,3.9,3.9,4.0,3.5,3.55,3.4,4.05,4.0,4.0,4.17,3.5,3.97,3.55,3.8,3.55,3.45,3.9,3.92,3.97,3.85,3.93,,,3.6,,3.95,,0.2299,0.244,0.2502,0.2479,0.2513,0.2217,0.2217,0.2433,0.2553,0.2562,0.2564,0.217,0.2433,0.2462,0.2353,0.2553,0.2413,0.2562,0.2316,0.2562,0.2573,0.2465,0.2339,0.2353,0.2266,0.2335,,,0.2513,,0.2329,,2026-03-04,3.2,,0.2716,,3.7,3.9,0.2351,0.2345,,,,,3.55,0.2562,Polymarket,4.0,2.0,Not Found
38e89d5c7befbd86ba71049cbff87bbf,soccer_greece_super_league,Super League - Greece,2026-03-04T16:00:00Z,2026-03-04T04:23:37Z,OFI Crete @ Panathinaikos,Panathinaikos,1.32,1.34,1.37,1.35,1.4,1.41,1.41,1.43,1.4,1.4,1.4,1.39,,,,,,1.4,1.36,1.4,,,1.39,1.39,1.36,1.36,1.37,,1.36,,,,0.7243,0.7,0.6965,0.7078,0.6926,0.6898,0.6898,0.6961,0.6954,0.6844,0.6835,0.7041,,,,,,0.6974,0.7021,0.6844,,,0.705,0.705,0.7048,0.7048,0.7072,,0.7021,,,,2026-03-04,1.37,1.37,0.7015,0.6961,1.33,,0.7076,,1.24,1.38,,0.7012,,,,,3.0,Not Found
ece5ed12a1f89d6f555c9a51e994ccb7,icehockey_liiga,Liiga,2026-03-04T16:30:00Z,2026-03-04T04:23:37Z,SaiPa @ HIFK,SaiPa,,1.96,2.1,2.03,,1.75,1.75,,1.74,2.23,2.3,1.76,,,,,,2.35,,2.23,1.78,,,,1.77,,2.25,,1.8,,2.2,,,,0.4381,,,,,,,0.4271,0.4253,,,,,,,0.4157,,0.4271,,,,,,,0.4235,,,,0.4193,,2026-03-04,2.1,,0.448,,,,,,,,,,,,,,3.0,Not Found
79d4bbb887828c72df2d30bec3f65050,icehockey_mestis,Mestis,2026-03-04T16:30:00Z,2026-03-04T04:23:37Z,IPK @ Hermes,Hermes,,,,,,,,,,3.0,3.0,2.15,,,,,,,2.2,3.0,2.23,,,,2.15,,2.8,,,,,,,,,,,,,,,,,0.4295,,,,,,,0.4167,,0.4057,,,,0.4332,,,,,,,,2026-03-04,,,,,,,,,,,,,,,,,2.0,Not Found
106290df87c6792dadaf160847fe4a0b,soccer_australia_aleague,A-League,2026-03-04T08:00:00Z,2026-03-04T06:06:48Z,Central Coast Mariners @ Macarthur FC,Draw,,4.1,4.3,,4.1,4.15,4.15,4.5,4.3,4.2,4.2,4.47,4.5,,,4.35,,4.4,4.0,4.2,,,4.62,4.62,4.3,4.3,,,4.0,4.3,4.33,4.05,,0.1962,0.1995,,0.2177,0.2173,0.2173,0.2187,0.2133,0.2131,0.2184,0.2116,0.2187,,,0.2094,,0.2134,0.2192,0.2131,,,0.2054,0.2054,0.2112,0.2112,,,0.2192,0.2087,0.2088,0.207,2026-03-04,,4.3,,0.2107,,,,,4.2,,0.2033,,,,,,3.0,Not Found
43cbf12ad74c49ea7e02dff59db664a0,basketball_nbl,NBL,2026-03-04T08:30:00Z,2026-03-04T06:06:48Z,Perth Wildcats @ S.E. Melbourne Phoenix,Perth Wildcats,,,,,,2.4,,,,,2.4,,,,,,,2.5,,,2.43,,,,2.55,,,,,2.65,,,,,,,,0.3794,,,,,0.3878,,,,,,,0.3711,,,0.3852,,,,0.3605,,,,,0.3553,,,2026-03-04,,,,,,,,,,,,,,,,,2.0,Not Found
1c23e48e14427b08e9598bddc2cfc29a,icehockey_ahl,AHL,2026-03-04T16:00:00Z,2026-03-04T08:24:02Z,Cleveland Monsters @ Toronto Marlies,Cleveland Monsters,,2.0,2.05,2.03,,,,,,,,,,,1.61,2.16,,,,2.25,1.76,,,,1.74,,2.12,,1.7,,,2.05,,,,,,,,,,,,,,,0.5655,,,,,,0.5264,,,,0.5435,,,,0.5502,,,,2026-03-04,2.0,2.1,,,,,,,,,,,,,,,2.0,Not Found
f77411ce2fde2544f9d7abfceb3a2a63,icehockey_liiga,Liiga,2026-03-04T16:30:00Z,2026-03-04T09:55:25Z,Jukurit @ Tappara,Tappara,,1.16,1.19,1.17,,1.11,1.11,,1.16,1.18,1.22,1.11,,,,,,1.23,1.11,1.18,1.11,,,,1.1,,1.22,,1.11,,1.18,1.17,,,0.8052,,,,,,,0.8263,0.8091,,,,,,,0.8022,,0.8263,,,,,,,0.7986,,,,0.8045,,2026-03-04,1.17,,0.8256,,,,,,,,,,,,,,3.0,Not Found
8f0bae97758b75be29cb157e1956fe6c,cricket_t20_world_cup,T20 World Cup,2026-03-04T13:30:00Z,2026-03-04T11:49:27Z,South Africa @ None,New Zealand,2.36,,,,,,,2.54,2.35,,2.4,2.53,2.54,,,2.36,,,2.3,,,,,,2.35,,,,2.38,2.34,2.3,,0.3934,,,,,,,0.392,0.3943,,0.3899,0.375,0.392,,,0.3934,,,0.3841,,,,,,0.4022,,,,0.3916,0.3869,0.4049,,2026-03-04,,,,,,,,,,,,,,,,,2.0,Not Found
ba3b5a85ecee77264173880b64b2254e,icehockey_liiga,Liiga,2026-03-04T16:30:00Z,2026-03-04T11:49:27Z,JYP @ Kiekko-Espoo,JYP,,2.4,2.5,2.47,,2.02,2.02,,2.05,2.75,2.85,2.02,,,,,,2.7,2.0,2.75,2.08,,,,2.0,,2.76,,2.0,,2.6,2.45,,,0.3606,0.3554,,,,,,0.3421,0.3402,,,,,,,0.3604,,0.3421,,,,,,,0.3417,,,,0.3503,,2026-03-04,2.65,,0.3474,,,,,,,,,,,,,,3.0,Not Found
4c6f1275347177ab0a2ac102ffd887ad,icehockey_mestis,Mestis,2026-03-04T16:30:00Z,2026-03-04T11:49:27Z,Jokerit @ JoKP,JoKP,,,,,,3.65,3.65,,,5.2,5.2,3.35,,,,,,,,5.2,3.7,,,,3.5,,5.4,,,,,,,,,,,0.2402,0.2402,,,,,0.2556,,,,,,,,,0.2253,,,,0.2553,,,,,,,,2026-03-04,,,,,,,,,,,,,,,,,2.0,Not Found
8f0bae97758b75be29cb157e1956fe6c,cricket_t20_world_cup,T20 World Cup,2026-03-04T13:30:00Z,2026-03-04T14:25:26Z,New Zealand @ South Africa,South Africa,2.75,,,,,,,4.7,4.2,,4.0,,5.1,,,,,,3.6,,,,,,2.35,,,,,,,,0.3297,,,,,,,0.2096,0.2092,,0.2048,,0.1948,,,,,,0.2152,,,,,,0.4022,,,,,,,,2026-03-04,,,,,,,,,,,,,,,,,2.0,Not Found
5706e187c97eb726ed3a1f656bd634dd,icehockey_liiga,Liiga,2026-03-04T16:30:00Z,2026-03-04T17:52:35Z,Lukko @ TPS,TPS,,3.6,3.8,9.75,,5.95,5.23,,2.14,3.45,3.35,2.86,,,,,,4.5,2.38,9.0,2.15,,,,2.55,,,,,,,,,,0.2246,,,,,,,0.2595,0.2559,,,,,,,0.2015,,0.079,,,,,,,,,,,,,2026-03-04,,,,,,,,,,,,,,,,,3.0,Not Found
05e8d8277d4f04aa56a45793e41cb3b8,soccer_germany_liga3,3. Liga - Germany,2026-03-04T18:00:00Z,2026-03-04T17:52:35Z,Wehen Wiesbaden @ 1. FC Saarbrücken,1. FC Saarbrücken,,,1.94,,,1.95,1.95,1.98,,1.93,1.93,1.91,,,,,,1.93,1.91,1.93,,,1.93,1.93,1.88,,,,,,,,,,0.489,,,0.4847,0.4847,0.501,,0.4852,0.4852,0.5071,,,,,,0.4909,0.4863,0.4852,,,0.5009,0.5009,0.5001,,,,,,,,2026-03-04,1.9,1.93,0.5039,0.4883,,,,,,1.85,,0.5072,,,,,3.0,Not Found
e077450013040ba439e834d052becb5f,soccer_greece_super_league,Super League - Greece,2026-03-04T18:00:00Z,2026-03-04T17:52:35Z,PAOK Thessaloniki @ AE Kifisia FC,AE Kifisia FC,8.0,6.25,6.5,7.0,7.5,,7.8,8.8,8.0,,,7.91,,,,,,8.0,7.0,,,,8.0,8.0,7.25,7.0,7.36,,7.0,,,6.8,0.0991,0.1156,0.1203,0.1032,0.1101,,0.1078,0.1113,0.1078,,,0.1112,,,,,,0.1079,0.1135,,,,0.1093,0.1093,0.1097,0.1151,0.112,,0.1135,,,0.1051,2026-03-04,8.0,7.0,0.0958,0.1095,6.8,,0.1033,,6.75,7.8,,0.1049,,,,,3.0,Not Found
a561fff4bf5e5d2829d6e21f248b7408,icehockey_sweden_allsvenskan,HockeyAllsvenskan,2026-03-04T18:00:00Z,2026-03-04T17:52:35Z,Kalmar HC @ BIK Karlskoga,Kalmar HC,,,,,,1.85,1.85,,,2.4,2.4,1.82,,,,,,2.4,,2.4,,,,,1.83,,2.32,,,2.32,,,,,,,,,,,,0.3926,0.3926,,,,,,,0.3938,,0.3926,,,,,,,0.3986,,,0.3986,,,2026-03-04,,2.3,,0.3977,,,,,,,,,,,,,3.0,Not Found
c9f91d8eb080b489cd65317276b350c4,icehockey_sweden_allsvenskan,HockeyAllsvenskan,2026-03-04T18:00:00Z,2026-03-04T18:38:56Z,IK Oskarshamn @ Modo Hockey,IK Oskarshamn,,,,,,2.0,2.0,,,2.65,2.6,2.06,,,,,,2.75,,2.65,,,,,2.05,,,,,,,,,,,,,,,,,0.3452,0.3421,,,,,,,0.3388,,0.3452,,,,,,,,,,,,,2026-03-04,,2.6,,0.3459,,,,,,,,,,,,,3.0,Not Found
4cf094aa42927961e39d7da472fa03bf,soccer_italy_serie_b,Serie B - Italy,2026-03-04T19:00:00Z,2026-03-04T18:38:56Z,Sampdoria @ Juve Stabia,Sampdoria,3.4,2.95,3.05,3.08,3.2,3.15,3.15,3.65,3.3,3.1,3.1,3.43,3.65,,,,,3.2,3.1,3.1,3.1,,3.32,3.32,3.25,3.25,3.29,,3.1,3.28,,3.1,0.2715,0.2921,0.292,0.2845,0.287,0.2892,0.2892,0.2732,0.2823,0.2936,0.2923,0.2801,0.2732,,,,,0.2945,0.2905,0.2936,0.2936,,0.2849,0.2849,0.28,0.2788,0.2819,,0.2905,0.2814,,0.2812,2026-03-04,3.3,3.3,0.2745,0.2863,,,,,3.0,,,,,,,,3.0,Not Found
aec8010a386f039b8e42a119d49148ce,soccer_germany_bundesliga,Bundesliga - Germany,2026-03-04T19:30:00Z,2026-03-04T19:27:02Z,Bayer Leverkusen @ Hamburger SV,Bayer Leverkusen,2.0,1.96,1.98,2.02,2.05,2.02,2.02,2.06,1.95,2.02,1.94,2.04,2.06,,,2.03,,2.08,1.95,2.0,1.93,,2.04,2.04,2.0,2.0,2.03,,1.95,2.02,2.0,2.0,0.4813,0.4841,0.4859,0.4814,0.4707,0.4756,0.4756,0.4837,0.4847,0.4868,0.4943,0.4804,0.4837,,,0.4763,,0.4694,0.4819,0.4889,0.4936,,0.4782,0.4782,0.4815,0.4825,0.482,,0.4819,0.4817,0.4827,0.4731,2026-03-04,1.97,2.01,0.4916,0.4811,1.97,,0.4845,,1.95,2.0,0.4885,0.4817,,,,,3.0,Not Found
95d6143d33ca4da43e15a7b698da9a8f,tennis_wta_indian_wells,WTA Indian Wells,2026-03-04T19:10:00Z,2026-03-04T20:44:42Z,Oksana Selekhmeteva @ Kimberly Birrell,Kimberly Birrell,1.02,1.02,1.04,1.08,1.01,1.01,1.01,1.01,1.02,1.05,1.03,1.05,,,,,,1.06,1.06,1.01,,,,,,,,,,,,,0.9717,0.9652,0.9308,0.8796,0.9673,0.9606,0.9606,,0.9702,0.9262,0.9266,0.9501,,,,,,0.9217,0.9092,0.9656,,,,,,,,,,,,,2026-03-04,1.02,2.09,0.9447,0.4485,,,,,,,,,,,,,2.0,Not Found
4d32cfd3997ed8a71ff2e46694cd0cd3,soccer_switzerland_superleague,Swiss Superleague,2026-03-04T19:30:00Z,2026-03-04T20:44:42Z,BSC Young Boys @ FC Luzern,BSC Young Boys,1.17,1.2,1.17,1.15,1.18,1.16,1.16,1.25,1.19,1.21,1.18,1.8,1.25,,,,,1.2,1.22,1.21,,,,,1.2,,,,,,,,0.8217,0.8039,0.8229,0.8251,0.8101,0.8267,0.8267,0.7944,0.8171,0.7951,0.8032,0.5333,0.7944,,,,,0.8098,0.7875,0.7951,,,,,0.8087,,,,,,,,2026-03-04,1.15,,0.8367,,,,,,,,,,,,,,3.0,Not Found
3daaad57a7f9b5c4301fa1a8b74a5b5c,soccer_italy_coppa_italia,Coppa Italia,2026-03-04T20:00:00Z,2026-03-04T21:18:22Z,Atalanta BC @ Lazio,Atalanta BC,,3.2,3.3,3.1,3.1,,,3.5,,3.45,3.3,3.11,,,,,,,3.25,3.35,,,,,,,,,,,,,,0.2666,0.2684,0.2954,0.2912,,,0.2834,,0.2638,0.2643,0.2998,,,,,,,0.2699,0.2683,,,,,,,,,,,,,2026-03-04,3.1,,0.2941,,,,,,,,,,,,,,3.0,Not Found
99d963cb9d9285c93ff7146cf7eeb17a,soccer_france_coupe_de_france,Coupe de France,2026-03-04T20:00:00Z,2026-03-04T21:18:22Z,Toulouse @ Marseille,Marseille,,1.23,1.21,2.35,,,,,,1.25,1.24,,,,,,,,1.25,1.25,,,,,,,,,,,,,,0.7807,0.794,0.3994,,,,,,0.7688,0.7638,,,,,,,,0.772,0.7688,,,,,,,,,,,,,2026-03-04,,,,,,,,,,,,,,,,,3.0,Not Found
bf8bec69ac5ee67d72a2f5623ce13e00,tennis_wta_indian_wells,WTA Indian Wells,2026-03-04T20:50:00Z,2026-03-04T21:18:22Z,Elena Gabriela Ruse @ Ajla Tomljanovic,Elena Gabriela Ruse,2.15,1.98,2.0,2.4,2.15,2.1,2.1,2.5,1.96,2.06,1.97,2.36,,,,,,2.1,1.91,2.06,,,,,2.1,,,,,,,,0.4402,0.4549,0.4559,0.3728,0.4295,0.444,0.444,0.3795,0.4804,0.4586,0.4614,0.4051,,,,,,0.4524,0.484,0.4586,,,,,0.4556,,,,,,,,2026-03-04,2.2,,0.4148,,,,,,,,,,,,,,2.0,Not Found
40be44edd9c20491395ee69376b93cb3,tennis_atp_indian_wells,ATP Indian Wells,2026-03-04T21:00:00Z,2026-03-04T21:52:54Z,Gabriel Diallo @ Mattia Bellucci,Gabriel Diallo,1.71,1.66,1.72,1.63,1.71,1.75,1.75,1.8,1.77,1.7,1.65,1.81,,,,1.79,,1.7,1.67,1.7,,,1.85,1.85,1.77,1.77,,,1.8,,,,0.5598,0.5512,0.5407,0.5687,0.5485,0.5418,0.5418,0.5526,0.535,0.5616,0.5626,0.5323,,,,0.533,,0.5616,0.5613,0.5616,,,0.5177,0.5177,0.5444,0.5325,,,0.5278,,,,2026-03-04,1.7,,0.556,,1.79,,0.5342,,,,,,,,,,2.0,Not Found
41e7eaca80b64dfddb7540c947440d8f,baseball_ncaa,NCAA Baseball,2026-03-04T22:00:00Z,2026-03-04T21:52:54Z,Belmont Bruins @ Middle Tennessee Blue Raiders,Belmont Bruins,2.58,,,,2.75,,,,2.7,,,,,,,,,,,,2.7,,,,2.7,,2.57,,,,,,0.3582,,,,0.3346,,,,0.3404,,,,,,,,,,,,0.3331,,,,0.3355,,0.3544,,,,,,2026-03-04,,,,,,,,,,,,,,,,,2.0,Not Found
8f94c1449569f09f23df18ee7552967b,soccer_conmebol_copa_sudamericana,Copa Sudamericana,2026-03-04T22:00:00Z,2026-03-04T21:52:54Z,C.D. San Antonio Bulo Bulo @ Blooming,C.D. San Antonio Bulo Bulo,,,,,,,4.45,4.9,4.5,,4.6,4.61,4.9,,,,,4.4,4.5,4.6,,,,,4.4,,5.15,,4.5,,,,,,,,,,0.1967,0.2003,0.2025,,0.1852,0.1924,0.2025,,,,,0.2029,0.1942,0.1888,,,,,0.2051,,0.1838,,0.1942,,,,2026-03-04,,,,,,,,,,,,,,,,,3.0,Not Found
f9a0a489dcec91f49be7e1fe7148474e,basketball_ncaab,NCAAB,2026-03-05T00:00:00Z,2026-03-04T23:39:51Z,Chicago St Cougars @ LIU Sharks,LIU Sharks,1.12,,,,1.16,1.11,1.11,,,,1.15,1.15,,1.15,1.14,1.15,1.15,,,1.16,1.16,1.17,1.15,1.15,1.12,,1.12,1.14,,,1.15,,0.8683,,,,0.8401,0.8635,0.8635,,,,0.8367,0.8463,,0.8648,0.8686,0.848,0.8553,,,0.8349,0.8349,0.8504,0.848,0.848,0.8695,,0.8631,0.8757,,,0.8471,,2026-03-05,,,,,,,,,,,,,,,Polymarket,1.15,2.0,Not Found
676445c5e361c968ca7563af3e2f1971,basketball_ncaab,NCAAB,2026-03-04T23:31:20Z,2026-03-04T23:58:57Z,Minnesota Golden Gophers @ Indiana Hoosiers,Minnesota Golden Gophers,4.0,,,,3.9,,3.28,3.0,3.9,,3.35,5.79,,4.55,4.76,3.91,2.55,,,3.65,3.4,3.75,,,,,,,,,,,0.2185,,,,0.225,,0.2556,,0.225,,0.2556,0.1399,,0.2162,0.205,0.2247,,,,0.2494,0.2595,0.2235,,,,,,,,,,,2026-03-04,,,,,,,,,,,,,,,Polymarket,4.55,2.0,Not Found
6047626b7a0aeafe4104c1a1573ba6dc,basketball_ncaab,NCAAB,2026-03-04T23:30:00Z,2026-03-04T23:58:57Z,Fordham Rams @ La Salle Explorers,La Salle Explorers,1.49,,,,1.56,,1.42,,,,,,,1.56,1.56,1.6,1.67,,,1.4,1.36,1.78,,,1.54,,,,,,,,0.6387,,,,0.6122,,0.656,,,,,,,0.6304,0.6304,0.5951,,,,0.6877,0.6982,0.5334,,,0.6163,,,,,,,,2026-03-04,,,,,,,,,,,,,,,Polymarket,1.56,2.0,Not Found
f545957712bcc15a09ec24fdfb085e62,tennis_wta_indian_wells,WTA Indian Wells,2026-03-04T22:42:00Z,2026-03-04T23:58:57Z,Beatriz Haddad Maia @ Jessica Bouzas Maneiro,Beatriz Haddad Maia,4.2,3.75,3.9,3.63,4.0,4.05,4.05,4.4,3.69,4.0,3.8,4.57,,,,,,4.0,3.75,4.0,,,,,4.25,,,,,,,,0.2125,0.2301,0.2184,0.2312,0.2152,0.2136,0.2136,0.223,0.2449,0.225,0.2217,0.2062,,,,,,0.225,0.2333,0.225,,,,,0.2144,,,,,,,,2026-03-04,4.0,,0.2152,,,,,,,,,,,,,,2.0,Not Found
332a7b0392098a34ede1ee16cad1edf5,tennis_wta_indian_wells,WTA Indian Wells,2026-03-04T23:00:00Z,2026-03-04T23:58:57Z,Alycia Parks @ Himeno Sakatsume,Himeno Sakatsume,1.71,1.76,1.8,1.91,1.77,1.8,1.8,2.18,1.87,1.91,1.85,2.06,,,,,,1.85,1.7,1.91,,,,,1.91,,,,,,,,0.5598,0.5153,0.5174,0.4793,0.53,0.5278,0.5278,0.4561,0.5042,0.4958,0.4955,0.4665,,,,,,0.5152,0.5502,0.4958,,,,,0.5,,,,,,,,2026-03-04,1.85,,0.5071,,,,,,,,,,,,,,2.0,Not Found
b312ad016d1672957f644672f27f162c,basketball_ncaab,NCAAB,2026-03-05T00:00:00Z,2026-03-04T23:58:57Z,Cleveland St Vikings @ Wright St Raiders,Wright St Raiders,1.06,,,,1.07,1.05,1.05,1.09,1.06,,1.07,1.08,,,1.08,1.07,1.08,,,1.07,1.07,1.09,1.07,1.07,1.07,1.07,1.06,1.08,1.06,1.07,1.07,,0.9212,,,,0.9117,0.9137,0.9137,0.9087,0.9217,,0.9006,0.9081,,,0.918,0.916,0.913,,,0.9085,0.9085,0.9152,0.916,0.916,0.9085,0.9147,0.9092,,0.9092,0.8969,0.9101,,2026-03-05,,,,,,,,,,,,,,,,,2.0,Not Found
74d3f3b26e4533b8f3a872b12df612c5,rugbyleague_nrl,NRL,2026-03-05T09:00:00Z,2026-03-05T04:27:33Z,Parramatta Eels @ Melbourne Storm,Parramatta Eels,,2.9,2.7,,,2.9,2.9,,,2.7,2.7,2.72,,,,,,,,2.7,2.7,,2.89,,2.8,,,,,2.73,,,,0.3065,0.3352,,,0.3254,0.3254,,,,,,,,,,,,,,,,,,0.3295,,,,,0.3377,,,2026-03-05,2.8,,0.32,,,,,,,,,,,,,,3.0,Not Found
19ec1ba0d7f6e60eb98c5037aa2f34f7,basketball_euroleague,Basketball Euroleague,2026-03-05T17:45:00Z,2026-03-05T05:33:31Z,AS Monaco @ Fenerbahce SK,Fenerbahce SK,1.41,1.39,1.42,,1.48,1.42,1.42,1.48,1.46,1.41,1.4,1.44,,,,1.42,,1.43,1.4,1.41,1.41,,1.42,1.42,1.43,,1.45,,1.43,1.47,1.4,1.38,0.6857,0.6779,0.6797,,0.6527,0.6826,0.6826,0.6642,0.6639,0.6851,0.6847,0.6742,,,,0.6729,,0.6742,0.6847,0.6851,0.6851,,0.6854,0.6854,0.6772,,0.6712,,0.6772,0.6583,0.6753,0.6805,2026-03-05,,1.39,,0.6779,,,,,,,,,1.39,0.6792,,,2.0,Not Found
36743e984459fe86d59d176cd970e1d0,icehockey_liiga,Liiga,2026-03-05T16:30:00Z,2026-03-05T06:29:55Z,KalPa @ Ässät,KalPa,,2.75,2.9,2.82,,2.25,2.3,,2.3,2.95,3.05,2.26,,,,,,,2.2,2.95,2.25,,,,2.25,,3.03,,2.2,,2.95,2.8,,,0.3101,0.3052,,,,,,0.3181,0.3181,,,,,,,,,0.3181,,,,,,,0.3091,,,,0.3018,,2026-03-05,3.0,,0.3035,,,,,,,,,,,,,,3.0,Not Found
0f3cc9e3e584e25ae336e36dedf8e661,cricket_t20_world_cup,T20 World Cup,2026-03-05T13:30:00Z,2026-03-05T08:57:44Z,England @ India,England,2.74,,,,,,,2.9,2.8,,2.7,2.97,2.9,,,2.78,,,2.7,,,,,,2.85,,,,2.75,2.69,2.7,,0.3328,,,,,,,0.3435,0.3289,,0.345,0.3137,0.3435,,,0.3302,,,0.3175,,,,,,0.3282,,,,0.3346,0.3313,0.3404,,2026-03-05,,,,,,,,,,,,,,,,,2.0,Not Found
611edd12943a89a6bfb4e70fc3b70fc4,icehockey_sweden_hockey_league,SHL,2026-03-05T18:00:00Z,2026-03-05T10:55:42Z,Brynäs IF @ Timrå IK,Brynäs IF,,2.1,2.25,,,1.82,1.82,,1.82,2.43,2.38,1.82,,,1.72,,,2.4,1.8,2.35,,,,,1.83,,2.33,,,2.33,2.25,2.2,,,0.4081,,,,,,,0.4009,0.4043,,,,,,,0.4035,,0.4033,,,,,,,0.4069,,,0.4069,0.4074,0.4049,2026-03-05,,,,,,,,,,,,,,,,,3.0,Not Found
44a58695ace2b4fd3c55dbba2df8e538,icehockey_sweden_hockey_league,SHL,2026-03-05T18:00:00Z,2026-03-05T11:43:42Z,Färjestad BK @ Malmö Redhawks,Malmö Redhawks,,2.85,3.0,,,2.3,2.3,,2.5,3.3,3.25,2.47,,,2.33,,,3.2,2.38,3.2,,,,,2.35,,3.23,,,3.24,3.1,2.95,,,0.2969,,,,,,,0.2928,0.2924,,,,,,,0.3,,0.2914,,,,,,,0.2893,,,0.287,0.2873,0.2904,2026-03-05,,,,,,,,,,,,,,,,,3.0,Not Found
49f81ea3c3b5fa69eba3ea997eae558d,icehockey_sweden_hockey_league,SHL,2026-03-05T18:00:00Z,2026-03-05T12:03:46Z,Djurgårdens IF @ Örebro HK,Djurgårdens IF,,2.6,2.85,,,2.25,2.25,,2.3,3.3,3.25,2.28,,,2.13,,,3.1,2.2,3.2,,,,,2.3,,2.99,,,3.0,2.95,2.75,,,0.3139,,,,,,,0.2942,0.2921,,,,,,,0.3098,,0.2917,,,,,,,0.3134,,,0.311,0.3018,,2026-03-05,,,,,,,,,,,,,,,,,3.0,Not Found
2cd4c412e1c54c2c92904b0d629c45c3,icehockey_mestis,Mestis,2026-03-05T16:30:00Z,2026-03-05T14:11:55Z,RoKi @ Ketterä,Ketterä,,,,,,2.25,2.25,,,2.88,2.88,2.13,,,,,,,2.1,2.88,2.17,,,,2.1,,2.8,,,,,,,,,,,0.4097,0.4097,,,,,0.4335,,,,,,,0.4387,,0.4218,,,,0.4422,,,,,,,,2026-03-05,,,,,,,,,,,,,,,,,2.0,Not Found
4b3778c6a86b6e068efd2763dcc3dad2,icehockey_sweden_hockey_league,SHL,2026-03-05T18:00:00Z,2026-03-05T14:11:55Z,Rögle BK @ Frölunda HC,Draw,,3.75,3.95,,,,,,,4.0,4.0,,,,,,,4.2,,3.9,,,,,,,3.94,,,3.94,3.65,3.65,,,0.2168,,,,,,,0.2378,0.2339,,,,,,,0.2253,,0.234,,,,,,,0.2327,,,0.2313,0.2397,0.2242,2026-03-05,,,,,,,,,,,,,,,,,3.0,Not Found
cc3d523f8ffe7d582f7d98718b83347c,basketball_wncaab,WNCAAB,2026-03-05T16:05:00Z,2026-03-05T16:02:20Z,Clemson Tigers @ Virginia Cavaliers,Virginia Cavaliers,1.6,,,,1.65,,,,1.68,,,,,,1.67,,,,,,1.62,,,,,,,,,,,,0.5893,,,,0.5758,,,,0.5744,,,,,,0.5893,,,,,,0.5814,,,,,,,,,,,,2026-03-05,,,,,,,,,,,,,,,,,2.0,Not Found
ccb2c5929d6db59dc5b241562f8f4fe9,basketball_wncaab,WNCAAB,2026-03-05T16:05:00Z,2026-03-05T16:02:20Z,Kentucky Wildcats @ Georgia Bulldogs,Georgia Bulldogs,3.0,,,,3.1,,,,3.3,,,,,,2.94,,,,,,3.15,,,,,,,,,,,,0.299,,,,0.2936,,,,0.2811,,,,,,0.3204,,,,,,0.2828,,,,,,,,,,,,2026-03-05,,,,,,,,,,,,,,,,,2.0,Not Found
2cd4c412e1c54c2c92904b0d629c45c3,icehockey_mestis,Mestis,2026-03-05T16:31:00Z,2026-03-05T18:17:02Z,Ketterä @ RoKi,Ketterä,,,,,,1.08,1.08,,,1.2,1.16,1.09,,,,,,,1.05,1.2,1.09,,,,,,,,,,,,,,,,,0.886,0.886,,,,,0.8859,,,,,,,0.9206,,0.8694,,,,,,,,,,,,2026-03-05,,,,,,,,,,,,,,,,,2.0,Not Found
5f4f1c6ac5f956b72ada89d30f78b620,soccer_saudi_arabia_pro_league,Saudi Pro League,2026-03-05T19:00:00Z,2026-03-05T18:17:02Z,Al-Riyadh @ Damac,Al-Riyadh,,3.2,3.25,3.43,,,,3.9,,3.1,3.1,3.74,,,,,,,3.3,3.1,,,,,,,3.52,,3.3,,,,,0.2736,0.2723,0.2651,,,,0.2543,,0.2931,0.2893,0.2508,,,,,,,0.2591,0.2931,,,,,,,0.2507,,0.2591,,,,2026-03-05,3.6,,0.2485,,3.35,,0.2621,,,,,,,,,,3.0,Not Found
fccd3077b6dfbbe061a32a25dfce91c1,tennis_wta_indian_wells,WTA Indian Wells,2026-03-05T19:08:00Z,2026-03-05T20:21:17Z,Ashlyn Krueger @ Magda Linette,Ashlyn Krueger,1.24,1.29,1.28,1.26,1.2,1.25,1.22,1.29,1.29,1.29,1.21,1.28,1.35,,,,1.27,1.26,1.25,1.24,,,,,1.31,,,,,,,,0.7782,0.7361,0.7436,0.7498,0.7976,0.7684,0.7922,0.7656,0.7495,0.7487,0.7834,0.7678,0.7334,,,,0.7567,0.7686,0.7667,0.7813,,,,,0.7428,,,,,,,,2026-03-05,1.25,1.95,0.7611,0.4832,,,,,,,,,,,,,2.0,Not Found
1ae5b18f1e2dc69c8de5748edb903dcb,tennis_wta_indian_wells,WTA Indian Wells,2026-03-05T19:11:00Z,2026-03-05T20:58:06Z,Petra Marcinko @ Laura Siegemund,Laura Siegemund,3.1,3.35,2.8,3.27,3.3,3.6,3.1,3.3,3.44,3.35,3.2,3.46,2.88,,,,,3.9,3.75,2.9,,,,,3.4,,,,,,,,0.2963,0.2617,0.3189,0.2623,0.2698,0.2452,0.2963,0.2994,0.2637,0.2733,0.2716,0.2741,0.3425,,,,,0.2314,0.2333,0.3178,,,,,0.2711,,,,,,,,2026-03-05,2.8,,0.3214,,,,,,,,,,,,,,2.0,Not Found
4a3e98f5fe46828fafc1517b45f2922e,tennis_wta_indian_wells,WTA Indian Wells,2026-03-05T21:00:00Z,2026-03-05T20:58:06Z,Kayla Day @ Francesca Jones,Kayla Day,1.64,1.64,1.68,1.62,1.62,1.67,1.67,1.67,1.63,1.65,1.65,1.63,1.68,,,1.62,1.63,1.65,1.61,1.65,1.65,,1.62,1.62,,,1.63,,1.62,1.61,1.6,,0.5894,0.5776,0.5754,0.5931,0.5864,0.5742,0.5742,0.5961,0.5884,0.5808,0.5808,0.5984,0.5944,,,0.5913,0.601,0.5903,0.5932,0.5808,0.5808,,0.6003,0.6003,,,0.5875,,0.5913,0.5941,0.5951,,2026-03-05,1.62,1.65,0.5761,0.5758,1.65,,0.5758,,,,,,,,,,2.0,Not Found
11eae35da34ad307ec4547854601ca8a,tennis_wta_indian_wells,WTA Indian Wells,2026-03-05T21:10:00Z,2026-03-05T20:58:06Z,Anna Bondár @ Elsa Jacquemot,Elsa Jacquemot,2.6,2.55,2.6,2.72,2.45,2.55,2.55,2.78,2.56,2.5,2.5,2.62,2.78,,,2.57,2.7,2.6,2.38,2.5,2.5,,2.6,2.6,2.6,2.55,2.48,,2.38,2.52,2.45,,0.3634,0.3627,0.3634,0.3414,0.3773,0.365,0.365,0.3573,0.3664,0.3753,0.3753,0.3662,0.3573,,,0.3634,0.3584,0.3697,0.3916,0.3753,0.3753,,0.3697,0.3697,0.3612,0.3714,0.3769,,0.3916,0.3695,0.3773,,2026-03-05,2.4,2.5,0.375,0.3711,2.49,,0.3719,,,,,,,,,,2.0,Not Found
4619bb8c6eeb78433e01937ec6e59d9d,soccer_conmebol_copa_sudamericana,Copa Sudamericana,2026-03-05T22:00:00Z,2026-03-05T23:30:54Z,Recoleta FC @ Nacional Asunción (Par),Draw,,,,,,,3.05,3.35,3.2,,3.1,2.83,3.35,,,,,3.25,3.0,3.3,,,,,,,,,,,,,,,,,,,0.2939,0.2936,0.2908,,0.2852,0.332,0.2853,,,,,0.2829,0.2956,0.2784,,,,,,,,,,,,,2026-03-05,,,,,,,,,,,,,,,,,3.0,Not Found
b267ddbaae29033b4f571d19e615c023,basketball_ncaab,NCAAB,2026-03-05T23:03:06Z,2026-03-05T23:30:54Z,James Madison Dukes @ Southern Miss Golden Eagles,Southern Miss Golden Eagles,2.12,,,,1.95,,1.88,1.01,2.24,,1.77,,,,2.04,1.95,,,,1.83,1.79,2.15,,,2.15,,,,,,,,0.4417,,,,0.4832,,0.4819,,0.4146,,0.5165,,,,0.4805,0.4832,,,,0.5168,0.5189,0.4367,,,0.4332,,,,,,,,2026-03-05,,,,,,,,,,,,,,,,,2.0,Not Found
60fafa3c7d4f15756771cf25860ca4af,tennis_atp_indian_wells,ATP Indian Wells,2026-03-05T23:20:00Z,2026-03-05T23:30:54Z,Alex Michelsen @ Daniel Merida Aguilar,Alex Michelsen,1.25,1.28,1.3,1.31,1.22,1.27,1.3,1.21,1.23,1.27,1.24,1.35,1.32,,,1.3,1.25,1.25,1.25,1.27,,,1.33,1.33,1.22,,1.31,,1.3,,,,0.7718,0.7414,0.7331,0.7214,0.7848,0.7604,0.7397,0.7913,0.7877,0.7621,0.7643,0.7263,0.7522,,,0.7446,0.7649,0.7701,0.7667,0.7621,,,0.731,0.731,0.7987,,0.74,,0.7418,,,,2026-03-05,1.3,,0.7284,,1.33,,0.7267,,,,,,,,,,2.0,Not Found
b29b5e863565fe091071c5f424d124e3,boxing_boxing,Boxing,2026-03-05T23:30:00Z,2026-03-05T23:30:54Z,Shawn McCalman @ Moreno Fendero,Shawn McCalman,2.58,,,,,,,,2.6,,,2.45,,,,,,,,,,,2.53,2.53,,,,,,,,,0.3537,,,,,,,,0.3567,,,0.3916,,,,,,,,,,,0.3643,0.3643,,,,,,,,,2026-03-05,,,,,,,,,,,,,,,,,2.0,Not Found
91b708e92b8d7bae45274234f7d29b8a,tennis_wta_indian_wells,WTA Indian Wells,2026-03-06T00:41:00Z,2026-03-06T02:50:26Z,Magdalena Frech @ Storm Hunter,Magdalena Frech,1.33,1.31,1.31,1.21,1.34,1.2,1.25,1.27,1.33,1.3,1.3,1.53,1.28,,,,1.3,1.34,1.25,1.3,,,,,1.24,,,,,,,,0.7244,0.7204,0.7254,0.7816,0.7118,0.803,0.7701,0.785,0.7267,0.7418,0.7284,0.6367,0.7687,,,,0.7401,0.7216,0.7667,0.7418,,,,,0.7856,,,,,,,,2026-03-06,1.35,,0.7091,,,,,,,,,,,,,,2.0,Not Found
cfe508a5c1b0b6d472c117924cefa326,basketball_ncaab,NCAAB,2026-03-06T01:48:04Z,2026-03-06T02:50:26Z,Georgia Southern Eagles @ Arkansas St Red Wolves,Georgia Southern Eagles,1.52,,,,1.65,,,1.44,1.62,,1.45,,,,1.56,1.65,,,,1.49,1.48,,,,1.61,,,,,,,,0.6273,,,,0.5758,,,,0.5854,,0.6407,,,,0.6353,0.5758,,,,0.6433,0.6362,,,,0.5883,,,,,,,,2026-03-06,,,,,,,,,,,,,,,,,2.0,Not Found
d42602d2c65d524ee005b10ca2f91274,tennis_atp_indian_wells,ATP Indian Wells,2026-03-06T02:40:00Z,2026-03-06T02:50:26Z,Rinky Hijikata @ Francesco Maestrelli,Rinky Hijikata,1.67,1.45,1.36,1.55,1.5,1.5,1.5,1.44,1.31,1.49,1.44,1.71,1.44,,,1.72,1.49,1.4,1.44,1.49,1.73,,1.69,1.69,1.8,1.74,,,1.73,,,,0.5668,0.6407,0.6982,0.5953,0.6333,0.6373,0.6373,0.6519,0.7363,0.6455,0.6511,0.5692,0.6634,,,0.5571,0.6387,0.6905,0.6564,0.6455,0.5509,,0.5726,0.5726,0.5339,0.5435,,,0.5509,,,,2026-03-06,1.5,1.67,0.6333,0.569,1.67,1.69,0.5742,0.5633,,,,,,,,,2.0,Not Found
36bb65e60be585c87da6463305d02143,rugbyleague_nrl,NRL,2026-03-06T07:00:00Z,2026-03-06T04:25:44Z,Sydney Roosters @ New Zealand Warriors,Draw,,20.0,21.0,,,18.0,18.0,,,,,,,,,,,,,,,,,,20.0,,,,,27.0,,,,0.0113,0.0097,,,0.0338,0.0338,,,,,,,,,,,,,,,,,,0.021,,,,,0.009,,,2026-03-06,20.0,,0.0137,,,,,,,,,,,,,,3.0,Not Found
fc57cb223469e00714da6bcca7baa207,aussierules_afl,AFL,2026-03-06T09:05:00Z,2026-03-06T04:25:44Z,Geelong Cats @ Gold Coast Suns,Gold Coast Suns,,,,,,1.4,1.4,1.53,1.43,,,1.46,,,,,,1.44,,1.44,,,,,,1.45,,,,1.44,1.44,,,,,,,0.6685,0.6685,0.652,0.6711,,,0.6593,,,,,,0.6687,,0.6654,,,,,,0.6663,,,,0.6564,0.6549,,2026-03-06,1.4,,0.672,,,,,,,,,,,,,,2.0,Not Found
0718fe91d4802e77e537cdef248a5f6f,basketball_ncaab,NCAAB,2026-03-06T05:00:00Z,2026-03-06T05:32:00Z,UC Riverside Highlanders @ Hawai'i Rainbow Warriors,UC Riverside Highlanders,11.6,,,,11.0,,8.5,,11.0,,,,,11.11,12.5,9.25,,,,14.0,,,,,11.0,,,,,,,,0.0577,,,,0.06,,0.0686,,0.0693,,,,,0.0688,0.0683,0.0779,,,,0.0407,,,,,0.0647,,,,,,,,2026-03-06,,,,,,,,,,,,,,,Polymarket,11.11,2.0,Not Found
497813c56146aecb426bd892ce4b9bfa,soccer_china_superleague,Super League - China,2026-03-06T11:35:00Z,2026-03-06T05:32:00Z,Shenzhen Peng City FC @ Chengdu Rongcheng FC,Chengdu Rongcheng FC,1.48,1.42,1.45,,,1.47,1.47,1.54,1.5,1.42,1.41,1.51,1.54,,,1.52,,1.5,1.5,1.42,1.42,,1.51,1.51,1.5,1.46,1.52,,1.5,1.48,1.45,1.41,0.6525,0.6593,0.6567,,,0.6537,0.6537,0.6448,0.6465,0.6768,0.6773,0.6472,0.6477,,,0.6378,,0.6465,0.6365,0.6768,0.6768,,0.6503,0.6503,0.6456,0.6553,0.6414,,0.637,0.6493,0.6538,0.6621,2026-03-06,1.45,1.46,0.66,0.655,1.39,,,,1.34,,,,,,,,3.0,Not Found
9bdfc6de0016cfe5fc82e52386c6ba09,icehockey_liiga,Liiga,2026-03-06T16:30:00Z,2026-03-06T05:32:00Z,Kärpät @ HPK,HPK,,1.82,1.94,1.89,,1.62,1.62,,1.65,1.95,2.02,1.62,,,,,,2.1,1.61,1.95,1.57,,,,1.59,,2.0,,1.62,,,,,,,,,0.5913,0.5913,,0.5856,,,0.5913,,,,,,,0.5932,,0.6084,,,,0.5971,,,,0.5913,,,,2026-03-06,1.95,,,,,,,,,,,,,,,,2.0,Not Found
ee86fd96e8cad7490c0ce033c61c6b6d,icehockey_mestis,Mestis,2026-03-06T16:30:00Z,2026-03-06T05:32:00Z,Hermes @ IPK,IPK,,,,,,1.44,1.44,,,1.75,1.75,1.54,,,,,,,1.5,1.75,1.43,,,,1.54,,1.79,,,,,,,,,,,0.6585,0.6585,,,,,0.6119,,,,,,,0.6333,,0.6573,,,,0.6163,,,,,,,,2026-03-06,,,,,,,,,,,,,,,,,2.0,Not Found
db7253d5160caffb8617cb518bb872dc,soccer_australia_aleague,A-League,2026-03-06T08:35:00Z,2026-03-06T07:07:43Z,Wellington Phoenix FC @ Adelaide United,Draw,,4.0,4.2,,4.1,4.15,4.15,4.5,4.3,4.1,4.1,4.41,4.5,,,4.17,,4.3,4.0,4.1,,,4.35,4.35,4.2,4.2,,,4.0,4.15,4.33,,,0.2015,0.2059,,0.2166,0.2176,0.2176,0.2191,0.2135,0.2191,0.2223,0.2147,0.2201,,,0.2203,,0.2187,0.2196,0.2191,,,0.218,0.218,0.216,0.216,,,0.2196,0.2167,0.2079,,2026-03-06,,4.3,,0.2135,,,,,4.0,,0.2161,,,,,,3.0,Not Found
422edf67b5ec2afc6ed8c3a781665eca,icehockey_liiga,Liiga,2026-03-06T16:30:00Z,2026-03-06T07:07:43Z,HIFK @ Pelicans,Pelicans,,2.15,2.2,2.18,,1.78,1.78,,1.83,2.25,2.33,1.78,,,,,,2.4,1.8,2.25,1.76,,,,1.77,,2.32,,1.8,,2.3,,,,0.4153,,,,,,,0.4196,0.4171,,,,,,,0.4064,,0.4196,,,,,,,0.4085,,,,0.3984,,2026-03-06,2.3,,0.4048,,,,,,,,,,,,,,3.0,Not Found
b85b580f63f2d8abf4204188398f6022,icehockey_mestis,Mestis,2026-03-06T16:30:00Z,2026-03-06T09:05:01Z,JoKP @ Jokerit,Jokerit,,,,,,1.13,1.13,,,1.19,1.19,1.11,,,,,,,,1.19,1.07,,,,1.13,,1.23,,,,,,,,,,,0.8481,0.8481,,,,,0.853,,,,,,,,,0.8892,,,,0.8516,,,,,,,,2026-03-06,,,,,,,,,,,,,,,,,2.0,Not Found
db5bfdb3dc8ce4fe8a88d34fa55e1b47,rugbyleague_nrl,NRL,2026-03-06T09:00:00Z,2026-03-06T09:54:16Z,Penrith Panthers @ Brisbane Broncos,Penrith Panthers,,1.06,1.04,,,1.06,2.3,,,1.06,1.04,,,,,,,,,1.06,,,,,1.06,,,,,,,,,0.9233,0.9372,,,0.9273,0.4137,,,,,,,,,,,,,,,,,,0.9131,,,,,,,,2026-03-06,,,,,,,,,,,,,,,,,3.0,Not Found
786ed9fb64dd25ebae5c7c1e151fe8e7,icehockey_mestis,Mestis,2026-03-06T16:30:00Z,2026-03-06T09:54:16Z,KeuPa HT @ Pyry,Pyry,,,,,,1.65,1.65,,,1.94,1.94,1.58,,,,,,,1.6,1.94,1.56,,,,1.61,,,,,,,,,,,,,0.5705,0.5705,,,,,0.5972,,,,,,,0.5903,,0.5983,,,,0.5883,,,,,,,,2026-03-06,,,,,,,,,,,,,,,,,2.0,Not Found
e17c7ed8e909868c5f587724f685d418,icehockey_liiga,Liiga,2026-03-06T16:30:00Z,2026-03-06T10:33:36Z,Jukurit @ JYP,Jukurit,,5.6,5.9,5.9,,4.3,4.3,,3.85,7.5,7.5,4.22,,,,,,7.5,4.5,7.5,4.75,,,,4.25,,6.94,,4.2,,7.5,5.7,,,,,,0.2064,0.2064,,0.2392,,,0.2018,,,,,,,0.1944,,0.1851,,,,0.201,,,,0.2092,,,,2026-03-06,6.7,,,,,,,,,,,,,,,,2.0,Not Found
2cd4c412e1c54c2c92904b0d629c45c3,icehockey_mestis,Mestis,2026-03-06T16:30:00Z,2026-03-06T12:00:22Z,Ketterä @ RoKi,RoKi,,,,,,1.72,1.72,,,2.2,2.2,1.72,,,,,,,,2.2,1.71,,,,1.74,,2.17,,,,,,,,,,,0.5468,0.5468,,,,,0.5468,,,,,,,,,0.5449,,,,0.5435,,,,,,,,2026-03-06,,,,,,,,,,,,,,,,,2.0,Not Found
daebb8d0910fcac722afe480770ebf09,icehockey_nhl,NHL,2026-03-31T23:08:27Z,2026-04-01T01:10:21Z,Dallas Stars @ Boston Bruins,Dallas Stars,,,,,3.8,,,,3.4,7.5,7.5,3.16,3.4,3.7,3.85,3.58,3.6,8.5,,7.5,,3.6,,,3.3,,,,,,,,,,,,0.2379,,,,0.2624,,,0.2933,0.2624,0.2648,0.2539,0.255,0.2483,,,,,0.2572,,,0.2698,,,,,,,,2026-03-31,,,,,,,,,,,,,3.5,0.2582,Polymarket,3.7,2.0,Not Found
b294b3f2eb02e42a436d439795c7f125,baseball_mlb,MLB,2026-03-31T23:46:29Z,2026-04-01T01:10:21Z,New York Mets @ St. Louis Cardinals,St. Louis Cardinals,,,,,1.2,,,1.25,1.2,1.26,1.23,1.29,1.19,1.28,1.28,1.21,1.26,1.27,1.17,1.26,1.24,1.26,,,1.25,,,,,,,,,,,,0.8056,,,0.781,0.8023,0.767,0.7676,0.7514,0.7868,0.7757,0.7757,0.8026,0.7755,0.7638,0.8097,0.767,0.7699,0.7749,,,0.7667,,,,,,,,2026-03-31,,,,,,,,,,,,,1.25,0.775,Polymarket,1.28,2.0,Not Found
b724336c8a25a94c67ba0d63ea2c98a0,baseball_mlb,MLB,2026-03-31T23:07:35Z,2026-04-01T01:10:21Z,Colorado Rockies @ Toronto Blue Jays,Toronto Blue Jays,,,,,1.12,,,1.19,1.13,1.14,1.12,1.2,1.17,1.2,1.22,1.16,1.2,1.18,1.12,1.14,1.13,1.2,,,1.17,,,,,,,,,,,,0.8664,,,0.8276,0.8521,0.8516,0.8503,0.8098,0.8111,0.8267,0.8148,0.8365,0.8232,0.8217,0.8484,0.8516,0.8472,0.8223,,,0.8221,,,,,,,,2026-03-31,,,,,,,,,,,,,1.25,0.7701,Polymarket,1.2,2.0,Not Found
5fa4f7bd1d1be2a30a40c0d7f653d9ff,baseball_mlb,MLB,2026-04-01T00:11:08Z,2026-04-01T01:10:21Z,Boston Red Sox @ Houston Astros,Houston Astros,,,,,1.08,,,1.1,1.08,1.06,1.04,1.49,1.08,1.11,1.11,1.06,1.1,1.1,1.06,1.06,1.05,1.1,,,1.09,,,,,,,,,,,,0.8963,,,0.881,0.8954,0.9129,0.9093,0.6469,0.8737,0.8954,0.8954,0.9163,0.8955,0.8856,0.905,0.9129,0.9095,0.8957,,,0.8873,,,,,,,,2026-04-01,,,,,,,,,,,,,1.12,0.8595,Polymarket,1.11,2.0,Not Found
19e83fa2f5deb1703169809fbfeea13f,baseball_npb,NPB,2026-04-01T09:00:00Z,2026-04-01T04:21:52Z,Yokohama DeNA BayStars @ Hanshin Tigers,Yokohama DeNA BayStars,2.22,,,,2.2,2.2,2.2,,2.2,,,2.2,,,,,,2.2,2.1,,2.18,,2.2,2.2,2.2,2.2,2.23,,2.19,,,,0.4258,,,,0.4242,0.4297,0.4297,,0.4332,,,0.4297,,,,,,0.4297,0.4387,,0.4263,,0.4349,0.4349,0.4242,0.4279,0.4301,,0.4359,,,,2026-04-01,2.15,,0.4239,,2.1,,0.4313,,,,,,2.15,0.4295,,,2.0,Not Found
dab7d9026e65252d357990f6bf9c2ab9,baseball_kbo,KBO,2026-04-01T09:30:00Z,2026-04-01T04:21:52Z,Doosan Bears @ Samsung Lions,Samsung Lions,1.93,,,,1.95,1.92,1.92,,1.93,,,1.93,,,,,,1.95,,,1.89,,1.91,1.91,,,1.97,,1.85,,,,0.4945,,,,0.4832,0.4945,0.4945,,0.4945,,,0.4931,,,,,,0.489,,,0.4943,,0.5,0.5,,,0.4947,,0.5,,,,2026-04-01,1.8,,0.5146,,1.82,,0.4938,,,,,,1.89,0.4943,,,2.0,Not Found
1af556ff7d959468f30110b1d58ea959,baseball_npb,NPB,2026-04-01T09:00:00Z,2026-04-01T06:09:53Z,Hiroshima Toyo Carp @ Tokyo Yakult Swallows,Hiroshima Toyo Carp,1.85,,,,1.83,1.85,1.85,,1.87,,,1.86,,,,,,1.85,1.8,,1.79,,1.91,1.91,1.83,1.87,1.89,,1.85,,1.8,,0.5152,,,,0.5168,0.5139,0.5139,,0.511,,,0.5137,,,,,,0.5152,0.516,,0.5255,,0.5,0.5,0.5114,0.5,0.5107,,0.519,,0.5146,,2026-04-01,1.85,,0.5,,1.79,,0.5148,,,,,,1.82,0.5157,,,2.0,Not Found
bbae3f717dd7117002b204b858c41296,baseball_kbo,KBO,2026-04-01T09:30:00Z,2026-04-01T06:09:53Z,KT Wiz @ Hanwha Eagles,KT Wiz,1.95,,,,1.91,1.95,1.95,,1.95,,,1.96,,,,,,1.95,,,1.93,,1.87,1.87,1.95,,2.0,,1.91,,1.9,,0.489,,,,0.4915,0.4861,0.4861,,0.489,,,0.4834,,,,,,0.489,,,0.4858,,0.511,0.511,0.4786,,0.4868,,0.484,,0.4854,,2026-04-01,1.95,,0.4707,,1.84,,0.4893,,,,,,1.91,0.4886,,,2.0,Not Found
00829c88909e33b058794acfe47e5cae,baseball_kbo,KBO,2026-04-01T09:30:00Z,2026-04-01T09:02:33Z,Kia Tigers @ LG Twins,LG Twins,1.54,,,,1.53,1.55,1.55,,1.57,,,1.56,,,,,,1.54,,,1.51,,1.57,1.57,1.54,,1.6,,1.53,,1.5,,0.6231,,,,0.6227,0.6185,0.6185,,0.6144,,,0.6148,,,,,,0.6247,,,0.627,,0.6224,0.6224,0.6163,,0.6117,,0.6167,,0.625,,2026-04-01,1.47,,0.6401,,1.5,,0.6159,,,,,,1.52,0.6223,,,2.0,Not Found
f6c621872266f70bdfeae62efb76d83f,soccer_japan_j_league,J League,2026-04-01T10:00:00Z,2026-04-01T09:02:33Z,FC Tokyo @ FC Machida Zelvia,Draw,,3.0,3.15,3.1,3.1,3.1,3.1,,3.15,,,3.22,,,3.33,,,,3.0,,,,,,,,,,3.0,3.15,,,,0.2862,0.2831,0.2931,0.2965,0.2965,0.2965,,0.2968,,,0.2995,,,0.2873,,,,0.3006,,,,,,,,,,0.3006,0.2933,,,2026-04-01,,,,,3.0,3.1,0.2925,0.2984,,,,,,,,,3.0,Not Found
6942f51396ca14022ebe5ceba3757999,baseball_mlb,MLB,2026-04-01T16:15:00Z,2026-04-01T10:14:20Z,Athletics @ Atlanta Braves,Athletics,2.72,2.7,2.7,,2.7,2.65,2.65,2.9,2.79,2.55,2.5,2.86,2.84,2.86,2.86,2.8,2.94,2.7,2.75,2.55,2.5,2.94,2.8,2.8,2.8,2.74,2.84,2.98,2.75,2.75,,,0.3483,0.338,0.3404,,0.3473,0.3508,0.3508,0.3391,0.3367,0.3735,0.3753,0.337,0.3449,0.3459,0.3393,0.3452,0.3389,0.345,0.337,0.3735,0.3732,0.3367,0.3452,0.3452,0.3337,0.3491,0.3427,,0.3346,0.337,,,2026-04-01,2.8,,0.3265,,2.65,2.65,0.3415,0.3576,,,,,2.79,0.3391,Polymarket,2.86,2.0,Not Found
fe36f2b17043f5b1e448bf265dd711b1,baseball_kbo,KBO,2026-04-01T09:30:35Z,2026-04-01T11:16:05Z,Kiwoom Heroes @ SSG Landers,Kiwoom Heroes,1.06,,,,,,1.05,,1.1,,,,,,,,,1.05,,,,,,,1.06,,,,,,,,0.9161,,,,,,0.9206,,0.8831,,,,,,,,,0.9117,,,,,,,0.9092,,,,,,,,2026-04-01,1.03,,0.9299,,,,,,,,,,1.08,0.8889,,,2.0,Not Found
40f179821e2da4b0631ff1a4560b6bab,soccer_japan_j_league,J League,2026-04-01T10:00:00Z,2026-04-01T11:16:05Z,Shimizu S Pulse @ Vissel Kobe,Vissel Kobe,,1.23,1.22,1.19,1.25,1.18,1.18,,1.24,,,1.28,,,1.25,,,,1.25,,,,,,,,,,,,,,,0.7791,0.7895,,0.764,0.7987,0.7987,,0.7844,,,0.7626,,,0.7934,,,,0.772,,,,,,,,,,,,,,2026-04-01,,,,,,,,,,,,,,,,,3.0,Not Found
5d08f12846cfa6f2d58c2047bde5b548,cricket_ipl,IPL,2026-04-01T14:00:00Z,2026-04-01T11:16:05Z,Delhi Capitals @ Lucknow Super Giants,Lucknow Super Giants,,,,,,,1.78,1.96,1.87,1.89,1.89,1.89,1.96,,,1.83,,,,,,,1.89,1.89,,,,,1.8,1.8,,,,,,,,,0.5106,0.5076,0.5056,0.5,0.5,0.5094,0.5076,,,0.5168,,,,,,,0.5055,0.5055,,,,,0.5278,0.5146,,,2026-04-01,,,,,,,,,,,,,,,,,2.0,Not Found
6b8609e1aea520159af3568e73a39152,icehockey_ahl,AHL,2026-04-01T14:30:00Z,2026-04-01T12:04:53Z,Hershey Bears @ Bridgeport Islanders,Hershey Bears,,1.94,2.0,1.97,,,,,,,,,,,1.82,2.15,,,,2.18,1.68,,,,,,2.12,,1.67,,,,,,,,,,,,,,,,,,0.54,,,,,,0.5537,,,,,,,,0.5613,,,,2026-04-01,2.1,2.03,,,1.99,,,,,,,,,,,,2.0,Not Found
82c98b73a05ce6c9888911248e169cb3,tennis_wta_charleston_open,WTA Charleston Open,2026-04-01T15:00:00Z,2026-04-01T14:02:40Z,Janice Tjen @ McCartney Kessler,Janice Tjen,2.24,2.1,2.2,2.23,2.2,2.14,2.14,2.4,2.24,2.2,2.2,,,,,2.1,2.37,2.23,2.2,2.2,2.2,2.38,2.24,2.24,2.25,2.2,2.19,,,2.21,2.2,,0.422,0.4405,0.4366,0.4193,0.4242,0.4378,0.4378,0.4142,0.422,0.4261,0.4261,,,,,0.4491,0.4151,0.423,0.4279,0.4261,0.4261,0.4142,0.4274,0.4274,0.4228,0.4279,0.4307,,,0.425,0.4148,,2026-04-01,,,,,2.1,,0.4405,,,,,,,,,,2.0,Not Found
195a6ffbc4758dc040e3bcb4093d5dbc,icehockey_mestis,Mestis,2026-04-01T15:30:00Z,2026-04-01T14:02:40Z,KeuPa HT @ Haukat,Haukat,,,,,,2.62,2.62,,,3.9,3.9,2.85,,,,,,3.7,3.0,3.9,2.95,,,,,,4.35,,,,,,,,,,,,,,,0.221,0.221,,,,,,,0.2503,,0.221,,,,,,,0.2005,,,,,,2026-04-01,,,,,,,,,,,,,,,,,3.0,Not Found
6355162eeb898ab7d73abab47fc7e896,tennis_wta_charleston_open,WTA Charleston Open,2026-04-01T16:30:00Z,2026-04-01T14:02:40Z,Ashlyn Krueger @ Peyton Stearns,Ashlyn Krueger,2.28,2.15,2.2,2.22,2.2,2.25,2.25,2.34,2.3,2.18,2.18,,,,,2.26,2.27,2.25,2.3,2.18,2.18,,2.24,2.24,2.2,2.2,2.19,,,2.21,2.1,,0.4144,0.4314,0.4332,0.4147,0.4242,0.4155,0.4155,0.423,0.4106,0.4317,0.4317,,,,,0.4355,0.4279,0.4192,0.4068,0.4317,0.4317,,0.4274,0.4274,0.4314,0.4279,0.4307,,,0.425,0.4351,,2026-04-01,,,,,2.2,,0.4148,,,,,,,,,,2.0,Not Found
043294a4c0f199608e3f23c1a10c8ae1,soccer_uefa_champs_league_women,UEFA Champions League Women,2026-04-01T16:45:00Z,2026-04-01T16:30:40Z,Manchester United @ Bayern Munich,Manchester United,,,,6.1,,6.1,5.7,7.8,6.5,,,6.68,,,,,,6.0,5.5,7.0,,,4.9,,,,,,5.5,,,,,,,0.1358,,0.1346,0.1431,0.1251,0.136,,,0.1277,,,,,,0.151,0.144,0.1169,,,0.163,,,,,,0.144,,,,2026-04-01,,,,,,,,,,,,,,,,,3.0,Not Found
e1d6ef59600406aff0b896381ae1d97c,icehockey_sweden_hockey_league,SHL,2026-04-01T17:00:00Z,2026-04-01T16:30:40Z,Brynäs IF @ Växjö Lakers,Brynäs IF,,2.3,2.4,,,1.95,1.95,,1.91,2.7,2.65,1.88,,,2.0,,,2.73,2.0,2.6,,,,,,,2.49,,,2.48,2.5,,,,0.3775,,,,,,,0.3608,0.3618,,,,,,,0.3529,,0.3615,,,,,,,0.386,,,0.388,0.3637,,2026-04-01,,,,,2.4,,0.3716,,,,,,,,,,3.0,Not Found
24f243aa4931d665a39634650fab8767,baseball_mlb,MLB,2026-04-01T17:08:38Z,2026-04-01T17:31:21Z,Colorado Rockies @ Toronto Blue Jays,Toronto Blue Jays,1.29,1.28,1.28,,1.29,1.33,1.32,1.32,1.29,1.26,1.25,1.33,,1.35,1.35,1.3,1.33,1.3,1.29,1.28,1.25,1.33,,,1.29,,,,1.33,,,,0.7468,0.7436,0.7536,,0.7525,0.7152,0.7211,0.7506,0.7427,0.7652,0.7551,0.728,,0.7352,0.7352,0.743,0.7461,0.7457,0.7338,0.7536,0.7611,0.7408,,,0.7447,,,,0.7244,,,,2026-04-01,1.27,,0.7466,,,,,,,,,,1.25,0.763,Polymarket,1.35,2.0,Not Found
0740546b862647c7cc38cc7a8ef26015,soccer_spain_segunda_division,La Liga 2 - Spain,2026-04-01T18:00:00Z,2026-04-01T17:31:21Z,AD Ceuta FC @ Burgos CF,Draw,2.95,2.95,3.0,3.07,3.0,3.05,3.05,3.2,3.1,3.15,3.05,3.1,3.2,,3.33,,,3.2,,3.15,,,3.1,3.1,,,3.12,,2.9,3.08,,,0.3143,0.3007,0.3007,0.2926,0.2995,0.3013,0.3013,0.3102,0.3042,0.2938,0.2942,0.3111,0.3102,,0.2936,,,0.2941,,0.2938,,,0.3068,0.3068,,,0.3064,,0.3132,0.3004,,,2026-04-01,3.0,3.0,0.3044,0.2993,3.0,3.1,0.2928,0.3068,,,,,,,,,3.0,Not Found
eb19fb1e17a1f1120b33a47ba524d1c5,tennis_wta_charleston_open,WTA Charleston Open,2026-04-01T18:00:00Z,2026-04-01T17:31:21Z,Donna Vekic @ Madison Keys,Donna Vekic,3.3,3.15,3.3,3.15,3.25,3.15,3.15,3.6,3.28,3.3,3.3,,,,,3.38,3.46,3.3,3.3,3.3,3.3,3.55,3.22,3.22,3.25,3.25,3.22,,,3.24,3.0,,0.2756,0.2856,0.2839,0.2856,0.2779,0.2856,0.2856,0.2739,0.2793,0.2784,0.2784,,,,,0.2776,0.2769,0.2784,0.2756,0.2784,0.2784,0.2759,0.2903,0.2903,0.2835,0.2779,0.2849,,,0.2812,0.2907,,2026-04-01,,,,,3.15,,0.2828,,,,,,,,,,2.0,Not Found
c6fc2fa06234827ff4283352d566f19e,soccer_spain_segunda_division,La Liga 2 - Spain,2026-04-01T17:00:00Z,2026-04-01T18:32:32Z,Málaga @ Andorra CF,Málaga,5.5,4.2,4.5,4.15,5.25,4.6,4.6,6.4,5.25,5.4,5.1,5.49,6.2,,6.25,,,4.5,,5.2,,,,,,,,,,,,,0.1519,0.1899,0.1873,0.1971,0.1543,0.1839,0.1839,0.1512,0.1671,0.1566,0.155,0.1629,0.1541,,0.15,,,0.1951,,0.1577,,,,,,,,,,,,,2026-04-01,5.0,,0.1674,,,,,,,,,,,,,,3.0,Not Found
722139b9ed193c5900489c016599389d,baseball_ncaa,NCAA Baseball,2026-04-01T19:00:00Z,2026-04-01T18:32:32Z,Manhattan Jaspers @ Lafayette Leopards,Lafayette Leopards,,,,,1.95,,,,1.91,,,,,,,,1.95,,,,1.89,,,,1.91,,1.95,,,,,,,,,,0.4832,,,,0.4886,,,,,,,,0.4861,,,,0.4852,,,,0.4886,,0.4786,,,,,,2026-04-01,,,,,,,,,,,,,1.93,0.4828,,,2.0,Not Found
e8b1fcf64d1a0ab550c9aaeb48d56178,baseball_ncaa,NCAA Baseball,2026-04-01T21:00:00Z,2026-04-01T19:40:36Z,Rhode Island Rams @ Holy Cross Crusaders,Rhode Island Rams,1.56,,,,1.57,,,,1.53,,,,,,,,1.54,,,,1.57,,,,1.54,,1.61,,,,,,0.6122,,,,0.6057,,,,0.6227,,,,,,,,0.6206,,,,0.5943,,,,0.6163,,0.5853,,,,,,2026-04-01,,,,,,,,,,,,,1.56,0.6059,,,2.0,Not Found
c2d4c2192480fa503af049ffe7bcbec0,soccer_uefa_champs_league_women,UEFA Champions League Women,2026-04-01T19:00:00Z,2026-04-01T20:26:11Z,Arsenal @ Chelsea,Draw,,,,2.28,2.0,3.55,2.4,2.44,2.5,,,2.35,,,,,,2.5,2.05,2.16,,,,,2.5,,,,,,,,,,,0.3963,0.4575,0.2525,0.377,0.4067,0.3792,,,0.4035,,,,,,0.3714,,0.4285,,,,,0.3778,,,,,,,,2026-04-01,,,,,,,,,,,,,,,,,3.0,Not Found
eb92463b2e591f91d197a5cea5ad8c91,soccer_spain_segunda_division,La Liga 2 - Spain,2026-04-01T19:31:00Z,2026-04-01T20:26:11Z,Sporting Gijón @ Real Racing Club de Santander,Sporting Gijón,8.0,8.0,8.5,8.75,8.5,9.1,9.1,10.5,9.5,9.0,8.0,8.83,10.5,,10.0,,,10.0,,9.0,,,,,,,,,,,,,0.0952,0.0854,0.0817,0.0676,0.0836,0.0765,0.0765,0.0928,0.0844,0.0768,0.0784,0.0938,0.0928,,0.0936,,,0.0779,,0.0768,,,,,,,,,,,,,2026-04-01,8.5,,0.0844,,,,,,,,,,,,,,3.0,Not Found
05a301b392aadef8a1ef174501c72dcb,soccer_brazil_serie_b,Brazil Série B,2026-04-01T22:00:00Z,2026-04-01T20:26:11Z,Goiás @ Londrina,Goiás,3.0,,,,,2.98,2.98,3.25,3.1,3.25,3.15,3.22,3.25,,,,,2.95,2.9,3.25,3.25,,3.2,3.2,,3.2,,,2.9,3.08,,,0.3046,,,,,0.3091,0.3091,0.3047,0.3021,0.2866,0.2862,0.2978,0.3056,,,,,0.3149,0.3122,0.2866,0.2854,,0.2965,0.2965,,0.2965,,,0.3122,0.2985,,,2026-04-01,3.0,,0.2968,,,,,,,,,,,,,,3.0,Not Found
86dbcfd4febda620b34a44c5f56c22d8,soccer_brazil_serie_b,Brazil Série B,2026-04-01T21:00:00Z,2026-04-01T21:09:20Z,Botafogo @ América Mineiro,Botafogo,3.8,,,,8.5,6.8,6.8,3.75,3.6,8.5,8.0,4.15,8.6,,,,,8.5,6.0,8.0,,,4.2,4.2,,4.0,,,3.7,3.74,,,0.2379,,,,0.0839,0.1139,0.1139,0.2616,0.2572,0.0926,0.0875,0.2276,0.1116,,,,,0.0867,0.1275,0.0913,,,0.2211,0.2245,,0.2249,,,0.2427,0.2409,,,2026-04-01,6.0,3.65,0.1354,0.2435,,,,,,,,,,,,,3.0,Not Found
8c53e49475a88e78063adc838515d717,soccer_brazil_campeonato,Brazil Série A,2026-04-01T22:30:00Z,2026-04-01T21:09:20Z,Mirassol @ Botafogo,Draw,3.4,3.25,3.35,3.33,3.3,3.35,3.35,3.6,3.35,3.3,3.25,3.52,3.6,,3.57,3.31,,3.4,3.2,3.3,3.3,,3.45,3.45,,3.4,3.44,,3.2,3.34,3.4,,0.2737,0.2609,0.2625,0.268,0.283,0.2725,0.2725,0.2756,0.28,0.2801,0.2802,0.2728,0.2756,,0.2698,0.2791,,0.2774,0.2826,0.2801,0.2801,,0.2732,0.2732,,0.2716,0.2763,,0.2826,0.2752,0.2702,,2026-04-01,3.3,3.4,0.2761,0.2751,3.3,3.4,0.2652,0.2716,,,,,,,,,3.0,Not Found
a2ceffb81c6f9d3e4cb91772b35281ba,soccer_brazil_serie_b,Brazil Série B,2026-04-01T22:00:00Z,2026-04-01T21:58:06Z,Nautico PE @ Atletico Goianiense,Nautico PE,3.5,,,,,3.35,3.35,3.8,3.45,,,3.42,,,,,,,3.3,,4.1,,3.5,3.5,,3.5,,,3.3,,,,0.2612,,,,,0.2723,0.2723,0.2622,0.2709,,,0.255,,,,,,,0.2723,,0.22,,0.2572,0.2572,,0.2612,,,0.2723,,,,2026-04-01,,3.3,,0.2722,,,,,,,,,,,,,3.0,Not Found
6fcd668ea1ff39116439c528fdc7021b,tennis_wta_charleston_open,WTA Charleston Open,2026-04-01T22:00:00Z,2026-04-01T21:58:06Z,Ekaterine Gorgodze @ Yuliia Starodubtseva,Yuliia Starodubtseva,1.18,1.15,1.19,1.11,1.18,1.19,1.19,1.2,1.17,,,,,,,,,,1.2,,,,1.17,1.17,,,1.2,,,,,,0.8237,0.8098,0.8138,0.8393,0.8185,0.8115,0.8115,0.8274,0.8291,,,,,,,,,,0.8056,,,,0.8293,0.8293,,,0.8096,,,,,,2026-04-01,,,,,1.17,,0.8097,,,,,,,,,,2.0,Not Found
3f72b31317edab43b5882016c8d4290a,baseball_milb,MiLB,2026-04-01T22:15:00Z,2026-04-01T21:58:06Z,Indianapolis Indians @ Columbus Clippers,Columbus Clippers,1.57,,,,,,,,,,,,,,,,,,,,1.55,,1.67,,1.59,,1.57,,,,,,0.6066,,,,,,,,,,,,,,,,,,,,0.608,,0.569,,0.5971,,0.5891,,,,,,2026-04-01,,,,,,,,,,,,,,,,,2.0,Not Found
c6c5343979ee1d23d858e8268adebadc,soccer_brazil_campeonato,Brazil Série A,2026-04-01T22:30:00Z,2026-04-01T22:52:58Z,Sao Paulo @ Internacional,Internacional,2.24,2.25,2.3,2.3,2.3,2.28,2.35,2.42,2.35,2.38,2.3,2.43,2.46,,2.5,,,2.4,2.3,2.33,,,,,2.2,,,,,,,,0.4223,0.3973,0.3987,0.3916,0.4017,0.4157,0.3926,0.4111,0.4006,0.3949,0.3972,0.3933,0.4051,,0.3933,,,0.3919,0.401,0.3972,,,,,0.4327,,,,,,,,2026-04-01,2.4,,0.3845,,,,,,,,,,,,,,3.0,Not Found
94d5ea4fc52eb30f53866bf8586e2d33,soccer_brazil_campeonato,Brazil Série A,2026-04-01T23:00:00Z,2026-04-01T22:52:58Z,Atletico Paranaense @ Bahia,Atletico Paranaense,4.8,3.95,4.1,4.2,,4.15,4.45,5.1,4.6,4.35,4.3,4.85,5.2,,4.76,4.58,,4.5,4.6,4.35,4.35,,4.6,4.6,4.5,4.6,5.14,,4.6,4.65,4.75,,0.1797,0.2065,0.2113,0.1988,,0.2172,0.1988,0.194,0.1986,0.2078,0.2051,0.195,0.1915,,0.2069,0.2021,,0.2047,0.1897,0.2078,0.2068,,0.2007,0.2007,0.2003,0.2007,0.1846,,0.1897,0.191,0.1858,,2026-04-01,4.5,4.4,0.193,0.2068,4.1,4.6,0.2044,0.2007,,,,,,,,,3.0,Not Found
f6765ee3142dd9e9c4010e3dfe37131a,soccer_argentina_primera_division,Primera División - Argentina,2026-04-01T23:00:00Z,2026-04-01T22:52:58Z,Platense @ Lanus,Platense,4.1,3.55,3.65,3.68,3.75,3.85,3.85,4.4,3.9,4.5,4.25,4.04,4.6,,4.55,,,,,,4.5,,4.15,4.15,,,4.04,,,3.8,3.9,,0.2218,0.2416,0.2384,0.2312,0.2411,0.2392,0.2392,0.2247,0.2362,0.2035,0.1975,0.2362,0.2166,,0.2162,,,,,,0.2018,,0.224,0.224,,,0.2339,,,0.2389,0.2323,,2026-04-01,,,,,3.65,4.25,0.2343,0.2105,,,,,,,,,3.0,Not Found
8a22637b409d990cedf00170fc7e7cba,baseball_milb,MiLB,2026-04-01T23:45:00Z,2026-04-01T23:31:37Z,Gwinnett Stripers @ Round Rock Express,Gwinnett Stripers,1.83,,,,,,,,,,,,,,,,,,,,1.73,,2.13,,1.83,,1.75,,,,,,0.5155,,,,,,,,,,,,,,,,,,,,0.539,,0.4389,,0.5114,,0.5198,,,,,,2026-04-01,,,,,,,,,,,,,,,,,2.0,Not Found
6f0765b4c7ea31444ec8a23fb86e6648,basketball_ncaab,NCAAB,2026-04-02T03:00:00Z,2026-04-02T03:20:44Z,Baylor Bears @ Minnesota Golden Gophers,Minnesota Golden Gophers,2.72,,,,,,,,,,,,,2.7,2.7,2.7,2.78,,,,,2.78,2.49,2.49,,2.46,,2.6,2.38,,,,0.3366,,,,,,,,,,,,,0.3605,0.3562,0.3404,0.3509,,,,,0.3443,0.3863,0.3863,,0.3888,,0.3837,0.3833,,,,2026-04-02,,,,,,,,,,,,,,,Polymarket,2.7,2.0,Not Found
b3630f274be7f4521668eef01a87ea37,baseball_npb,NPB,2026-04-02T09:00:00Z,2026-04-02T05:17:07Z,Chiba Lotte Marines @ Hokkaido Nippon-Ham Fighters,Hokkaido Nippon-Ham Fighters,1.47,,,,1.45,1.48,1.48,,1.46,,,1.45,,,,,,1.47,1.44,,1.47,,1.49,1.49,1.44,1.45,1.49,,1.48,,1.44,,0.6563,,,,0.6596,0.6527,0.6527,,0.6639,,,0.6617,,,,,,0.655,0.6564,,0.65,,0.6538,0.6538,0.662,0.6663,0.6524,,0.6527,,0.6549,,2026-04-02,1.42,,0.6634,,1.43,,0.6536,,,,,,1.45,0.654,,,2.0,Not Found
4c9165277d0160b7344454055b3fd3d1,baseball_npb,NPB,2026-04-02T09:00:00Z,2026-04-02T05:17:07Z,Yokohama DeNA BayStars @ Hanshin Tigers,Hanshin Tigers,1.67,,,,1.65,1.65,1.65,,1.68,,,1.65,,,,,,1.66,1.61,,1.64,,1.69,1.69,1.65,1.65,1.69,,1.66,,1.62,,0.5762,,,,0.5758,0.5808,0.5808,,0.5744,,,0.5808,,,,,,0.577,0.5833,,0.5776,,0.5736,0.5736,0.5758,0.5788,0.5746,,0.5819,,0.5761,,2026-04-02,1.62,,0.5761,,1.62,,0.5705,,,,,,1.65,0.5715,,,2.0,Not Found
d3712ce7f8be542b682c20417aa5c513,baseball_kbo,KBO,2026-04-02T09:30:00Z,2026-04-02T08:47:24Z,KT Wiz @ Hanwha Eagles,Hanwha Eagles,1.7,,,,1.69,1.72,1.72,,1.77,,,1.69,,,,,,1.7,,,1.7,,1.71,1.71,1.74,,1.74,,1.67,,1.65,,0.5626,,,,0.5578,0.5581,0.5581,,0.5444,,,0.5675,,,,,,0.5637,,,0.5583,,0.5651,0.5651,0.5435,,0.5621,,0.5613,,0.5649,,2026-04-02,1.65,,0.5649,,1.66,,0.5573,,,,,,1.67,0.5636,,,2.0,Not Found
42dcbf6b2e49b28d1b87c6733b8a7412,tennis_wta_charleston_open,WTA Charleston Open,2026-04-02T15:00:00Z,2026-04-02T10:38:55Z,Belinda Bencic @ Sara Bejlek,Sara Bejlek,2.64,2.55,2.65,2.55,2.6,2.55,2.55,2.76,2.61,2.6,2.6,,,,,2.68,2.72,2.6,2.6,2.6,2.6,,2.61,2.61,2.6,2.65,2.51,,,2.55,2.4,,0.3538,0.3605,0.3597,0.3605,0.3545,0.3605,0.3605,0.3586,0.3604,0.359,0.359,,,,,0.3369,0.3549,0.359,0.359,0.359,0.359,,0.3669,0.3669,0.3612,0.3553,0.3724,,,0.365,0.375,,2026-04-02,,,,,2.55,,0.3605,,2.55,,0.3559,,,,,,2.0,Not Found
7e18e7648a207ee36c43e42d1cd558c1,tennis_wta_charleston_open,WTA Charleston Open,2026-04-02T16:30:00Z,2026-04-02T10:38:55Z,Diana Shnaider @ Leylah Fernandez,Diana Shnaider,1.43,1.39,1.45,1.45,1.48,1.45,1.45,1.51,1.47,1.45,1.45,,,,,1.38,1.49,1.47,1.5,1.45,1.45,1.51,1.49,1.49,1.47,1.47,1.47,,,1.46,1.44,,0.6723,0.6597,0.663,0.6596,0.6455,0.6596,0.6596,0.6599,0.6556,0.6596,0.6596,,,,,0.6881,0.6601,0.655,0.641,0.6596,0.6596,0.6575,0.6551,0.6551,0.6583,0.6583,0.6543,,,0.6573,0.6549,,2026-04-02,,,,,1.4,,0.6611,,1.43,,0.661,,,,,,2.0,Not Found
389cf9c8bff58cacff82db0173e18501,tennis_wta_charleston_open,WTA Charleston Open,2026-04-02T16:30:00Z,2026-04-02T10:38:55Z,Elisabetta Cocciaretto @ Jessica Pegula,Elisabetta Cocciaretto,4.3,3.65,4.1,4.1,4.0,4.1,4.1,4.6,4.12,4.1,4.1,,,,,4.0,4.33,4.2,4.2,4.1,4.1,4.55,4.16,4.16,4.5,4.25,4.0,,,4.05,3.75,,0.2064,0.2168,0.2154,0.2154,0.2218,0.2154,0.2154,0.215,0.2181,0.2154,0.2154,,,,,0.2218,0.2186,0.2125,0.2092,0.2154,0.2154,0.2162,0.2202,0.2202,0.2013,0.2078,0.225,,,0.2202,0.2235,,2026-04-02,,,,,3.65,,0.2168,,3.95,,0.2167,,,,,,2.0,Not Found
005e3d6c6a9082cbdd7d68402fa8b33d,cricket_psl,Pakistan Super League,2026-04-02T09:30:00Z,2026-04-02T12:35:40Z,Quetta Gladiators @ Islamabad United,Quetta Gladiators,,,,,,8.0,8.0,8.0,,12.0,8.0,,,,,,,,,,,,,,,,,,,,,,,,,,,0.0771,0.0771,0.12,,0.0609,0.0863,,,,,,,,,,,,,,,,,,,,,,2026-04-02,,,,,,,,,,,,,,,,,2.0,Not Found
13bfc2f98f9fa3d124be6ce6535ddc8f,cricket_ipl,IPL,2026-04-02T14:00:00Z,2026-04-02T12:35:40Z,Sunrisers Hyderabad @ Kolkata Knight Riders,Kolkata Knight Riders,,,,,,,1.72,1.86,1.77,1.85,1.85,1.8,1.88,,,1.78,,,,,,,1.77,1.77,,,,,1.8,1.78,,,,,,,,,0.5343,0.5352,0.5386,0.5125,0.5125,0.5362,0.5301,,,0.5334,,,,,,,0.5444,0.5444,,,,,0.5278,0.5218,,,2026-04-02,,,,,,,,,,,,,,,,,2.0,Not Found
168910c45882973260c09ec9ca36d5f2,cricket_psl,Pakistan Super League,2026-04-02T14:00:00Z,2026-04-02T14:06:27Z,Karachi Kings @ Rawalpindiz,Karachi Kings,,,,,,1.75,1.75,1.9,,1.72,1.67,1.63,,,,,,,,,,,,,,,,,,,,,,,,,,0.5226,0.5226,0.5251,,0.5526,0.5519,0.5784,,,,,,,,,,,,,,,,,,,,,2026-04-02,,,,,,,,,,,,,,,,,2.0,Not Found
05c956a5e1765ae27757312a25ca46e7,soccer_uefa_champs_league_women,UEFA Champions League Women,2026-04-02T16:45:00Z,2026-04-02T14:06:27Z,Real Madrid @ Barcelona,Draw,,,,9.75,10.5,9.4,8.8,15.5,10.5,,,11.01,,,,,,10.0,8.0,10.5,,,9.3,,,,8.9,,8.0,,,,,,,0.0792,0.0715,0.0766,0.0841,0.0585,0.0754,,,0.066,,,,,,0.0828,0.0907,0.0706,,,0.0686,,,,0.0751,,0.0907,,,,2026-04-02,,,,,10.0,,0.0775,,9.0,,0.0642,,,,,,3.0,Not Found
cd297bb01b8399db6134ef29e201cbe3,handball_germany_bundesliga,Handball-Bundesliga,2026-04-02T17:00:00Z,2026-04-02T14:06:27Z,VfL Gummersbach @ Bergischer HC,VfL Gummersbach,,1.16,1.19,1.23,,1.23,1.23,,,,,1.16,,,,,,1.17,1.2,1.23,,,,,,,,,,1.24,,,,0.8162,0.8133,0.7803,,0.7809,0.7809,,,,,,,,,,,0.8377,0.7949,0.7846,,,,,,,,,,0.7766,,,2026-04-02,1.22,1.23,0.7914,0.7835,,,,,1.18,,0.7999,,,,,,3.0,Not Found
a68979c1f505a849ba4480c7cb114471,icehockey_sweden_hockey_league,SHL,2026-04-02T17:00:00Z,2026-04-02T16:13:22Z,Frölunda HC @ Luleå HF,Draw,,3.55,3.75,,,,,,,3.8,3.75,,,,,,,3.9,,3.7,,,,,,,3.98,,,3.96,3.6,,,,0.2296,,,,,,,0.2526,0.251,,,,,,,0.2436,,0.2482,,,,,,,0.2369,,,0.2367,0.2422,,2026-04-02,,,,,3.5,,0.2396,,3.5,,0.2436,,,,,,3.0,Not Found
816fa0818bc6ee666a4e6f71dfa7d63a,soccer_spain_segunda_division,La Liga 2 - Spain,2026-04-02T17:00:00Z,2026-04-02T16:13:22Z,Granada CF @ Las Palmas,Granada CF,5.3,5.0,5.3,5.0,5.0,4.95,4.95,6.0,5.25,5.1,4.9,5.73,6.0,,5.56,,,5.0,,5.1,,,5.7,5.7,5.5,,5.5,,4.8,5.35,,,0.1632,0.1541,0.1565,0.1664,0.1669,0.1724,0.1724,0.1648,0.1707,0.1761,0.1729,0.1631,0.1648,,0.1736,,,0.1836,,0.1761,,,0.1573,0.1573,0.1542,,0.1682,,0.1751,0.1631,,,2026-04-02,5.3,4.9,0.1591,0.1711,4.8,5.7,0.1692,0.1573,5.0,,0.1669,,,,,,3.0,Not Found
cae84d8af4815b8b04fd8604f08877c9,tennis_wta_charleston_open,WTA Charleston Open,2026-04-02T18:45:00Z,2026-04-02T18:01:59Z,Anna Bondár @ Madison Keys,Madison Keys,1.18,1.16,1.2,1.2,1.19,1.2,1.2,1.25,1.2,1.18,1.18,,,,,1.18,1.23,1.19,1.17,1.18,1.18,1.25,1.21,1.21,1.22,1.18,1.21,,,1.2,1.18,,0.8217,0.8028,0.8056,0.8056,0.8091,0.8056,0.8056,0.7958,0.8089,0.8217,0.8217,,,,,0.8143,0.8026,0.816,0.8274,0.8217,0.8217,0.7958,0.8068,0.8068,0.7987,0.8185,0.8011,,,0.808,0.8074,,2026-04-02,,,,,1.18,,0.8114,,1.17,,0.8187,,,,,,2.0,Not Found
b69acd5d2b74c9782f22bd2463df8371,baseball_mlb,MLB,2026-04-02T18:11:00Z,2026-04-02T19:11:09Z,Minnesota Twins @ Kansas City Royals,Kansas City Royals,2.0,1.84,1.92,,1.95,1.88,1.88,2.08,1.87,1.97,1.91,1.98,1.81,2.0,2.0,1.98,2.01,1.95,,1.97,1.93,1.98,,,2.05,,,,1.62,,,,0.4691,0.4908,0.4916,,0.4861,0.4942,0.4942,0.4611,0.5014,0.4791,0.4777,0.4866,0.4938,0.4949,0.4949,0.4793,0.491,0.4861,,0.4791,0.4782,0.505,,,0.4565,,,,0.5913,,,,2026-04-02,1.8,,0.5146,,,,,,,,,,2.15,0.4384,Polymarket,2.0,2.0,Not Found
e15d398701e45dc4b86d2955389f5f24,soccer_england_league2,League 2,2026-04-02T19:00:00Z,2026-04-02T19:11:09Z,Swindon Town @ Cambridge United,Cambridge United,,,,,1.71,1.68,1.68,1.76,1.71,1.68,1.62,1.72,1.76,,,,,1.73,1.7,1.68,,,1.71,1.71,,1.7,1.74,,1.73,1.69,1.65,,,,,,0.5399,0.5573,0.5519,0.5648,0.5613,0.5626,0.5721,0.5586,0.5669,,,,,0.5495,0.552,0.5626,,,0.5689,0.5689,,0.5608,0.551,,0.5512,0.5652,0.5741,,2026-04-02,1.6,1.68,0.5879,0.5612,,,,,,,,,,,,,3.0,Not Found
ab34c2392119d56b2d955c7dc7bd369d,soccer_england_league1,League 1,2026-04-02T18:46:00Z,2026-04-02T19:57:51Z,Leyton Orient @ Wigan Athletic,Leyton Orient,,,,,4.2,,,4.8,4.4,4.3,4.1,4.34,4.8,,,,,4.5,4.2,4.25,,,,,,,,,,,,,,,,,0.2013,,,0.2069,0.2051,0.203,0.2014,0.208,0.2022,,,,,0.1966,0.1961,0.2032,,,,,,,,,,,,,2026-04-02,4.5,,0.1894,,,,,,,,,,,,,,3.0,Not Found
74e5bdad91fa26a1a38301a53e421a47,basketball_euroleague,Basketball Euroleague,2026-04-02T19:00:00Z,2026-04-02T19:57:51Z,Anadolu Efes @ Maccabi Tel Aviv,Maccabi Tel Aviv,1.24,1.21,1.22,,1.24,1.2,1.18,1.24,1.24,1.17,1.14,1.28,,,,,,1.24,1.22,1.17,1.16,,,,1.18,,,,,,,,0.775,0.7799,0.7848,,0.7716,0.7917,0.8074,0.7842,0.775,0.8293,0.8344,0.7457,,,,,,0.775,0.7848,0.8293,0.8258,,,,0.8126,,,,,,,,2026-04-02,,,,,,,,,,,,,1.16,0.8211,,,2.0,Not Found
4f52d5f064d48d00a94fa11027cc5b32,soccer_brazil_campeonato,Brazil Série A,2026-04-02T22:00:00Z,2026-04-02T19:57:51Z,Atletico Mineiro @ Chapecoense,Draw,3.1,3.05,3.2,3.15,3.25,3.25,3.15,3.35,3.25,3.25,3.2,3.23,3.35,,3.33,3.27,,3.2,3.0,3.25,3.2,,3.27,3.27,,3.12,3.23,,3.0,3.14,3.15,,0.2993,0.2799,0.2805,0.2849,0.2891,0.285,0.2946,0.2968,0.2891,0.2866,0.2859,0.2984,0.2968,,0.2904,0.2854,,0.2957,0.2999,0.2866,0.2878,,0.2887,0.2887,,0.2989,0.2956,,0.2999,0.2943,0.2959,,2026-04-02,3.1,3.2,0.2961,0.2917,3.1,3.12,0.2858,0.2989,3.15,,0.285,,,,,,3.0,Not Found
f177db65ade750ed569611ccbd1d7d5b,soccer_argentina_primera_division,Primera División - Argentina,2026-04-02T20:30:00Z,2026-04-02T20:48:23Z,Independiente Rivadavia @ CA Tigre BA,Independiente Rivadavia,3.8,3.3,3.45,3.6,3.6,3.4,3.5,3.95,3.55,3.4,3.3,3.69,3.95,,4.0,,,,,,,,,,,,,,,,,,0.2288,,0.2526,0.2316,0.2422,0.2601,0.2522,0.2517,0.2581,0.2699,0.2671,0.2515,0.2498,,0.2466,,,,,,,,,,,,,,,,,,2026-04-02,,,,,,,,,,,,,,,,,3.0,Not Found
788c357c990ded3d01778a5c402eca38,soccer_chile_campeonato,Primera División - Chile,2026-04-02T21:00:00Z,2026-04-02T20:48:23Z,Palestino @ Universidad Católica (CHI),Universidad Católica (CHI),1.83,1.82,1.86,,1.91,1.88,1.88,1.93,1.87,1.82,1.82,1.89,,,1.89,1.95,,1.86,1.83,,1.82,,1.84,1.84,,1.83,1.93,,,1.8,1.8,,0.5191,0.505,0.5053,,0.4997,0.5069,0.5069,0.5158,0.5152,0.5197,0.5197,0.5149,,,0.5229,0.4928,,0.5225,0.5089,,0.5197,,0.5262,0.5262,,0.516,0.5049,,,0.5293,0.5244,,2026-04-02,1.72,1.89,0.5463,0.4994,1.8,,0.5088,,,,,,,,,,3.0,Not Found
e62c75d0a2beac3a7e17d6791230fe31,baseball_ncaa,NCAA Baseball,2026-04-02T22:00:00Z,2026-04-02T20:48:23Z,Boston College Eagles @ North Carolina Tar Heels,North Carolina Tar Heels,1.25,,,,1.29,,,,1.32,,,,,,,,1.28,,1.25,,1.22,,1.29,1.29,1.3,1.29,1.25,,,,,,0.7701,,,,0.7487,,,,0.7273,,,,,,,,0.7536,,0.7667,,0.78,,0.7464,0.7464,0.7354,0.7405,0.7641,,,,,,2026-04-02,,,,,,,,,,,,,1.3,0.7331,,,2.0,Not Found
bcfacbb074c4aa2ffc813cb88c5da31a,baseball_ncaa,NCAA Baseball,2026-04-02T22:00:00Z,2026-04-02T20:48:23Z,South Alabama Jaguars @ Coastal Carolina Chanticleers,Coastal Carolina Chanticleers,1.23,,,,1.27,,,,1.29,,,,,,,,1.25,,1.25,,1.19,,1.26,1.26,1.28,1.26,1.24,,,,,,0.7846,,,,0.7604,,,,0.7447,,,,,,,,0.7715,,0.7667,,0.8039,,0.7624,0.7624,0.7478,0.7579,0.771,,,,,,2026-04-02,,,,,,,,,,,,,1.25,0.7649,,,2.0,Not Found
759d61877424dd497ac04e6fa0ba4d6f,baseball_ncaa,NCAA Baseball,2026-04-02T22:00:00Z,2026-04-02T21:24:03Z,Dallas Baptist Patriots @ Kennesaw St Owls,Kennesaw St Owls,3.0,,,,2.9,,,,2.9,,,,,,,,2.97,,,,2.88,,,,2.85,,2.83,,,,,,0.3043,,,,0.3153,,,,0.3153,,,,,,,,0.3086,,,,0.306,,,,0.3183,,0.3195,,,,,,2026-04-02,,,,,,,,,,,,,2.9,0.3101,,,2.0,Not Found
b848d0ce0d9002af4083119fa9b18b31,tennis_wta_charleston_open,WTA Charleston Open,2026-04-02T22:00:00Z,2026-04-02T21:24:03Z,Sofia Kenin @ Iva Jović,Iva Jović,1.33,1.33,1.35,1.35,1.36,1.35,1.35,1.41,1.37,1.35,1.35,,,,,1.36,1.39,1.35,1.33,1.35,1.35,1.4,1.38,1.38,1.36,1.33,1.35,,,1.34,1.33,,0.7221,0.7197,0.7233,0.7116,0.7064,0.7116,0.7116,0.7054,0.7057,0.7141,0.7141,,,,,0.717,0.7091,0.7165,0.7244,0.7141,0.7141,0.7101,0.7031,0.7031,0.7114,0.7221,0.7151,,,0.7188,0.7093,,2026-04-02,,,,,1.36,,0.6952,,1.33,,0.7146,,,,,,2.0,Not Found
3c6d8fb1fede9743a8499be460b17eba,baseball_ncaa,NCAA Baseball,2026-04-02T23:00:00Z,2026-04-02T22:45:25Z,Arkansas Razorbacks @ Auburn Tigers,Auburn Tigers,1.78,,,,1.77,,,,1.83,,,,,,,,1.82,,1.73,,1.75,,1.8,1.8,1.83,1.8,1.75,,,,,,0.5309,,,,0.5325,,,,0.5114,,,,,,,,0.5235,,0.539,,0.5319,,0.5214,0.5214,0.5114,0.5214,0.537,,,,,,2026-04-02,,,,,,,,,,,,,1.79,0.5242,,,2.0,Not Found
930319d687992d02e211708973d066c7,basketball_ncaab,NCAAB,2026-04-02T23:03:17Z,2026-04-02T23:53:44Z,New Mexico Lobos @ Tulsa Golden Hurricane,New Mexico Lobos,2.42,,,,2.3,,2.55,2.44,2.24,,,1.65,,2.5,2.44,2.25,2.36,,,,,2.42,,,,,,,,,,,0.3819,,,,0.4068,,0.344,0.3802,0.4146,,,0.5828,,0.3894,0.3944,0.4136,0.3934,,,,,0.3688,,,,,,,,,,,2026-04-02,,,,,,,,,,,,,,,Polymarket,2.5,2.0,Not Found
8dfcddea4566e363d9f50771c615aede,icehockey_nhl,NHL,2026-04-02T23:08:00Z,2026-04-02T23:53:44Z,Buffalo Sabres @ Ottawa Senators,Ottawa Senators,1.83,2.25,2.4,2.4,1.87,1.83,1.9,,1.83,2.43,2.43,1.85,1.86,1.92,1.92,1.87,1.88,2.5,,2.43,,1.94,,,1.8,,,,,,,,0.5155,,,,0.5056,0.5207,0.5,,0.5114,,,0.5215,0.5111,0.5153,0.5153,0.5096,0.5134,,,,,0.509,,,0.5214,,,,,,,,2026-04-02,2.5,,,,,,,,2.3,,,,1.85,0.5071,Polymarket,1.92,2.0,Not Found
9bcb056972126771a4d79b063cdb1a6c,basketball_ncaab,NCAAB,2026-04-03T00:00:00Z,2026-04-02T23:53:44Z,Stanford Cardinal @ West Virginia Mountaineers,West Virginia Mountaineers,1.75,,,,,,,1.8,,,,1.72,,1.72,1.79,1.74,1.78,,,,,1.76,1.72,1.72,,1.74,,1.76,1.62,1.68,,,0.5499,,,,,,,0.5484,,,,0.5624,,0.5704,0.5489,0.5548,0.5606,,,,,0.5619,0.5613,0.5613,,0.5548,,0.5658,0.5814,0.5513,,,2026-04-03,,,,,,,,,,,,,,,Polymarket,1.72,2.0,Not Found
97f990a7956a23f16f9298270f5b556e,basketball_nba,NBA,2026-04-03T01:43:00Z,2026-04-03T02:02:32Z,Los Angeles Lakers @ Oklahoma City Thunder,Los Angeles Lakers,9.0,9.5,8.0,7.5,8.5,7.5,6.0,10.5,9.0,8.5,7.5,7.34,7.6,9.09,10.0,7.48,9.52,7.75,,10.0,7.5,8.3,,,8.0,,,,4.0,,,,0.0839,0.0672,0.0908,0.0859,0.0871,0.0994,0.1288,0.0889,0.0839,0.0915,0.095,0.1094,0.1112,0.1046,0.0955,0.1039,0.0896,0.0972,,0.0738,0.1037,0.0973,,,0.0952,,,,0.225,,,,2026-04-03,7.5,,0.095,,,,,,7.0,,0.0952,,8.5,0.0871,Polymarket,9.09,2.0,Not Found
3962012b389d372db01b0f38a6ea361a,icehockey_nhl,NHL,2026-04-03T01:08:00Z,2026-04-03T02:02:32Z,Chicago Blackhawks @ Edmonton Oilers,Chicago Blackhawks,2.5,3.0,3.2,3.25,2.5,2.48,2.48,,2.4,3.35,3.35,2.56,2.54,2.63,2.63,2.42,2.5,3.3,,3.35,,2.6,,,2.5,,,,,,,,0.3711,,,,0.3732,0.3769,0.3769,,0.3878,,,0.3706,0.3701,0.3696,0.3756,0.3881,0.3795,,,,,0.3738,,,0.3667,,,,,,,,2026-04-03,3.3,,,,,,,,3.2,,,,2.4,0.3858,Polymarket,2.63,2.0,Not Found
c128d9537c080e615ef444f3b8f800b2,baseball_ncaa,NCAA Baseball,2026-04-03T01:06:52Z,2026-04-03T02:02:32Z,Arizona St Sun Devils @ Arizona Wildcats,Arizona St Sun Devils,1.2,,,,,,,,1.21,,,,,,,,,,,,1.19,,,,1.2,,,,,,,,0.8004,,,,,,,,0.7956,,,,,,,,,,,,0.7982,,,,0.7917,,,,,,,,2026-04-03,,,,,,,,,,,,,1.15,0.8185,,,2.0,Not Found
1e6e5a0666727130d468f7f5aafb900a,icehockey_nhl,NHL,2026-04-03T02:08:46Z,2026-04-03T04:37:45Z,Calgary Flames @ Vegas Golden Knights,Calgary Flames,2.34,3.6,3.95,3.95,2.5,2.44,2.44,,2.6,4.5,4.5,2.37,2.18,2.5,2.5,2.42,2.5,4.1,,4.5,,,,,2.35,,,,,,,,0.3972,,,,0.3732,0.3844,0.3844,,0.3545,,,0.3985,0.4047,0.3951,0.3951,0.3881,0.3795,,,,,,,,0.3943,,,,,,,,2026-04-03,4.0,,,,,,,,4.25,,,,2.4,0.3858,Polymarket,2.5,2.0,Not Found
6ee67b272fe239de6a14cd9ae650ea69,soccer_australia_aleague,A-League,2026-04-03T08:35:00Z,2026-04-03T04:37:45Z,Auckland FC @ Adelaide United,Adelaide United,,2.45,2.55,,2.65,2.58,2.58,2.74,2.6,2.75,2.8,2.65,2.76,,2.7,2.75,,2.72,2.62,2.75,,,2.72,2.72,,2.58,,,2.62,2.58,2.55,,,0.3587,0.3585,,0.3534,0.3634,0.3634,0.362,0.3663,0.337,0.3364,0.366,0.3602,,0.3635,0.3449,,0.3512,0.3509,0.337,,,0.3563,0.3563,,0.366,,,0.3509,0.3635,0.3674,,2026-04-03,,2.7,,0.35,2.6,,0.3464,,2.63,,0.3345,,,,,,3.0,Not Found
bd06a9c6a2d9943ae77e38128507e980,baseball_npb,NPB,2026-04-03T09:00:00Z,2026-04-03T04:37:45Z,Fukuoka SoftBank Hawks @ Chiba Lotte Marines,Fukuoka SoftBank Hawks,1.47,,,,1.45,1.48,1.48,,1.49,,,1.49,,,,,,1.47,1.44,,1.38,,1.49,1.49,1.45,1.49,1.5,,1.48,,1.44,,0.6563,,,,0.6596,0.6527,0.6527,,0.6504,,,0.6551,,,,,,0.655,0.6564,,0.6928,,0.6538,0.6538,0.6561,0.6497,0.6475,,0.6527,,0.6549,,2026-04-03,1.42,,0.6634,,1.43,,0.6536,,1.38,,0.6928,,1.45,0.654,,,2.0,Not Found
7fff8b19da1d13b8d5127df81417bb20,baseball_npb,NPB,2026-04-03T09:00:00Z,2026-04-03T07:24:01Z,Chunichi Dragons @ Tokyo Yakult Swallows,Chunichi Dragons,1.88,,,,1.83,1.88,1.88,,1.87,,,1.94,,,,,,1.85,1.8,,1.74,,1.91,1.91,1.87,1.87,1.93,,1.85,,1.85,,0.5082,,,,0.5168,0.5055,0.5055,,0.511,,,0.5,,,,,,0.5152,0.516,,0.5423,,0.5,0.5,0.5,0.5,0.5,,0.519,,0.5,,2026-04-03,1.85,,0.5,,1.81,,0.5074,,1.74,,0.5423,,1.84,0.5072,,,2.0,Not Found
71099f19c850c0346ef40b8562c26779,baseball_npb,NPB,2026-04-03T09:00:00Z,2026-04-03T07:24:01Z,Hanshin Tigers @ Hiroshima Toyo Carp,Hiroshima Toyo Carp,2.42,,,,2.4,2.45,2.45,,2.42,,,2.49,,,,,,2.33,2.25,,2.2,,2.42,2.42,2.4,2.4,2.37,,2.38,,2.35,,0.3881,,,,0.3837,0.3815,0.3815,,0.3921,,,0.3863,,,,,,0.404,0.4038,,0.4224,,0.398,0.398,0.3837,0.3939,0.4042,,0.3995,,0.386,,2026-04-03,2.35,,0.3838,,2.3,,0.3906,,2.2,,0.4224,,2.31,0.398,,,2.0,Not Found
ee132ef65899c49f8c56f87326736119,rugbyleague_nrl,NRL,2026-04-03T09:00:00Z,2026-04-03T07:24:01Z,Melbourne Storm @ Penrith Panthers,Penrith Panthers,,1.3,1.31,,,1.35,1.35,,,1.33,1.33,1.32,,,,,,,,1.33,1.32,,1.34,,,,,,,1.35,,,,0.7307,0.7282,,,0.7179,0.7179,,,,,,,,,,,,,,,,,,,,,,,0.7119,,,2026-04-03,1.35,,0.7027,,,,,,,,,,,,,,3.0,Not Found
567424a7589be700678bf9efa1f6b390,aussierules_afl,AFL,2026-04-03T08:15:00Z,2026-04-03T08:11:40Z,Fremantle Dockers @ Adelaide Crows,Adelaide Crows,,,,,,2.05,2.05,2.24,2.1,,,2.29,,,,,,2.15,,2.2,,,,,,,,,,2.13,2.0,,,,,,,0.4463,0.4463,0.4439,0.4457,,,0.4153,,,,,,0.4402,,0.4261,,,,,,,,,,0.4317,0.4559,,2026-04-03,1.95,,0.4707,,1.97,,0.4471,,,,,,,,,,2.0,Not Found
39a9734e983f1f9ff38752073053c75f,baseball_npb,NPB,2026-04-03T09:00:00Z,2026-04-03T09:11:17Z,Orix Buffaloes @ Hokkaido Nippon-Ham Fighters,Orix Buffaloes,2.9,,,,2.55,2.6,2.6,,2.75,,,2.58,,,,,,2.5,2.5,,2.8,,2.65,2.65,2.45,2.51,,,2.7,,2.4,,0.3153,,,,0.3627,0.3545,0.3545,,0.3322,,,0.3733,,,,,,0.3599,0.3528,,0.3265,,0.364,0.364,0.3773,0.3766,,,0.3473,,0.375,,2026-04-03,2.5,,0.3552,,2.35,,0.3726,,2.8,,0.3265,,2.8,0.3214,,,2.0,Not Found
9599f0742b49d08af00ca713d420a30c,baseball_kbo,KBO,2026-04-03T09:30:00Z,2026-04-03T09:11:17Z,Samsung Lions @ KT Wiz,Samsung Lions,1.62,,,,1.62,1.62,1.62,,1.65,,,1.61,,,,,,1.62,,,1.62,,1.67,1.67,1.59,,1.67,,1.6,,1.57,,0.5931,,,,0.5864,0.5913,0.5913,,0.5856,,,0.596,,,,,,0.5913,,,0.5864,,0.582,0.582,0.5971,,0.5866,,0.5903,,0.5962,,2026-04-03,1.62,,0.5761,,1.57,,0.5859,,,,,,1.61,0.5873,,,2.0,Not Found
384dc9daece0954593253f0bc2eca13a,baseball_kbo,KBO,2026-04-03T09:30:00Z,2026-04-03T09:11:17Z,LG Twins @ Kiwoom Heroes,Kiwoom Heroes,2.58,,,,2.54,2.5,2.5,,2.6,,,2.56,,,,,,2.52,,,2.43,,2.65,2.65,2.5,,2.57,,2.5,,2.4,,0.3627,,,,0.3635,0.3774,0.3774,,0.3634,,,0.3664,,,,,,0.3716,,,0.3832,,0.364,0.364,0.3667,,0.3761,,0.3667,,0.375,,2026-04-03,2.55,,0.3513,,2.4,,0.3682,,,,,,2.49,0.3675,,,2.0,Not Found
bc5c04fcca4c19a16c66d4f458a2aa9b,baseball_kbo,KBO,2026-04-03T09:31:45Z,2026-04-03T10:04:20Z,Hanwha Eagles @ Doosan Bears,Doosan Bears,3.2,,,,2.75,,2.45,,2.45,,,1.93,,,,,,2.42,,,,,,,3.1,,,,,,,,0.2831,,,,0.3346,,0.3751,,0.3773,,,0.4858,,,,,,0.3733,,,,,,,0.2854,,,,,,,,2026-04-03,2.4,,0.375,,,,,,,,,,3.1,0.2767,,,2.0,Not Found
91961142c61ab755cf55234ac7f467de,icehockey_sweden_hockey_league,SHL,2026-04-03T13:00:00Z,2026-04-03T10:04:20Z,Rögle BK @ Färjestad BK,Draw,,3.65,3.9,,,,,,,4.1,4.1,,,,,,,4.1,,4.0,,,,,,,4.05,,,4.05,3.65,,,,0.2198,,,,,,,0.2335,0.2281,,,,,,,0.2315,,0.2287,,,,,,,0.2321,,,0.231,0.2364,,2026-04-03,,,,,3.6,,0.2301,,3.8,,0.2219,,,,,,3.0,Not Found
dbd7cd8e6bc20d4abe96f6a2de508867,soccer_sweden_superettan,Superettan - Sweden,2026-04-03T13:00:00Z,2026-04-03T10:04:20Z,Östers IF @ Helsingborgs IF,Helsingborgs IF,3.0,,,,2.9,3.0,3.0,3.15,3.05,3.1,3.1,3.13,3.2,,,,,2.9,2.9,3.1,3.05,,3.2,3.2,,2.95,3.06,,2.9,3.04,2.95,,0.3088,,,,0.3109,0.3081,0.3081,0.3106,0.3089,0.2974,0.2974,0.3038,0.3073,,,,,0.3277,0.304,0.296,0.2937,,0.2994,0.2994,,0.3102,0.3027,,0.304,0.3029,0.3054,,2026-04-03,2.7,,0.3342,,,2.95,,0.3102,,,,,,,,,3.0,Not Found
0bc3171f87ebcfbbcb2a35ef0ec73b08,soccer_england_league1,League 1,2026-04-03T11:31:00Z,2026-04-03T12:31:54Z,Mansfield Town @ Doncaster Rovers,Mansfield Town,,,,,3.25,3.15,3.15,3.7,3.35,3.3,3.2,3.43,3.7,,,,,3.25,3.3,3.2,,,,,,,,,,,,,,,,,0.2662,0.2782,0.2782,0.2673,0.2728,0.2779,0.2765,0.2697,0.2673,,,,,0.2839,0.2671,0.2776,,,,,,,,,,,,,2026-04-03,3.6,3.0,0.2463,0.3003,,,,,,,,,,,,,3.0,Not Found
f7349af9fc0329d52c001751bd269814,soccer_england_league1,League 1,2026-04-03T14:00:00Z,2026-04-03T12:31:54Z,Barnsley @ Burton Albion,Barnsley,,,,,3.1,3.15,3.15,3.35,3.15,3.15,3.15,3.24,3.4,,,,,3.0,3.1,3.15,3.15,,3.25,3.25,,3.1,3.13,,3.1,3.12,3.1,,,,,,0.2992,0.2926,0.2926,0.2948,0.2988,0.2897,0.2882,0.2958,0.2919,,,,,0.3094,0.2943,0.2897,0.2882,,0.2956,0.2956,,0.2908,0.2969,,0.2943,0.2962,0.2908,,2026-04-03,3.1,3.0,0.2959,0.2994,,,,,,,,,,,,,3.0,Not Found
12146583ccb635720f0bf36dc893b93f,soccer_efl_champ,Championship,2026-04-03T14:00:00Z,2026-04-03T12:31:54Z,Blackburn Rovers @ Birmingham City,Blackburn Rovers,4.2,3.75,3.85,3.83,4.0,4.12,4.12,4.4,4.1,4.25,4.35,4.27,4.4,,4.35,4.2,,4.2,4.0,4.25,4.25,,4.4,4.4,,4.05,4.04,,4.0,4.05,4.1,,0.2119,0.2285,0.2273,0.2292,0.2302,0.2246,0.2246,0.2252,0.2298,0.2163,0.2177,0.2226,0.2252,,0.2232,0.2152,,0.2232,0.2229,0.2163,0.2163,,0.2136,0.2136,,0.2183,0.2249,,0.2229,0.2226,0.2177,,2026-04-03,4.2,4.1,0.2088,0.2257,4.0,,0.2173,,4.1,,0.2133,,,,,,3.0,Not Found
ae6bf66a759b8f144ffdab3090a83733,soccer_england_league2,League 2,2026-04-03T14:00:00Z,2026-04-03T13:46:34Z,Barrow @ Milton Keynes Dons,Milton Keynes Dons,,,,,1.43,1.41,1.41,1.41,1.4,1.41,1.41,1.41,1.41,,,,,1.4,1.4,1.41,1.41,,1.41,1.41,,1.41,1.4,,1.4,1.38,1.36,,,,,,0.6781,0.6862,0.6862,0.7053,0.6954,0.6828,0.6828,0.6917,0.7053,,,,,0.6903,0.6825,0.6828,0.6828,,0.6955,0.6955,,0.6955,0.6909,,0.6825,0.6982,0.7021,,2026-04-03,1.35,1.39,0.712,0.6864,,,,,,,,,,,,,3.0,Not Found
baf38dfdc574ca7fd09a7e4d6183ed3a,soccer_efl_champ,Championship,2026-04-03T14:00:00Z,2026-04-03T14:32:33Z,Watford @ Queens Park Rangers,Watford,7.0,6.5,,6.75,7.75,7.2,7.2,8.6,7.0,8.0,7.0,3.23,9.0,,8.33,,,7.5,7.0,8.0,,,,,,,,,,,,,0.113,0.1117,,0.0993,0.105,0.1065,0.1065,0.1129,0.118,0.0994,0.1041,0.289,0.1096,,0.113,,,0.1071,0.1116,0.0994,,,,,,,,,,,,,2026-04-03,8.0,,0.0922,,,,,,7.0,,0.0985,,,,,,3.0,Not Found
2b3cc65a91b88b62451e4757f13ebb94,cricket_ipl,IPL,2026-04-03T14:00:00Z,2026-04-03T15:25:17Z,Punjab Kings @ Chennai Super Kings,Chennai Super Kings,,,,,,,1.72,1.96,1.8,1.81,1.75,,1.87,,,,,,,,,,,,,,,,,,,,,,,,,,0.5343,0.5076,0.5278,0.5262,0.5266,,0.5315,,,,,,,,,,,,,,,,,,,,2026-04-03,,,,,,,,,,,,,,,,,2.0,Not Found
7f6b40fad3e3ba022bd6d88a9b76456c,soccer_england_league2,League 2,2026-04-03T14:00:00Z,2026-04-03T15:25:17Z,Oldham Athletic @ Colchester United,Oldham Athletic,,,,,4.33,4.2,4.2,5.0,4.4,4.0,3.9,4.81,5.2,,,,,4.0,4.75,3.45,,,,,,,,,,,,,,,,,0.1882,0.1996,0.1996,0.1907,0.2045,0.2189,0.213,0.1847,0.1852,,,,,0.2222,0.1766,0.2566,,,,,,,,,,,,,2026-04-03,5.0,,0.1674,,,,,,,,,,,,,,3.0,Not Found
652cbee5d78edda031b1fea06b3bca9c,icehockey_sweden_allsvenskan,HockeyAllsvenskan,2026-04-03T16:00:00Z,2026-04-03T15:25:17Z,Modo Hockey @ BIK Karlskoga,BIK Karlskoga,,,,,,1.69,1.69,,,2.1,2.1,1.66,,,,,,2.25,,2.1,,,,,,,2.08,,,2.06,,,,,,,,,,,,0.4524,0.4524,,,,,,,0.4272,,0.4524,,,,,,,0.4509,,,0.4528,,,2026-04-03,,,,,,,,,,,,,,,,,3.0,Not Found
0f9bae674791b2ef6540b6c885ca8d67,baseball_mlb,MLB,2026-04-03T17:05:00Z,2026-04-03T16:54:35Z,Los Angeles Dodgers @ Washington Nationals,Los Angeles Dodgers,1.34,1.33,1.34,,1.36,1.36,1.36,1.39,1.35,1.38,1.36,1.36,1.39,1.39,1.37,1.38,1.39,1.36,1.33,1.38,1.36,1.39,1.38,1.38,1.33,1.37,1.37,1.39,1.33,1.34,,,0.7239,0.7172,0.7169,,0.7114,0.7084,0.7084,0.7169,0.7184,0.7036,0.7089,0.7223,0.7169,0.7148,0.72,0.7089,0.7169,0.7104,0.7172,0.7036,0.7064,0.7169,0.7135,0.7135,0.7267,0.7134,0.7188,0.7144,0.7244,0.7198,,,2026-04-03,1.32,,0.7273,,1.34,,0.7169,,,,,,1.35,0.7207,Polymarket,1.39,2.0,Not Found
c7e42a09645d53f4ade5ced7b2eb06ed,soccer_portugal_primeira_liga,Primeira Liga - Portugal,2026-04-03T17:00:00Z,2026-04-03T16:54:35Z,Tondela @ Vitória SC,Draw,3.4,3.45,3.5,3.5,,3.45,3.45,3.6,3.45,3.45,3.4,3.51,3.6,,3.57,3.55,,3.6,3.3,3.45,3.45,,3.5,3.5,,3.4,3.63,,3.3,3.44,3.4,,0.2667,0.2577,0.261,0.2621,,0.2649,0.2649,0.2752,0.2707,0.2631,0.2649,0.2729,0.2777,,0.2671,0.2654,,0.2618,0.2697,0.2631,0.2647,,0.2715,0.2715,,0.2718,0.2653,,0.2697,0.2666,0.2679,,2026-04-03,3.5,,0.2629,,3.4,,0.2659,,3.4,,0.2627,,,,,,3.0,Not Found
11aebec891e482abf046750977557b22,basketball_euroleague,Basketball Euroleague,2026-04-03T18:00:00Z,2026-04-03T16:54:35Z,Olympiacos @ ASVEL Lyon Villeurbanne,ASVEL Lyon Villeurbanne,5.0,4.5,4.8,,4.4,4.9,,5.4,4.6,5.0,4.8,4.71,5.1,,,4.45,,4.6,4.9,5.0,4.8,,4.83,4.83,4.75,3.9,4.49,,4.9,4.45,4.5,,0.1763,0.1838,0.184,,0.197,0.1783,,0.1828,0.1955,0.1763,0.1804,0.1929,0.1814,,,0.1886,,0.192,0.1783,0.1763,0.1804,,0.1869,0.1869,0.1886,0.215,0.2049,,0.1819,0.2025,0.1944,,2026-04-03,,4.4,,0.1863,,,,,4.7,,0.1753,,4.2,0.1953,,,2.0,Not Found
f4a8d79b2a542639d05ea6bfebeb12a8,soccer_austria_bundesliga,Austrian Football Bundesliga,2026-04-03T17:30:00Z,2026-04-03T17:33:53Z,Rheindorf Altach @ Ried,Draw,3.1,3.0,3.1,3.05,,3.05,3.05,3.2,3.2,3.05,2.95,3.09,2.8,,,,,3.14,3.0,3.05,3.0,,3.05,3.05,,,3.27,,3.0,,,,0.2886,0.2877,0.2851,0.2857,,0.2872,0.2872,0.3074,0.2916,0.2941,0.2931,0.3128,0.3371,,,,,0.2943,0.2958,0.2941,0.2925,,0.3152,0.3152,,,0.2916,,0.3025,,,,2026-04-03,,,,,3.0,,0.2863,,2.85,2.86,,0.3168,,,,,3.0,Not Found
3b47e5d379aa21ccaee1521077defd3f,baseball_ncaa,NCAA Baseball,2026-04-03T18:00:00Z,2026-04-03T17:33:53Z,Cincinnati Bearcats @ Oklahoma St Cowboys,Oklahoma St Cowboys,,,,,1.87,,,,1.87,,,,,,,,1.84,,,,,,1.74,1.74,,1.74,1.87,,,,,,,,,,0.5,,,,0.5,,,,,,,,0.5,,,,,,0.5435,0.5435,,0.5435,0.5,,,,,,2026-04-03,,,,,,,,,,,,,1.87,0.5,,,2.0,Not Found
2bb9ef2181cdb59b76492b604e5256d6,baseball_mlb,MLB,2026-04-03T17:40:00Z,2026-04-03T18:05:23Z,Miami Marlins @ New York Yankees,New York Yankees,1.32,1.26,1.3,,1.29,1.3,1.3,1.35,1.28,1.32,1.3,1.34,1.24,1.37,1.33,1.33,1.33,1.27,1.33,1.32,1.32,1.3,,,1.29,,,,1.62,,,,0.7273,0.756,0.7418,,0.7487,0.7331,0.7331,0.7037,0.7482,0.7295,0.7233,0.723,0.7494,0.7249,0.7509,0.728,0.731,0.7621,0.7093,0.7295,0.7175,0.7476,,,0.7447,,,,0.5913,,,,2026-04-03,1.3,,0.7284,,,,,,,,,,1.3,0.7354,Polymarket,1.37,2.0,Not Found
20f48671a2b7e6d2e22b4a2b546efe48,tennis_wta_charleston_open,WTA Charleston Open,2026-04-03T17:35:00Z,2026-04-03T18:05:23Z,Belinda Bencic @ Madison Keys,Belinda Bencic,1.77,1.48,1.49,1.47,1.5,1.52,1.52,1.7,1.55,1.51,1.47,,,,,,1.55,1.52,1.5,1.51,1.5,1.58,,,1.54,,,,,,,,0.5386,0.6295,0.6315,0.6344,0.6333,0.6249,0.6249,0.5858,0.6218,0.635,0.6385,,,,,,0.6295,0.6329,0.6333,0.635,0.6333,0.6271,,,0.6286,,,,,,,,2026-04-03,,,,,,,,,1.43,,0.6439,,,,,,2.0,Not Found
607db1bd77f4c822a1cb35489d7b85da,soccer_france_ligue_two,Ligue 2 - France,2026-04-03T18:00:00Z,2026-04-03T18:05:23Z,Rodez AF @ USL Dunkerque,USL Dunkerque,2.2,2.05,2.1,2.15,2.05,2.1,2.1,2.26,2.15,2.18,2.12,2.23,2.26,,,,,2.2,2.15,2.18,,,2.2,2.2,,2.15,2.23,,2.15,2.16,2.15,,0.43,0.439,0.4398,0.4371,0.4464,0.4435,0.4435,0.4324,0.441,0.4255,0.427,0.4349,0.4353,,,,,0.43,0.4304,0.4255,,,0.4421,0.4421,,0.4365,0.431,,0.4304,0.439,0.4318,,2026-04-03,2.1,2.09,0.4433,0.4446,2.05,,0.4618,,2.18,2.14,0.4255,0.4339,,,,,3.0,Not Found
a4e4e61e2630c047c5fb0a21f7e8cdeb,soccer_league_of_ireland,League of Ireland,2026-04-03T18:45:00Z,2026-04-03T18:05:23Z,Dundalk @ Shelbourne Dublin,Shelbourne Dublin,1.62,1.58,1.62,,1.61,1.65,1.65,1.71,1.65,1.75,1.73,1.65,,,,,,1.65,,1.75,1.75,,1.68,1.68,,1.69,1.67,,1.65,1.65,1.6,,0.5927,0.5869,0.5847,,0.5891,0.5798,0.5798,0.5809,0.5874,0.5419,0.5454,0.5911,,,,,,0.5905,,0.5419,0.5419,,0.5808,0.5808,,0.5785,0.5761,,0.5771,0.5818,0.5932,,2026-04-03,1.6,,0.5956,,1.56,1.62,0.5914,0.5877,1.67,,0.5537,,,,,,3.0,Not Found
3ca2acfea3e8f63d634ee1b689ba7c04,basketball_euroleague,Basketball Euroleague,2026-04-03T18:30:00Z,2026-04-03T20:20:47Z,Valencia Basket @ Virtus Segafredo Bologna,Valencia Basket,,1.03,1.02,,,,,1.01,,,,1.05,,,,,,,,,,,,,1.04,,,,,,,,,0.9497,0.9624,,,,,0.9665,,,,0.9349,,,,,,,,,,,,,0.9353,,,,,,,,2026-04-03,,,,,,,,,,,,,,,,,2.0,Not Found
1688a7eb8f1a30bd4fc99f3f8fb966ed,soccer_league_of_ireland,League of Ireland,2026-04-03T18:45:00Z,2026-04-03T20:20:47Z,Bohemians @ Drogheda United,Drogheda United,6.5,5.7,6.0,,5.5,6.8,6.8,7.6,6.5,6.5,6.1,6.4,7.8,,,,,6.0,,6.25,,,,,,,,,,,,,0.1236,0.1342,0.1323,,,0.1105,0.1105,0.1238,0.1303,0.1195,0.119,0.1336,0.1223,,,,,0.136,,0.1278,,,,,,,,,,,,,2026-04-03,6.5,,0.1227,,,,,,5.8,,,,,,,,3.0,Not Found
15a6fdfd62494c108a66643fcc76c322,soccer_argentina_primera_division,Primera División - Argentina,2026-04-03T20:15:00Z,2026-04-03T20:20:47Z,Deportivo Riestra @ Union Santa Fe,Draw,3.2,2.95,3.05,2.95,2.9,3.15,3.15,3.25,3.15,2.95,2.88,3.18,2.78,,3.33,,,,,,,,3.1,3.1,,,3.29,,,3.08,3.1,,0.2824,0.292,0.2922,0.2946,0.3053,0.2852,0.2852,0.3055,0.2918,0.3135,0.3102,0.3023,0.3236,,0.2904,,,,,,,,0.3056,0.3056,,,0.2902,,,0.301,0.2997,,2026-04-03,,,,,2.95,3.1,0.2952,0.2996,,,,,,,,,3.0,Not Found
fa9aa86145d2aceda1b20d77a756e251,tennis_wta_charleston_open,WTA Charleston Open,2026-04-03T20:28:22Z,2026-04-03T20:20:47Z,Anna Kalinskaya @ Iva Jović,Iva Jović,1.87,1.66,1.78,1.78,1.8,1.85,1.85,1.95,1.76,1.77,1.82,,,,,2.11,1.81,1.82,1.67,1.88,1.79,1.83,2.15,2.15,2.1,2.1,2.09,,,2.11,,,0.511,0.5512,0.5232,0.5177,0.5214,0.5071,0.5071,0.5113,0.5437,0.5386,0.5045,,,,,0.4529,0.5198,0.5247,0.5613,0.5055,0.5255,0.5281,0.4452,0.4452,0.4556,0.4457,0.4519,,,0.4463,,,2026-04-03,,,,,,,,,1.78,,0.5062,,,,,,2.0,Not Found
79116c311ac42e78eb951ee46440d09f,baseball_mlb,MLB,2026-04-03T20:13:00Z,2026-04-03T20:59:42Z,Baltimore Orioles @ Pittsburgh Pirates,Baltimore Orioles,5.2,4.8,5.2,,5.5,4.96,4.96,6.6,5.88,5.1,4.6,6.82,4.5,5.88,7.14,5.29,5.62,5.9,,5.1,4.7,5.6,,,6.0,,,,,,,,0.1614,0.1731,0.1651,,0.1561,0.1622,0.1622,0.1372,0.1386,0.167,0.1701,0.1229,0.1647,0.1649,0.1352,0.1635,0.1616,0.1461,,0.167,0.1716,0.1691,,,0.1329,,,,,,,,2026-04-03,5.7,,0.1332,,,,,,,,,,6.0,0.1369,Polymarket,5.88,2.0,Not Found
9c1e11abdcd795ef8ff437128ea5e829,baseball_mlb,MLB,2026-04-03T20:13:00Z,2026-04-03T20:59:42Z,Chicago Cubs @ Cleveland Guardians,Chicago Cubs,1.52,1.52,1.56,,1.48,1.48,1.48,1.57,1.46,1.56,1.51,1.44,1.46,1.59,1.59,1.53,1.57,1.6,1.44,1.56,1.53,1.57,,,1.53,,,,,,,,0.6273,0.6067,0.6122,,0.6492,0.6386,0.6386,0.6169,0.6487,0.6122,0.6137,0.6705,0.6232,0.6192,0.6192,0.6276,0.616,0.5997,0.6472,0.6122,0.6122,0.6169,,,0.6227,,,,,,,,2026-04-03,1.45,,0.6487,,,,,,,,,,1.6,0.5951,Polymarket,1.59,2.0,Not Found
86dfc811b264961aa85fa084e1d8cc43,baseball_ncaa,NCAA Baseball,2026-04-03T22:00:00Z,2026-04-03T20:59:42Z,South Alabama Jaguars @ Coastal Carolina Chanticleers,Coastal Carolina Chanticleers,1.2,,,,1.25,,,,1.19,,,,,,,,1.19,,1.22,,1.22,,1.25,1.25,1.18,1.25,1.18,,,,,,0.803,,,,0.7684,,,,0.8091,,,,,,,,0.8126,,0.7848,,0.7816,,0.7698,0.7698,0.8126,0.7649,0.8116,,,,,,2026-04-03,,,,,,,,,,,,,1.21,0.7913,,,2.0,Not Found
e41fbc06366018125cd2e4d62c2c2cb9,baseball_ncaa,NCAA Baseball,2026-04-03T22:00:00Z,2026-04-03T20:59:42Z,Rutgers Scarlet Knights @ Indiana Hoosiers,Indiana Hoosiers,,,,,1.53,,,,1.6,,,,,,,,1.55,,,,1.53,,1.61,1.61,1.54,1.61,1.55,,,,,,,,,,0.6227,,,,0.5951,,,,,,,,0.616,,,,0.6167,,0.5913,0.5913,0.6163,0.5913,0.6107,,,,,,2026-04-03,,,,,,,,,,,,,1.55,0.6098,,,2.0,Not Found
05fd2367dc59e1687b2e8b22db374ef4,baseball_ncaa,NCAA Baseball,2026-04-03T22:00:00Z,2026-04-03T20:59:42Z,Maryland Terrapins @ Ohio State Buckeyes,Maryland Terrapins,1.9,,,,1.87,,,,1.87,,,,,,,,1.9,,,,1.93,,1.8,1.8,1.87,1.8,1.88,,,,,,0.4958,,,,0.5,,,,0.5,,,,,,,,0.4986,,,,0.4797,,0.5214,0.5214,0.5,0.5214,0.4971,,,,,,2026-04-03,,,,,,,,,,,,,1.76,0.5341,,,2.0,Not Found
5288afbe1c94bae740aacd3b7981f7e3,baseball_milb,MiLB,2026-04-03T22:15:00Z,2026-04-03T21:45:54Z,Indianapolis Indians @ Columbus Clippers,Columbus Clippers,1.57,,,,,,,,,,,,,,,,,,,,1.55,,1.8,,1.59,,1.58,,1.57,,,,0.6066,,,,,,,,,,,,,,,,,,,,0.6071,,0.5214,,0.5971,,0.5942,,0.6011,,,,2026-04-03,,,,,,,,,,,,,,,,,2.0,Not Found
02a4ac33822ef29632a98a54a26c6e72,baseball_mlb,MLB,2026-04-03T21:07:26Z,2026-04-03T22:17:39Z,Tampa Bay Rays @ Minnesota Twins,Minnesota Twins,3.3,2.35,2.95,,2.95,3.11,3.3,3.3,2.93,2.63,3.1,4.93,4.0,2.78,3.12,3.27,2.66,2.85,,3.3,3.15,2.66,,,3.65,,,,,,,,0.2727,0.3772,0.3123,,0.3123,0.2848,0.2669,0.2994,0.3083,0.3523,0.2767,0.1777,0.194,0.3552,0.3056,0.2825,0.3675,0.3233,,0.2756,0.2799,0.3654,,,0.2402,,,,,,,,2026-04-03,3.4,,0.2534,,,,,,,,,,3.7,0.2351,Polymarket,2.78,2.0,Not Found
d2565f4ec40ef0701e442d56c8d44ff2,basketball_nba,NBA,2026-04-03T23:42:00Z,2026-04-03T23:45:37Z,Chicago Bulls @ New York Knicks,Chicago Bulls,6.2,5.6,7.75,5.75,9.25,7.0,7.0,8.2,7.5,8.0,7.5,7.49,8.8,10.0,10.0,6.95,10.0,6.0,,8.0,6.75,7.6,8.76,9.26,6.75,7.3,,,7.5,,7.75,,0.1302,0.122,0.11,0.1324,0.0779,0.1127,0.1127,0.1145,0.108,0.0995,0.095,0.1163,0.0981,0.0955,0.0955,0.1132,0.087,0.1369,,0.0995,0.1154,0.0985,0.0941,0.091,0.1236,0.118,,,0.1037,,0.1058,,2026-04-03,7.5,7.2,0.095,0.1149,,7.25,,0.1185,6.5,,0.1007,,,,Polymarket,10.0,2.0,Not Found
d7c80ae23b4a1f068bbd1e29b9606163,baseball_ncaa,NCAA Baseball,2026-04-03T23:01:32Z,2026-04-03T23:45:37Z,Arkansas Razorbacks @ Auburn Tigers,Auburn Tigers,1.19,,,,1.15,,,,1.18,,,,,,,,,,,,1.2,,,,1.18,,,,,,,,0.8091,,,,0.8295,,,,0.8173,,,,,,,,,,,,0.7917,,,,0.8047,,,,,,,,2026-04-03,,,,,,,,,,,,,1.25,0.7529,,,2.0,Not Found
ac3e35eaf2f7e55ccddd9e1d0930bacd,americanfootball_ufl,UFL,2026-04-04T00:00:00Z,2026-04-03T23:45:37Z,DC Defenders @ Columbus Aviators,DC Defenders,1.71,,,,1.65,,,,1.65,1.66,1.66,,,,,,,,,,1.66,,1.62,,1.62,1.59,,,,,,,0.5651,,,,0.5856,,,,0.5856,0.579,0.579,,,,,,,,,,0.579,,0.6003,,0.5959,0.6061,,,,,,,2026-04-04,,,,,,1.62,,0.6003,,,,,1.67,0.5732,,,2.0,Not Found
1de936f832a2d7aed41e05852cacadcb,icehockey_nhl,NHL,2026-04-03T23:08:32Z,2026-04-04T00:57:12Z,Philadelphia Flyers @ New York Islanders,Philadelphia Flyers,1.07,1.13,1.15,1.14,1.12,1.1,1.1,,1.11,1.18,1.18,1.12,1.08,1.14,1.12,1.1,1.12,1.16,,1.18,,1.08,,,1.1,,,,,,,,0.9032,,,,0.8664,0.8845,0.8845,,0.8764,,,0.8759,0.8752,0.8736,0.8864,0.8832,0.8814,,,,,0.8782,,,0.8776,,,,,,,,2026-04-03,1.16,,,,,,,,1.12,,,,1.09,0.8873,Polymarket,1.14,2.0,Not Found
be6f47aa8f63e215dbdcb4a09140b892,icehockey_ahl,AHL,2026-04-03T23:06:00Z,2026-04-04T00:57:12Z,Belleville Senators @ Rochester Americans,Belleville Senators,,1.52,1.56,1.55,,,,,,,,,,,1.3,,,,,,1.3,,,,,,,,,,,,,,,,,,,,,,,,,,0.7345,,,,,,0.7207,,,,,,,,,,,,2026-04-03,1.55,,,,,,,,,,,,,,,,2.0,Not Found
33239691820fdaf4e2256871f32cf8a4,baseball_ncaa,NCAA Baseball,2026-04-04T01:00:00Z,2026-04-04T00:57:12Z,Georgia Tech Yellow Jackets @ California Golden Bears,Georgia Tech Yellow Jackets,,,,,1.11,,,,1.11,,,,,,,,,,1.11,,1.1,,1.14,1.14,1.1,1.14,1.12,,,,,,,,,,0.8705,,,,0.8735,,,,,,,,,,0.8671,,0.8683,,0.8458,0.8458,0.8776,0.8424,0.859,,,,,,2026-04-04,,,,,,,,,,,,,1.11,0.8685,,,2.0,Not Found
eacf84dc6ccbd4eaabb7c9df34e606d8,soccer_mexico_ligamx,Liga MX,2026-04-04T01:00:00Z,2026-04-04T00:57:12Z,FC Juárez @ Puebla,FC Juárez,2.7,2.4,2.5,2.47,,2.78,2.78,2.78,2.75,2.5,2.45,2.77,2.8,,2.78,2.6,,2.75,2.5,2.5,2.48,,2.66,2.66,,2.7,2.61,,2.5,2.67,2.6,,0.3517,0.3683,0.3673,0.3582,,0.3359,0.3359,0.3551,0.3431,0.3747,0.3762,0.3499,0.3543,,0.3497,0.3581,,0.3465,0.3536,0.3747,0.3754,,0.3644,0.3644,,0.3503,0.3696,,0.3536,0.348,0.3528,,2026-04-04,,,,,2.45,,,,2.38,,0.3759,,,,,,3.0,Not Found
c58c47a59e543a1a6aa0202a6ca69a25,baseball_mlb,MLB,2026-04-04T01:50:00Z,2026-04-04T03:40:07Z,Seattle Mariners @ Los Angeles Angels,Los Angeles Angels,2.16,2.05,2.15,,2.1,2.19,2.19,1.98,2.08,2.23,2.15,1.93,1.95,2.0,2.22,2.16,2.19,2.0,2.05,2.23,2.18,,,,1.77,,,,,,,,0.4339,0.4353,0.4349,,0.4457,0.4178,0.4178,0.488,0.448,0.4212,0.4201,0.4931,0.4515,0.4896,0.4459,0.4374,0.4458,0.4797,0.4445,0.4212,0.4207,,,,0.5325,,,,,,,,2026-04-04,2.1,,0.4351,,,,,,,,,,2.15,0.4295,Polymarket,2.0,2.0,Not Found
40dcd22e9af949eb80c30e4c48c8eadb,soccer_mexico_ligamx,Liga MX,2026-04-04T03:01:00Z,2026-04-04T03:40:07Z,Mazatlán FC @ Necaxa,Mazatlán FC,16.0,14.5,15.0,11.5,13.5,14.0,14.0,19.5,16.0,16.0,15.0,15.78,20.0,,20.0,,,18.0,12.0,16.0,,,,,,,,,,,,,0.037,0.0394,0.0349,0.0484,0.0396,0.0361,0.0361,0.0467,0.0388,0.0393,0.0325,0.0458,0.0471,,0.0468,,,0.0403,0.0397,0.0392,,,,,,,,,,,,,2026-04-04,,,,,,,,,13.0,,,,,,,,3.0,Not Found
2995954fe0ec46666a315c58eaae8534,baseball_npb,NPB,2026-04-04T05:00:00Z,2026-04-04T03:40:07Z,Hanshin Tigers @ Hiroshima Toyo Carp,Hanshin Tigers,1.56,,,,1.54,1.55,1.55,,1.57,,,1.6,,,,,,1.56,1.53,,1.5,,1.59,1.59,,1.6,1.6,,1.57,,1.53,,0.6156,,,,0.6163,0.6185,0.6185,,0.6144,,,0.6101,,,,,,0.6164,0.6167,,0.6333,,0.6137,0.6137,,0.6006,0.6059,,0.6169,,0.614,,2026-04-04,1.52,,0.6162,,1.52,,0.6116,,1.5,,0.6333,,1.55,0.6107,,,2.0,Not Found
f0ab921723fdcf13cb13914d59aea8f4,soccer_korea_kleague1,K League 1,2026-04-04T05:00:00Z,2026-04-04T03:40:07Z,Ulsan Hyundai FC @ Jeonbuk Hyundai Motors,Ulsan Hyundai FC,,2.9,3.05,3.12,3.2,3.2,3.2,3.7,3.4,3.3,3.35,3.55,3.7,,3.57,,,3.3,,3.3,3.25,,3.5,3.5,3.35,,3.37,,3.3,3.4,,,,,0.2827,0.2745,0.2856,0.2804,0.2804,0.2653,0.2734,0.2651,0.2662,0.2706,0.2653,,0.2698,,,0.2823,,0.2651,0.2665,,0.2713,0.2713,0.27,,0.2743,,0.2691,0.2698,,,2026-04-04,3.4,,0.2665,,3.05,,,,3.2,,0.2664,,,,,,3.0,Not Found
5fe78216161c51c17e72ed31b5ac36d7,soccer_japan_j_league,J League,2026-04-04T04:00:00Z,2026-04-04T05:13:02Z,Tokyo Verdy @ JEF United Chiba,Tokyo Verdy,,7.0,7.25,6.75,,7.2,7.2,,8.5,,,6.81,,,5.88,,,,7.0,,,,,,,,,,,,,,,0.1008,0.1021,,,0.1012,0.1042,,0.0969,,,0.1246,,,,,,,0.1053,,,,,,,,,,,,,,2026-04-04,,,,,,,,,,,,,,,,,3.0,Not Found
e43a64a720e4ef40d97ff1d396cbe658,baseball_npb,NPB,2026-04-04T05:00:36Z,2026-04-04T05:13:02Z,Tohoku Rakuten Golden Eagles @ Saitama Seibu Lions,Tohoku Rakuten Golden Eagles,2.3,,,,2.15,2.6,2.6,,2.24,,,2.51,,,,,,2.5,2.5,,2.25,,2.28,2.28,2.45,2.19,,,2.12,,2.2,,0.4049,,,,0.4332,0.3545,0.3545,,0.4146,,,0.3659,,,,,,0.3599,0.3528,,0.4017,,0.4217,0.4217,0.3773,0.4289,,,0.4501,,0.4148,,2026-04-04,,,,,2.1,,0.4236,,2.18,,0.396,,2.3,0.3948,,,2.0,Not Found
e4735f7f00de20bcad195a414c5b723a,soccer_japan_j_league,J League,2026-04-04T06:00:00Z,2026-04-04T06:14:04Z,Cerezo Osaka @ Nagoya Grampus,Nagoya Grampus,,2.35,2.45,2.27,2.3,2.4,2.4,,2.6,,,2.49,,,2.33,,,,2.38,,,,,,,,,,2.38,2.4,,,,0.3762,0.3706,,0.3875,,,,0.3635,,,0.3815,,,0.4095,,,,0.3852,,,,,,,,,,0.389,0.3924,,,2026-04-04,,,,,2.25,,0.4004,,,,,,,,,,3.0,Not Found
90917f9a279993dce80d05c1e48891ad,soccer_japan_j_league,J League,2026-04-04T07:00:00Z,2026-04-04T06:14:04Z,Kyoto Purple Sanga @ Gamba Osaka,Gamba Osaka,,2.2,2.3,2.28,2.45,2.35,2.35,,2.4,,,2.43,,,2.5,,,,2.38,,,,,,,,,,2.38,2.36,,,,0.408,0.4039,0.4084,0.3832,0.3978,0.3978,,0.3981,,,0.4007,,,0.3966,,,,0.3902,,,,,,,,,,0.3902,0.3995,,,2026-04-04,,,,,2.25,2.4,0.4043,0.3926,,,,,,,,,3.0,Not Found
aedf548fc754d32868758a78f40a4b35,soccer_korea_kleague1,K League 1,2026-04-04T07:30:00Z,2026-04-04T06:14:04Z,Daejeon Citizen @ Pohang Steelers,Pohang Steelers,,2.55,2.6,2.58,2.65,2.68,2.68,2.82,2.7,2.48,2.5,2.78,2.82,,2.78,,,2.7,,2.48,2.48,,2.72,2.72,,,2.7,,2.5,2.68,,,,0.3476,0.3489,0.3402,0.3525,0.3436,0.3436,0.3498,0.3526,0.3647,0.3667,0.3484,0.3514,,0.3531,,,0.3503,,0.3647,0.3647,,0.3549,0.3549,,,0.3462,,0.3652,0.3491,,,2026-04-04,2.7,,0.3409,,2.55,,,,2.43,,0.3659,,,,,,3.0,Not Found
213d75859830c945fd5f8016d2f4f5bc,soccer_australia_aleague,A-League,2026-04-04T08:35:00Z,2026-04-04T08:04:27Z,Western Sydney Wanderers @ Melbourne City,Western Sydney Wanderers,,3.3,3.45,,3.6,3.7,3.7,4.2,3.7,3.55,3.6,3.94,4.2,,4.17,3.64,,3.85,3.5,3.55,,,3.8,3.8,3.75,3.8,,,3.5,3.74,3.75,,,0.2583,0.2573,,0.2539,0.2461,0.2461,0.2359,0.2501,0.2558,0.255,0.2426,0.2359,,0.233,0.2501,,0.2461,0.2541,0.2558,,,0.2515,0.2515,0.2443,0.2414,,,0.2541,0.2432,0.2443,,2026-04-04,,3.7,,0.2507,3.5,,0.2488,,3.35,,0.2521,,,,,,3.0,Not Found
1a0743084b50b1044d89d9cd1b3ce10b,baseball_kbo,KBO,2026-04-04T08:01:05Z,2026-04-04T08:56:09Z,NC Dinos @ Kia Tigers,Kia Tigers,5.0,,,,4.5,,5.1,,5.0,,,5.16,,,,,,4.75,,,4.9,,,,4.35,,,,2.1,,,,0.169,,,,0.1838,,0.1633,,0.169,,,0.1621,,,,,,0.1705,,,0.1596,,,,0.1912,,,,0.4387,,,,2026-04-04,4.3,,0.1889,,,,,,,,,,4.35,0.1912,,,2.0,Not Found
c5ca44bb3c0272612dfa2c7e92baaebd,baseball_kbo,KBO,2026-04-04T08:01:59Z,2026-04-04T09:51:48Z,SSG Landers @ Lotte Giants,Lotte Giants,1.71,,,,1.87,,,,1.71,,,1.69,,,,,,,,,1.8,,,,1.71,,,,,,,,0.5565,,,,0.5056,,,,0.5543,,,0.5578,,,,,,,,,0.5132,,,,0.5485,,,,,,,,2026-04-04,1.7,,0.5441,,,,,,,,,,1.65,0.5649,,,2.0,Not Found
011d96430bf1b8fecbdea23291387966,soccer_germany_bundesliga2,Bundesliga 2 - Germany,2026-04-04T11:00:00Z,2026-04-04T09:51:48Z,Fortuna Düsseldorf @ 1. FC Kaiserslautern,Draw,3.7,3.5,3.7,3.58,3.7,3.6,3.6,3.85,3.65,3.7,3.65,3.72,3.85,,3.7,,,3.85,3.5,3.7,3.65,,3.65,3.65,,,,,3.5,3.52,3.5,,0.2512,0.2396,0.2404,0.246,0.25,0.2512,0.2512,0.2558,0.2536,0.2467,0.2481,0.2574,0.2558,,0.2634,,,0.2418,0.2517,0.2467,0.2481,,0.2642,0.2642,,,,,0.2517,0.2599,0.2615,,2026-04-04,3.5,3.65,0.2659,0.2542,3.5,,0.2416,,3.5,3.52,0.2417,0.2608,,,,,3.0,Not Found
f8ea7859b1feafc70a9c90b65efba350,soccer_germany_bundesliga2,Bundesliga 2 - Germany,2026-04-04T11:00:00Z,2026-04-04T09:51:48Z,VfL Bochum @ 1. FC Magdeburg,Draw,3.6,3.5,3.7,3.58,3.7,3.6,3.6,3.8,3.65,3.6,3.6,3.7,3.85,,3.7,,,3.85,3.5,3.6,3.6,,3.65,3.65,,,,,3.5,3.5,3.5,,0.2556,0.2381,0.2418,0.2458,0.2473,0.2502,0.2502,0.2592,0.2534,0.249,0.249,0.2591,0.2569,,0.2633,,,0.2434,0.254,0.249,0.249,,0.2635,0.2635,,,,,0.254,0.2617,0.2609,,2026-04-04,3.7,3.65,0.2506,0.2541,3.5,,0.2433,,3.45,3.53,0.2424,0.2597,,,,,3.0,Not Found
f1e3f3df844bcdcc6bedbc2c2cb309b5,soccer_germany_bundesliga2,Bundesliga 2 - Germany,2026-04-04T11:00:00Z,2026-04-04T09:51:48Z,SV Darmstadt 98 @ Arminia Bielefeld,SV Darmstadt 98,2.85,2.6,2.7,2.77,2.75,2.78,2.78,2.96,2.85,2.7,2.7,2.91,2.98,,2.94,,,2.75,2.8,2.7,2.7,,2.92,2.92,,,,,2.8,2.78,2.85,,0.3302,0.3402,0.3382,0.3278,0.3431,0.3328,0.3328,0.3319,0.3328,0.3445,0.3419,0.3324,0.3303,,0.3367,,,0.348,0.3285,0.3445,0.3419,,0.3326,0.3326,,,,,0.3285,0.3356,0.3302,,2026-04-04,2.85,2.8,0.3302,0.3363,2.7,,0.3272,,2.55,2.83,0.3458,0.3306,,,,,3.0,Not Found
42aec372e416d5c7e796f366492bc870,soccer_finland_veikkausliiga,Veikkausliiga - Finland,2026-04-04T10:01:00Z,2026-04-04T10:24:27Z,VPS Vaasa @ FC Inter Turku,FC Inter Turku,1.5,,,,1.53,1.49,1.55,1.6,1.53,1.47,1.44,1.55,1.64,,,,,1.57,1.44,1.51,,,,,,,,,,,,,0.6364,,,,0.6177,0.6365,0.6125,0.6216,0.632,0.6467,0.6477,0.6237,0.5967,,,,,0.6246,0.6617,0.6289,,,,,,,,,,,,,2026-04-04,1.45,,0.6561,,,,,,1.4,,,,,,,,3.0,Not Found
cf0b33e45bca58f7dc0ec5c69c336834,tennis_atp_monte_carlo_masters,ATP Monte-Carlo Masters,2026-04-04T11:00:00Z,2026-04-04T10:24:27Z,Roberto Bautista Agut @ Benjamin Bonzi,Benjamin Bonzi,,,,,,,,,,,,1.89,,,,1.99,1.92,1.96,,,,,1.78,1.78,,,,,,,1.8,,,,,,,,,,,,,0.5094,,,,0.481,0.504,0.4848,,,,,0.5417,0.5417,,,,,,,0.5146,,2026-04-04,,,,,,,,,,,,,,,,,2.0,Not Found
0cf1d31f4e1e310e29b62efb49abab33,tennis_atp_monte_carlo_masters,ATP Monte-Carlo Masters,2026-04-04T11:00:00Z,2026-04-04T10:59:12Z,Jesper De Jong @ Cristian Garin,Jesper De Jong,,,,,,,,,,,,1.71,,,,1.73,1.75,1.71,,,,,1.77,1.77,,,,,,,1.65,,,,,,,,,,,,,0.5651,,,,0.5554,0.5564,0.5598,,,,,0.5444,0.5444,,,,,,,0.5649,,2026-04-04,,,,,,,,,,,,,,,,,2.0,Not Found
c8b58cb03fe13dc15604553935315650,tennis_atp_monte_carlo_masters,ATP Monte-Carlo Masters,2026-04-04T11:00:00Z,2026-04-04T10:59:12Z,Nikoloz Basilashvili @ Jan-Lennard Struff,Nikoloz Basilashvili,,,,,,,,,,,,2.39,,,,2.31,2.39,2.33,,,,,2.38,2.38,,,,,,,2.3,,,,,,,,,,,,,0.3986,,,,0.398,0.4098,0.404,,,,,0.4033,0.4033,,,,,,,0.3948,,2026-04-04,,,,,,,,,,,,,,,,,2.0,Not Found
90d9973e801119aa9e045a4dfa6ab571,soccer_spain_segunda_division,La Liga 2 - Spain,2026-04-04T12:00:00Z,2026-04-04T11:58:15Z,Córdoba @ Cádiz CF,Draw,3.2,3.25,3.35,3.23,3.25,3.3,3.3,3.4,3.4,3.4,3.3,3.39,3.45,,3.45,,,3.5,,3.4,,,3.35,3.35,,,3.46,,3.1,3.3,,,0.2894,0.2607,0.2643,0.2695,0.2758,0.2741,0.2741,0.2916,0.2754,0.2736,0.2714,0.2841,0.2875,,0.2834,,,0.2698,,0.2736,,,0.2861,0.2861,,,0.2712,,0.2893,0.279,,,2026-04-04,3.2,,0.2826,,3.2,3.2,0.268,0.2843,3.15,,0.272,,,,,,3.0,Not Found
67cbe7fb3e36126d6b3d0e6c09e08c61,soccer_germany_bundesliga,Bundesliga - Germany,2026-04-04T13:30:00Z,2026-04-04T14:02:20Z,RB Leipzig @ Werder Bremen,RB Leipzig,1.32,1.34,1.36,1.3,1.33,1.31,1.31,1.39,1.32,1.35,1.34,1.35,1.38,,1.37,,,1.35,1.33,1.35,,,,,,,,,,,,,0.7314,0.7073,0.7081,0.7382,0.7263,0.7348,0.731,0.7172,0.7347,0.7192,0.7229,0.7217,0.7202,,0.7199,,,0.7228,0.7188,0.7192,,,,,,,,,,,,,2026-04-04,1.3,,0.7403,,,,,,1.3,1.35,0.7345,0.7235,,,,,3.0,Not Found
9ec41b01002a259e96bb03550b852112,soccer_spl,Premiership - Scotland,2026-04-04T14:00:00Z,2026-04-04T14:02:20Z,Falkirk F.C. @ Motherwell,Falkirk F.C.,4.2,,,,3.4,3.7,3.5,4.0,3.8,4.1,3.95,4.31,4.1,,4.0,,,3.6,3.5,4.2,4.1,,4.2,4.2,3.95,3.95,3.72,,3.5,3.84,4.0,,0.2195,,,,0.2523,0.2433,0.2522,0.2458,0.2398,0.2185,0.2168,0.2205,0.2404,,0.2432,,,0.2593,0.2519,0.2106,0.2179,,0.2218,0.2218,0.2238,0.2253,0.2546,,0.2561,0.2362,0.2293,,2026-04-04,3.8,3.6,0.231,0.2454,3.5,,0.2386,,3.85,,0.2154,,,,,,3.0,Not Found
859f354b1d0c73dcb8e4f54e44bf4a8c,soccer_finland_veikkausliiga,Veikkausliiga - Finland,2026-04-04T14:00:00Z,2026-04-04T14:02:20Z,KuPS Kuopio @ Ilves Tampere,Ilves Tampere,2.6,,,,2.55,,,2.76,2.55,2.5,2.43,2.77,2.78,,,2.61,,2.63,2.5,2.5,2.4,,,2.78,2.65,2.5,2.69,,2.62,2.66,2.65,,0.3528,,,,0.3517,,,0.3547,0.3674,0.366,0.3651,0.348,0.3558,,,0.363,,0.366,0.3598,0.366,0.3873,,,0.3507,0.3547,0.3778,0.349,,0.3519,0.3517,0.3458,,2026-04-04,2.55,,0.3573,,2.4,2.5,,0.3778,2.35,,,,,,,,3.0,Not Found
2ccac5a7a4f221851d662a68f6c0eeab,soccer_germany_liga3,3. Liga - Germany,2026-04-04T14:30:00Z,2026-04-04T14:02:20Z,Jahn Regensburg @ VfB Stuttgart II,Jahn Regensburg,,,2.9,,,,,2.98,,2.8,2.8,3.07,,,,,,3.0,2.75,,,,3.05,3.0,,,,,,,,,,,0.3179,,,,,0.3279,,0.3243,0.3243,0.3098,,,,,,0.3064,0.3255,,,,0.3149,0.3213,,,,,,,,,2026-04-04,3.1,2.9,0.2996,0.3152,,,,,,2.92,,0.3093,,,,,3.0,Not Found
97e689fac0ce324f967ee8881a353376,soccer_germany_liga3,3. Liga - Germany,2026-04-04T14:30:00Z,2026-04-04T14:02:20Z,MSV Duisburg @ Rot-Weiss Essen,MSV Duisburg,,,3.5,,,3.55,3.55,4.0,,3.4,3.4,3.75,,,,,,3.6,3.3,3.4,,,3.7,3.7,,,,,,,,,,,0.2607,,,0.2549,0.2549,0.2477,,0.2619,0.2619,0.2504,,,,,,0.2505,0.2634,0.2619,,,0.2568,0.2551,,,,,,,,,2026-04-04,3.8,3.5,0.2404,0.2559,,,,,,3.55,,0.2489,,,,,3.0,Not Found
659a74c2ac20ae430c344310094fd966,soccer_portugal_primeira_liga,Primeira Liga - Portugal,2026-04-04T14:31:00Z,2026-04-04T15:17:58Z,CF Estrela @ Nacional,Draw,4.5,4.1,4.2,4.4,4.1,4.2,4.2,4.9,4.3,4.6,4.5,4.21,4.9,,4.76,,,4.65,4.0,4.6,,,,,,,,,,,,,0.19,0.2061,0.2044,0.201,0.2101,0.2067,0.2067,0.1993,0.2099,0.1855,0.1787,0.218,0.2023,,0.2036,,,0.2061,0.2157,0.1855,,,,,,,,,,,,,2026-04-04,4.7,,0.1854,,,,,,4.4,,0.1821,,,,,,3.0,Not Found
081d0b3e5270b5762fecbf796c3d2723,soccer_austria_bundesliga,Austrian Football Bundesliga,2026-04-04T15:01:00Z,2026-04-04T16:21:44Z,FC Blau-Weiß Linz @ Grazer AK,FC Blau-Weiß Linz,16.0,3.95,4.1,15.0,4.2,3.25,4.1,24.0,4.3,4.4,4.3,14.92,4.8,,,,,4.33,3.9,4.35,4.25,,,,,,,,,,,,0.0309,0.206,0.2093,0.0216,0.1949,0.2829,0.2016,0.036,0.2097,0.1938,0.1864,0.049,0.1884,,,,,0.2066,0.2186,0.1978,0.1956,,,,,,,,,,,,2026-04-04,,,,,,,,,4.1,,,,,,,,3.0,Not Found
9f6ad26d50c4c2c56766f709cf7f6a50,soccer_saudi_arabia_pro_league,Saudi Pro League,2026-04-04T16:30:00Z,2026-04-04T17:41:53Z,Al-Fayha @ Neom,Neom,,2.05,2.2,2.17,,,,2.14,,2.35,2.28,2.26,,,1.47,,,,2.15,2.32,,,,,,,,,,,,,,,0.4204,0.4181,,,,0.4449,,0.4003,0.4014,0.4176,,,,,,,,0.3986,,,,,,,,,,,,,2026-04-04,2.3,,0.4042,,,,,,2.16,,,,,,,,3.0,Not Found
4ea256489546338aae4edda026a7ee42,soccer_turkey_super_league,Turkey Super League,2026-04-04T17:02:00Z,2026-04-04T17:41:53Z,Galatasaray @ Trabzonspor,Trabzonspor,1.71,1.66,1.72,1.65,,1.72,1.72,1.88,,1.87,1.81,1.78,1.87,,1.85,,,1.8,1.83,1.83,,,,,,,,,,,,,0.5539,0.5561,0.5468,0.56,,0.5532,0.5532,0.5284,,0.5029,0.5093,0.5417,0.5305,,0.5336,,,0.5407,0.5117,0.5133,,,,,,,,,,,,,2026-04-04,1.7,,0.5603,,,,,,1.8,,0.5102,,,,,,3.0,Not Found
ebae98147f41fac85ed5c48d339aab9b,soccer_saudi_arabia_pro_league,Saudi Pro League,2026-04-04T18:00:00Z,2026-04-04T17:41:53Z,Al-Taawoun @ Al-Hilal,Al-Taawoun,,6.75,6.75,7.5,,,,10.5,,10.0,9.5,9.41,,,11.11,,,,7.5,10.0,,,,,,,8.2,,7.5,,,,,0.1103,0.1148,0.1003,,,,0.0905,,0.0716,0.0718,0.0872,,,,,,,0.0944,0.0716,,,,,,,0.0994,,0.0944,,,,2026-04-04,9.0,,0.0823,,7.5,,0.0964,,9.5,,0.0604,,,,,,3.0,Not Found
2f55ab2592008c576ce6bba0557199d8,baseball_mlb,MLB,2026-04-04T17:11:00Z,2026-04-04T19:39:57Z,St. Louis Cardinals @ Detroit Tigers,Detroit Tigers,1.02,1.03,1.03,,1.02,1.02,1.02,1.04,1.01,,,1.12,,1.03,1.03,1.05,1.03,1.02,1.02,,,1.03,,,1.04,,,,,,,,0.9569,0.9542,0.956,,0.9545,0.9675,0.9675,0.9551,0.9593,,,0.8709,,0.9669,0.9654,0.9252,0.9599,0.9545,0.9447,,,0.9627,,,0.9353,,,,,,,,2026-04-04,,,,,,,,,,,,,1.02,0.9517,Polymarket,1.03,2.0,Not Found
7d5dbbe87f60801d29d0b3280544bcb8,soccer_poland_ekstraklasa,Ekstraklasa - Poland,2026-04-04T18:15:00Z,2026-04-04T19:39:57Z,Lech Poznań @ Jagiellonia Białystok,Lech Poznań,2.95,2.9,3.0,2.8,3.1,2.92,2.92,3.25,3.05,2.95,2.85,2.79,3.5,,3.45,,,3.0,3.0,2.95,,,,,,,,,,,,,0.308,0.2975,0.2976,0.3146,0.2758,0.2997,0.2997,0.3056,0.3038,0.3052,0.304,0.3362,0.2807,,0.2798,,,0.3091,0.2945,0.3052,,,,,,,,,,,,,2026-04-04,3.0,2.38,0.3012,0.3888,,,,,2.75,,,,,,,,3.0,Not Found
13f788beb72be74276b0fce9da77795d,soccer_germany_bundesliga2,Bundesliga 2 - Germany,2026-04-04T18:30:00Z,2026-04-04T19:39:57Z,Hertha Berlin @ Dynamo Dresden,Dynamo Dresden,2.85,2.75,2.85,2.75,2.85,2.88,2.88,3.05,3.0,2.9,2.88,,3.25,,1.43,,,3.0,3.0,2.9,,,,,,,,,,,,,0.327,0.3143,0.3133,0.3168,0.3216,0.3154,0.3154,0.3251,0.3104,0.3113,0.303,,0.2965,,,,,0.3098,0.2988,0.3113,,,,,,,,,,,,,2026-04-04,2.9,,0.3116,,,,,,2.75,2.8,,0.3354,,,,,3.0,Not Found
3318a5f4a862c98b2c608e8548c79b9b,boxing_boxing,Boxing,2026-04-04T20:00:00Z,2026-04-04T19:39:57Z,Mateusz Masternak @ Viddal Riley,Mateusz Masternak,,3.95,,3.9,3.9,4.4,4.4,4.7,4.2,4.1,4.1,5.2,,,,,,,4.3,4.1,4.1,,4.91,4.91,,,4.59,,4.0,,,,,0.1802,,0.2115,0.2184,0.2136,0.2136,,0.2092,0.222,0.222,0.1688,,,,,,,0.2163,0.222,0.2121,,0.1745,0.1745,,,0.1991,,0.225,,,,2026-04-04,,,,,,,,,4.1,,0.222,,,,,,2.0,Not Found
376d4054f0497d9efc59db45c18f76ae,baseball_mlb,MLB,2026-04-04T20:11:00Z,2026-04-04T20:46:25Z,San Diego Padres @ Boston Red Sox,San Diego Padres,2.18,2.1,2.2,,2.35,2.1,2.1,2.12,2.21,2.3,2.2,2.0,2.12,2.33,2.44,2.36,2.29,2.25,2.25,2.3,2.23,2.38,,,1.95,,,,2.2,,,,0.43,0.4256,0.4224,,0.3983,0.4387,0.4387,0.4611,0.4176,0.4068,0.4068,0.4768,0.4153,0.4239,0.4055,0.3994,0.4189,0.4192,0.4038,0.4068,0.4057,0.4107,,,0.4786,,,,0.4279,,,,2026-04-04,2.2,,0.4148,,,,,,,,,,1.9,0.4929,Polymarket,2.33,2.0,Not Found
da18e0cacf2048f6b3e14df98e9a184c,baseball_mlb,MLB,2026-04-04T20:06:00Z,2026-04-04T20:46:25Z,Baltimore Orioles @ Pittsburgh Pirates,Pittsburgh Pirates,1.85,1.76,1.84,,1.87,1.81,1.81,1.81,1.8,1.85,1.79,1.86,1.7,1.89,1.85,1.9,1.82,1.85,1.8,1.85,1.81,1.83,,,1.8,,,,1.91,,,,0.5112,0.5153,0.514,,0.5056,0.5145,0.5145,0.5311,0.5227,0.5112,0.5119,0.5176,0.531,0.5242,0.5299,0.5,0.5296,0.5139,0.5075,0.5112,0.5117,0.5269,,,0.5214,,,,0.5,,,,2026-04-04,1.75,,0.5293,,,,,,,,,,1.85,0.5139,Polymarket,1.89,2.0,Not Found
fbfc840d7e28ecd291a7e78a9e5f4bdc,baseball_ncaa,NCAA Baseball,2026-04-04T21:00:00Z,2026-04-04T20:46:25Z,BYU Cougars @ Baylor Bears,BYU Cougars,3.0,,,,2.8,,,,2.8,,,,,,,,2.95,,,,3.05,,2.78,2.78,2.8,2.72,2.76,,,,,,0.3043,,,,0.3289,,,,0.3265,,,,,,,,0.3123,,,,0.2908,,0.3302,0.3302,0.324,0.3342,0.3265,,,,,,2026-04-04,,,,,,,,,,,,,2.75,0.3297,,,2.0,Not Found
7d13796e7746c52f82326297dd69b734,tennis_wta_charleston_open,WTA Charleston Open,2026-04-04T20:00:00Z,2026-04-04T21:17:30Z,Yuliia Starodubtseva @ Madison Keys,Yuliia Starodubtseva,1.02,1.17,1.15,1.26,1.01,,,1.01,1.02,1.09,1.07,,,,,,,1.3,1.06,1.09,1.08,1.04,,,1.05,,,,,,,,0.9569,0.821,0.8327,0.7467,0.9694,,,,0.971,0.892,0.8932,,,,,,,0.7442,0.905,0.892,0.8915,0.9558,,,0.9307,,,,,,,,2026-04-04,,,,,,,,,1.05,,0.8993,,,,,,2.0,Not Found
8b1933015da800450623b66dbb1e6cb3,soccer_brazil_serie_b,Brazil Série B,2026-04-04T21:00:00Z,2026-04-04T21:17:30Z,Ceará @ Cuiabá,Ceará,3.5,,,,,3.4,3.4,3.5,3.5,3.4,3.3,3.48,3.4,,,,,3.4,3.3,3.3,,,,,,,,,,,,,0.2605,,,,,0.2598,0.2598,0.2784,0.2623,0.2703,0.267,0.265,0.2878,,,,,0.2623,0.266,0.2682,,,,,,,,,,,,,2026-04-04,3.6,,0.2454,,,,,,,,,,,,,,3.0,Not Found
64e14f827ab380b85a4caa6d0ecf2e01,icehockey_nhl,NHL,2026-04-04T21:10:00Z,2026-04-04T21:50:13Z,Florida Panthers @ Pittsburgh Penguins,Florida Panthers,2.68,3.5,3.75,3.75,2.65,2.54,2.54,,2.6,3.5,3.5,,2.56,2.86,2.86,2.63,2.7,3.95,,3.5,,2.86,,,2.6,,,,,,,,0.3393,,,,0.3508,0.3679,0.3679,,0.3545,,,,0.3528,0.3459,0.3459,0.3545,0.3404,,,,,0.3459,,,0.3545,,,,,,,,2026-04-04,3.6,3.85,,,,,,,3.3,,,,2.7,0.3404,Polymarket,2.86,2.0,Not Found
675b2a5b971984b9db671086c8506641,icehockey_nhl,NHL,2026-04-04T21:10:00Z,2026-04-04T21:50:13Z,Boston Bruins @ Tampa Bay Lightning,Boston Bruins,2.36,2.95,3.15,3.15,2.25,2.3,2.3,,2.3,2.9,2.9,2.4,2.3,2.5,2.5,2.36,2.32,2.95,,2.9,,,,,2.35,,,,,,,,0.3934,,,,0.4192,0.4087,0.4087,,0.4049,,,0.3919,0.3841,0.3951,0.3894,0.3994,0.397,,,,,,,,0.3943,,,,,,,,2026-04-04,2.9,,,,,,,,2.75,,,,2.35,0.4003,Polymarket,2.5,2.0,Not Found
0e02fd8dae97049ba1e160034d58b2bc,soccer_argentina_primera_division,Primera División - Argentina,2026-04-04T20:33:00Z,2026-04-04T21:50:13Z,Racing Club @ Independiente,Independiente,3.1,2.9,3.0,2.9,3.1,3.05,3.05,3.25,3.2,3.15,3.05,3.23,3.2,,,,,,,,,,,,,,,,,,,,0.2874,0.2989,0.2983,0.3043,0.2838,0.2955,0.2955,0.2984,0.2917,0.291,0.289,0.2906,0.2785,,,,,,,,,,,,,,,,,,,,2026-04-04,,,,,,,,,,,,,,,,,3.0,Not Found
0e223c8849cda787d13a8ae8af1f535c,mma_mixed_martial_arts,MMA,2026-04-04T21:00:00Z,2026-04-04T21:50:13Z,Landon Vannata @ Darrius Flowers,Landon Vannata,1.44,,,,1.44,1.41,1.41,1.46,1.42,,,1.43,1.45,,1.45,,1.47,1.42,1.4,1.42,1.42,1.43,1.4,,1.43,1.41,1.43,1.46,1.44,,,,0.6736,,,,0.6718,0.6879,0.6792,0.6837,0.6826,,,0.6846,0.6861,,0.6798,,0.6767,0.6843,0.6847,0.6767,0.6767,0.683,0.6959,,0.6802,0.689,0.6665,,0.6654,,,,2026-04-04,,,,,,1.43,,0.6711,,,,,,,,,2.0,Not Found
b8f46c3336a07f5da37ff815cf155d69,baseball_mlb,MLB,2026-04-04T23:06:00Z,2026-04-04T22:52:02Z,Cincinnati Reds @ Texas Rangers,Cincinnati Reds,2.22,2.15,2.15,,2.18,2.16,2.16,2.28,2.19,2.18,2.18,2.26,2.28,2.22,2.27,2.25,2.28,2.2,2.2,2.18,2.18,2.28,2.22,2.22,2.21,2.26,2.26,2.29,2.2,2.19,,,0.4294,0.4314,0.4349,,0.437,0.4356,0.4356,0.4336,0.4342,0.4317,0.4317,0.4322,0.4352,0.4459,0.4346,0.4349,0.4352,0.4297,0.4279,0.4317,0.43,0.4336,0.4379,0.4379,0.4304,0.4288,0.4322,0.4342,0.4279,0.4307,,,2026-04-04,2.2,,0.4242,,2.15,,0.4349,,,,,,2.21,0.4321,Polymarket,2.22,2.0,Not Found
41fa4cec7f51caff22b1eab7e4523008,baseball_mlb,MLB,2026-04-04T23:06:00Z,2026-04-04T23:22:39Z,Miami Marlins @ New York Yankees,New York Yankees,2.22,2.0,2.25,,2.5,2.14,2.04,1.95,2.06,2.18,2.1,,1.88,2.22,2.04,2.16,2.04,2.25,,2.18,2.02,2.02,,,1.42,,,,1.5,,,,0.4203,0.4488,0.4136,,0.3732,0.4288,0.4527,0.4623,0.452,0.4317,0.4313,,0.4718,0.4459,0.4748,0.4374,0.4763,0.4192,,0.4317,0.4568,0.4787,,,0.6735,,,,0.641,,,,2026-04-04,2.1,,0.4351,,,,,,,,,,2.25,0.4192,Polymarket,2.22,2.0,Not Found
401778708d2d95193a457d2ce15f5523,icehockey_ahl,AHL,2026-04-04T22:06:00Z,2026-04-04T23:22:39Z,Colorado Eagles @ San Jose Barracuda,San Jose Barracuda,,5.3,5.6,5.5,,,,,,,,,,,1.56,,,,,7.5,3.75,,,,,,,,,,,,,0.1405,0.1415,,,,,,,,,,,,,,,,,0.1078,,,,,,,,,,,,,2026-04-04,6.0,,0.1323,,,,,,7.0,,0.0969,,,,,,3.0,Not Found
d6ba018d03f358ce5b9d7ae71dee158b,icehockey_nhl,NHL,2026-04-04T23:10:00Z,2026-04-04T23:54:25Z,Montréal Canadiens @ New Jersey Devils,New Jersey Devils,3.3,4.4,4.8,4.9,3.3,3.23,3.23,,3.3,5.25,5.25,3.24,3.25,3.57,3.45,3.38,3.45,5.2,,5.25,,3.45,,,2.9,,,,,,,,,,0.1764,0.1717,,,,,,0.1583,0.1583,,,,,,,0.1716,,0.1583,,,,,,,,,,,,,2026-04-04,5.2,2.6,0.1576,0.3552,,,,,5.0,,,,3.0,,Polymarket,3.57,3.0,Not Found
c81b746ea655695add0802e3fc1e429e,icehockey_nhl,NHL,2026-04-04T23:10:00Z,2026-04-04T23:54:25Z,Utah Mammoth @ Vancouver Canucks,Vancouver Canucks,2.64,3.45,3.65,3.65,2.65,2.68,2.65,,2.54,3.6,3.6,2.7,2.48,2.78,2.7,2.63,2.56,3.85,,3.6,,,,,2.65,,,,,,,,,,0.2419,0.2378,,,,,,0.2465,0.2465,,,,,,,0.2419,,0.2465,,,,,,,,,,,,,2026-04-04,3.6,,0.2447,,,,,,3.4,,,,2.7,,Polymarket,2.78,3.0,Not Found
67fe5b9e47355b33d03d2e1e20dc4784,soccer_mexico_ligamx,Liga MX,2026-04-04T23:01:00Z,2026-04-04T23:54:25Z,Atlético San Luis @ Monterrey,Monterrey,1.22,1.23,1.21,1.18,1.22,1.2,1.2,1.28,1.22,1.24,1.21,1.26,1.29,,1.3,,,1.25,1.22,1.24,,,,,,,,,,,,,0.7954,0.7795,0.7933,0.7999,0.7837,0.7999,0.7999,0.7765,0.797,0.7818,0.7892,0.7743,0.7726,,0.7662,,,0.7889,0.774,0.7818,,,,,,,,,,,,,2026-04-04,,,,,,,,,1.15,,,,,,,,3.0,Not Found
1431a76f792ab61205c0d3abaf146aec,mma_mixed_martial_arts,MMA,2026-04-05T02:15:00Z,2026-04-05T02:23:04Z,Renato Moicano @ Chris Duncan,Renato Moicano,2.16,,,2.05,2.1,2.35,2.35,2.2,2.14,,,2.14,2.24,,2.17,,2.16,2.2,2.1,2.18,2.18,2.18,2.17,,2.12,2.14,,2.2,2.2,2.18,,,0.4441,,,0.448,0.4507,0.4041,0.4041,0.451,0.4463,,,0.4527,0.4359,,0.4511,,0.4522,0.4349,0.4491,0.4317,0.4317,0.4516,0.4414,,0.4534,0.4463,,0.454,0.4279,0.4263,,,2026-04-05,,,,,,2.1,,0.4457,2.18,,0.4317,,,,,,2.0,Not Found
c5cc0996b3dd8abde7eb2ba1e4649288,baseball_npb,NPB,2026-04-05T04:00:00Z,2026-04-05T02:23:04Z,Fukuoka SoftBank Hawks @ Chiba Lotte Marines,Fukuoka SoftBank Hawks,1.52,,,,1.5,1.55,1.55,,1.52,,,1.54,,,,,,1.52,1.5,,1.49,,1.56,1.56,1.5,1.54,1.55,,1.53,,1.5,,0.6336,,,,0.6373,0.6226,0.6226,,0.6366,,,0.6331,,,,,,0.6329,0.6333,,0.6395,,0.626,0.626,0.6333,0.6286,0.6257,,0.633,,0.625,,2026-04-05,1.47,,0.6401,,1.48,,0.6295,,1.49,,0.6395,,1.5,0.6309,,,2.0,Not Found
f028236b4b71b3a8217a0cf5691e2356,baseball_npb,NPB,2026-04-05T04:00:55Z,2026-04-05T04:59:07Z,Orix Buffaloes @ Hokkaido Nippon-Ham Fighters,Hokkaido Nippon-Ham Fighters,3.4,,,,3.1,3.4,3.4,,3.1,,,2.48,,,,,,2.95,3.2,,3.1,,,,2.85,,,,1.57,,,,0.2624,,,,0.2936,0.2624,0.2624,,0.2936,,,0.3705,,,,,,0.2991,0.2687,,0.2825,,,,0.3183,,,,0.6169,,,,2026-04-05,2.9,,0.302,,,,,,3.0,,0.273,,3.05,0.2936,,,2.0,Not Found
a7d9614ac78d0149e06bb786bf7187a2,baseball_npb,NPB,2026-04-05T04:30:29Z,2026-04-05T04:59:07Z,Chunichi Dragons @ Tokyo Yakult Swallows,Chunichi Dragons,1.9,,,,1.87,1.78,1.78,,1.91,,,1.81,,,,,,1.75,1.73,,,,,,1.95,,,,1.66,,,,0.4958,,,,0.5056,0.5309,0.5309,,0.4886,,,0.5198,,,,,,0.5293,0.5326,,,,,,0.4786,,,,0.5819,,,,2026-04-05,1.7,,0.5441,,,,,,,,,,1.85,0.5,,,2.0,Not Found
d847a20c0da2f2bc01dab808cb1369f0,baseball_kbo,KBO,2026-04-05T05:00:00Z,2026-04-05T04:59:07Z,Hanwha Eagles @ Doosan Bears,Hanwha Eagles,2.32,,,,2.35,2.3,2.3,,2.36,,,2.35,,,,,,,,,2.08,,2.32,2.32,2.3,,2.35,,2.1,,2.15,,0.4069,,,,0.3943,0.4087,0.4087,,0.4032,,,0.4022,,,,,,,,,0.448,,0.4143,0.4143,0.4029,,0.4134,,0.4387,,0.4239,,2026-04-05,2.3,,0.3948,,2.15,,0.412,,,,,,2.09,0.4434,,,2.0,Not Found
5aed243aaa600c6558ba2f15db886fdd,soccer_japan_j_league,J League,2026-04-05T05:00:00Z,2026-04-05T04:59:07Z,Vissel Kobe @ Fagiano Okayama,Vissel Kobe,,2.3,2.35,2.35,2.38,2.42,2.42,,2.45,,,2.49,,,2.44,,,,2.38,,,,,,,,,,2.38,2.38,,,,0.3892,0.3929,0.3921,0.3948,0.3858,0.3858,,0.3868,,,0.3906,,,0.4067,,,,0.391,,,,,,,,,,0.391,0.3968,,,2026-04-05,,,,,2.3,2.4,0.3991,0.3925,,,,,,,,,3.0,Not Found
54a7609f50cea7ade549d2ba54a4eac3,baseball_npb,NPB,2026-04-05T05:00:00Z,2026-04-05T04:59:07Z,Hanshin Tigers @ Hiroshima Toyo Carp,Hanshin Tigers,1.65,,,,1.62,1.65,1.65,,1.68,,,1.68,,,,,,1.65,1.61,,1.67,,1.67,1.67,1.61,1.68,1.7,,1.66,,1.6,,0.5818,,,,0.5864,0.5808,0.5808,,0.5744,,,0.5812,,,,,,0.5808,0.5833,,0.5668,,0.582,0.582,0.5883,0.5683,0.5699,,0.5819,,0.5852,,2026-04-05,1.55,,0.6052,,1.6,,0.5744,,1.67,,0.5668,,1.63,0.5774,,,2.0,Not Found
e93345a34d76896b2d6aefe5550a2db2,soccer_china_superleague,Super League - China,2026-04-05T07:30:00Z,2026-04-05T06:18:11Z,Chongqing Tonglianglong FC @ Zhejiang,Chongqing Tonglianglong FC,,5.8,6.0,,,6.7,6.7,,6.5,5.6,5.5,7.41,7.8,,7.14,,,7.0,6.5,5.6,5.6,,7.6,7.6,,7.25,7.35,,6.5,7.1,6.75,,,0.1267,0.1327,,,0.1239,0.1239,,0.1328,0.1499,0.148,0.1201,0.1212,,0.1269,,,0.1237,0.1253,0.1499,0.1499,,0.1212,0.1212,,0.1225,0.121,,0.1253,0.1148,0.115,,2026-04-05,,6.4,,0.1247,,,,,,,,,,,,,3.0,Not Found
5b6a37330e1be9115cde39f02e1dfe36,soccer_korea_kleague1,K League 1,2026-04-05T07:30:00Z,2026-04-05T06:18:11Z,Sangju Sangmu FC @ Incheon United,Draw,,3.05,3.2,3.0,3.25,3.1,3.1,3.3,3.25,3.05,3.05,3.28,3.35,,3.33,,,3.3,,3.05,3.0,,3.2,3.2,,,3.18,,3.0,3.18,,,,0.2799,0.279,0.2875,0.2792,0.2909,0.2909,0.2981,0.2894,0.291,0.2928,0.2939,0.2951,,0.2937,,,0.2824,,0.291,0.2925,,0.299,0.299,,,0.292,,0.2999,0.2905,,,2026-04-05,3.1,,0.2927,,,,,,2.95,,0.2944,,,,,,3.0,Not Found
456b7e63b4074a1aa1f22ef5c4f9c139,tennis_atp_monte_carlo_masters,ATP Monte-Carlo Masters,2026-04-05T09:00:00Z,2026-04-05T06:18:11Z,Pedro Martinez @ Juan Manuel Cerundolo,Pedro Martinez,2.16,,,,,2.1,2.1,2.24,,,,2.24,,,,2.19,2.25,,,,,,2.22,2.22,2.2,,,,,,2.15,,0.4321,,,,,0.4351,0.4351,0.4359,,,,0.4274,,,,0.4307,0.4381,,,,,,0.4311,0.4311,0.4314,,,,,,0.4239,,2026-04-05,,,,,,,,,,,,,,,,,2.0,Not Found
9a45133f47c5517caa1705231e468ea7,baseball_kbo,KBO,2026-04-05T05:01:00Z,2026-04-05T07:34:53Z,SSG Landers @ Lotte Giants,Lotte Giants,1.77,,,,1.74,,1.97,,1.69,,,1.95,,,,,,1.9,,,1.83,,,,1.65,,,,,,,,0.535,,,,0.5309,,0.476,,0.5622,,,0.4786,,,,,,0.4854,,,0.503,,,,0.5705,,,,,,,,2026-04-05,1.95,,0.4707,,,,,,,,,,2.0,0.4643,,,2.0,Not Found
bf9b98b3ca8e5eb86acb1e731890388a,tennis_atp_monte_carlo_masters,ATP Monte-Carlo Masters,2026-04-05T09:00:00Z,2026-04-05T07:34:53Z,Cristian Garin @ Nikoloz Basilashvili,Cristian Garin,1.76,,,,,1.64,1.64,1.7,,,,1.69,,,,1.73,1.72,1.68,,,,,1.69,1.69,1.69,,,,,,1.65,,0.5414,,,,,0.569,0.569,0.5786,,,,0.5726,,,,0.5648,0.5704,0.5703,,,,,0.5736,0.5736,0.5686,,,,,,0.5649,,2026-04-05,,,,,1.63,,0.5687,,,,,,,,,,2.0,Not Found
d0f77657b9fb1cd9e0ddefa6da758325,tennis_atp_monte_carlo_masters,ATP Monte-Carlo Masters,2026-04-05T09:00:00Z,2026-04-05T10:25:14Z,Emilio Nava @ David Goffin,Emilio Nava,1.08,,,,,1.14,1.14,1.12,,,,1.05,,,,,1.06,1.09,,,1.08,,,,1.15,,,,,,,,0.8915,,,,,0.8344,0.8322,0.8883,,,,0.9472,,,,,0.9047,0.8999,,,0.8915,,,,0.8439,,,,,,,,2026-04-05,,,,,,,,,,,,,,,,,2.0,Not Found
d649a6be4a4dcbc7efb13e7102f6b322,cricket_ipl,IPL,2026-04-05T10:00:00Z,2026-04-05T10:25:14Z,Lucknow Super Giants @ Sunrisers Hyderabad,Sunrisers Hyderabad,,,,,,,4.2,5.0,4.3,4.5,4.2,,4.8,,,,,,,,,,,,,,,,,,,,,,,,,,0.188,0.1968,0.2031,0.1944,0.1953,,0.2042,,,,,,,,,,,,,,,,,,,,2026-04-05,,,,,,,,,,,,,,,,,2.0,Not Found
26fbe8f09c7505711cce448c4ec85995,tennis_atp_monte_carlo_masters,ATP Monte-Carlo Masters,2026-04-05T10:30:00Z,2026-04-05T10:25:14Z,Francisco Comesana @ Ethan Quinn,Ethan Quinn,2.1,,,,,2.02,2.02,2.28,,,,2.19,,,,2.05,2.23,2.12,,,,,2.16,2.16,2.15,,,,,,2.15,,0.4474,,,,,0.4551,0.4551,0.4336,,,,0.4376,,,,0.4614,0.4335,0.4468,,,,,0.4441,0.4441,0.4402,,,,,,0.4239,,2026-04-05,,,,,2.0,,0.4707,,,,,,,,,,2.0,Not Found
9e582eee0a10558dd8b6d635de9beecf,soccer_netherlands_eredivisie,Dutch Eredivisie,2026-04-05T10:15:00Z,2026-04-05T11:02:13Z,FC Zwolle @ Go Ahead Eagles,Go Ahead Eagles,1.77,1.78,1.78,1.8,,,,1.86,,1.79,1.77,,1.86,,1.85,,,1.91,,1.79,,,,,,,,,,,,,0.5389,0.5235,0.526,0.5247,,,,0.5292,,0.5368,0.5332,,0.5271,,,,,0.5113,,0.5368,,,,,,,,,,,,,2026-04-05,,,,,,,,,1.71,,0.5391,,,,,,3.0,Not Found
7bcab1376d84a03348700415bc399d5a,soccer_germany_bundesliga2,Bundesliga 2 - Germany,2026-04-05T11:30:00Z,2026-04-05T11:02:13Z,1. FC Nürnberg @ Eintracht Braunschweig,Eintracht Braunschweig,2.75,2.55,2.65,2.72,2.8,2.72,2.72,2.9,2.8,2.55,2.55,2.88,2.92,,2.86,,,2.8,2.7,2.55,2.55,,2.84,2.84,2.75,,,,2.7,2.73,2.8,,0.3416,0.3438,0.3461,0.335,0.337,0.34,0.34,0.3419,0.3386,0.366,0.3645,0.336,0.3403,,0.343,,,0.3399,0.3373,0.366,0.3645,,0.3423,0.3423,0.3387,,,,0.3373,0.3428,0.3359,,2026-04-05,2.8,2.75,0.337,0.343,2.65,,0.3373,,2.43,2.72,0.3663,0.3445,,,,,3.0,Not Found
0df1c417a407669d7e0f5da6efa276e6,tennis_atp_monte_carlo_masters,ATP Monte-Carlo Masters,2026-04-05T11:30:00Z,2026-04-05T11:02:13Z,Miomir Kecmanovic @ Cameron Norrie,Miomir Kecmanovic,2.28,2.2,2.25,2.35,2.3,2.24,2.24,2.4,2.33,2.23,2.23,2.33,2.4,,,2.15,2.4,2.32,2.2,2.23,,2.4,2.36,2.36,2.3,,2.28,,2.2,,2.25,,0.4163,0.4261,0.4281,0.4041,0.4068,0.422,0.422,0.4125,0.404,0.423,0.423,0.4152,0.4125,,,0.4314,0.4107,0.4161,0.4279,0.423,,0.4089,0.407,0.407,0.4144,,0.4125,,0.4279,,0.4038,,2026-04-05,2.3,,0.3948,,2.25,,0.4155,,2.17,,0.4237,,,,,,2.0,Not Found
125de952cc0e98f2c2091973436ed44b,soccer_turkey_super_league,Turkey Super League,2026-04-05T11:30:00Z,2026-04-05T11:59:35Z,Çaykur Rizespor @ Fatih Karagümrük,Fatih Karagümrük,3.0,3.2,3.3,3.15,,3.3,3.3,3.75,,3.1,3.0,3.35,3.75,,3.7,,,3.5,3.3,3.1,,,,,3.15,,,,,,,,0.2997,0.2632,0.2648,,,0.2735,0.2715,0.2569,,0.2896,0.2881,0.2789,0.2641,,0.2634,,,0.2726,0.2654,0.2896,,,,,0.2883,,,,,,,,2026-04-05,3.3,,0.2755,,,,,,3.0,,0.2881,,,,,,3.0,Not Found
44bab6b319700783286a3a520961fa78,soccer_austria_bundesliga,Austrian Football Bundesliga,2026-04-05T12:30:00Z,2026-04-05T11:59:35Z,Austria Wien @ LASK,LASK,2.05,1.96,2.0,2.0,2.1,2.02,2.08,2.14,2.1,2.08,2.06,2.08,2.14,,,,,2.15,2.05,2.08,2.08,,2.08,2.08,,,2.04,,2.05,,,,0.4653,0.4651,0.4661,0.4668,0.4517,0.47,0.4574,0.4619,0.4589,0.4518,0.4534,0.4693,0.4619,,,,,0.4487,0.4563,0.4518,0.4518,,0.4645,0.4645,,,0.4677,,0.4563,,,,2026-04-05,,,,,1.95,,0.4762,,2.0,1.98,0.455,0.4718,,,,,3.0,Not Found
e01973275dd0feac794b7e3a0d35b14e,soccer_netherlands_eredivisie,Dutch Eredivisie,2026-04-05T12:30:00Z,2026-04-05T11:59:35Z,Feyenoord @ FC Volendam,Feyenoord,1.42,1.4,1.41,1.4,1.48,1.47,1.47,1.51,1.47,1.49,1.43,1.5,1.51,,1.49,,,1.44,1.44,1.5,1.45,,1.49,1.49,,1.45,1.48,,1.44,1.44,1.45,,0.6778,0.6745,0.6738,0.6814,0.661,0.6638,0.6638,0.659,0.6618,0.6503,0.6675,0.6548,0.6605,,0.6641,,,0.6767,0.6626,0.6504,0.6611,,0.6592,0.6592,,0.6674,0.6615,,0.6648,0.6704,0.6651,,2026-04-05,1.45,1.45,0.6662,0.6695,1.39,1.47,0.6835,0.658,1.42,,0.6691,,,,,,3.0,Not Found
a4ee41b40fd784fe6e875929a1b75191,tennis_atp_monte_carlo_masters,ATP Monte-Carlo Masters,2026-04-05T10:30:00Z,2026-04-05T13:18:24Z,Alexandre Muller @ Matteo Arnaldi,Alexandre Muller,1.06,,,,,1.09,1.09,1.13,,,,1.1,,,,,1.14,1.12,,,1.1,,,,1.08,,,,,,,,0.905,,,,,0.871,0.871,0.88,,,,0.904,,,,,0.8696,0.8775,,,0.8745,,,,0.9005,,,,,,,,2026-04-05,,,,,,,,,,,,,,,,,2.0,Not Found
b53ad9c4298b164147f98f917eacc5ce,soccer_germany_bundesliga2,Bundesliga 2 - Germany,2026-04-05T11:30:00Z,2026-04-05T13:18:24Z,SC Preußen Münster @ Holstein Kiel,SC Preußen Münster,15.0,14.0,14.5,10.5,,12.5,12.5,16.5,12.0,13.0,12.5,13.31,15.5,,20.0,,,12.5,13.0,13.0,,,,,,,,,,,,,0.0435,0.0455,0.0373,0.0549,,0.0484,0.0484,0.0553,0.062,0.0473,0.0388,0.0567,0.0425,,0.046,,,0.0576,0.0453,0.0424,,,,,,,,,,,,,2026-04-05,16.0,,0.0329,,,,,,11.5,11.0,,0.0657,,,,,3.0,Not Found
b9d2bb3b901c6f2604a4c50d83b62912,soccer_turkey_super_league,Turkey Super League,2026-04-05T11:30:00Z,2026-04-05T13:18:24Z,Torku Konyaspor @ Samsunspor,Samsunspor,6.0,4.8,5.1,4.5,,5.35,5.35,5.4,,5.5,5.1,,5.5,,5.26,,,6.0,5.0,5.5,,,,,,,,,,,,,0.1349,0.1705,0.1603,0.1767,,0.1552,0.1587,0.179,,0.1508,0.1492,,0.1675,,0.1876,,,0.1557,0.1667,0.1508,,,,,,,,,,,,,2026-04-05,5.0,,0.1709,,,,,,5.25,,0.1456,,,,,,3.0,Not Found
72a389d8c0646f87af964d47e6dc0b8e,soccer_greece_super_league,Super League - Greece,2026-04-05T14:00:00Z,2026-04-05T13:18:24Z,Aris Thessaloniki @ Levadiakos,Levadiakos,2.4,2.25,2.35,2.4,2.45,2.45,2.45,2.5,2.45,2.55,2.5,2.51,,,2.56,,,2.45,2.45,2.55,,,2.54,2.54,,2.4,2.48,,2.45,,,,0.3952,0.3951,0.3942,0.3828,0.3822,0.3885,0.3885,0.3933,0.3885,0.3624,0.3677,0.3855,,,0.3837,,,0.3914,0.3756,0.3624,,,0.3807,0.3807,,0.3869,0.3806,,0.3756,,,,2026-04-05,,,,,2.3,,0.3951,,2.43,2.44,0.3662,0.3868,,,,,3.0,Not Found
0df0181e5d8b6e4b9358b75b2a883618,soccer_germany_bundesliga,Bundesliga - Germany,2026-04-05T13:30:00Z,2026-04-05T14:02:58Z,FC St. Pauli @ Union Berlin,FC St. Pauli,1.95,1.84,1.94,1.9,1.87,1.95,1.95,2.04,2.0,2.02,2.0,2.0,2.06,,2.04,,,2.0,2.0,2.02,,,,,,,,,,,,,0.4917,0.4968,0.4861,0.4983,0.5044,0.4846,0.4839,0.488,0.4792,0.4721,0.4743,0.4783,0.4834,,0.4834,,,0.489,0.4667,0.4721,,,,,,,,,,,,,2026-04-05,1.95,,0.4833,,,,,,2.0,2.0,0.4673,0.4838,,,,,3.0,Not Found
296f7759851bfd0ff7febe39f2264224,handball_germany_bundesliga,Handball-Bundesliga,2026-04-05T14:30:00Z,2026-04-05T14:50:18Z,HSV Hamburg @ GWD Minden,Draw,,6.25,6.75,7.25,,7.5,7.5,,,,,,,,,,,12.0,10.0,9.5,,,,,,,,,,,,,,,0.1118,0.0944,,0.0927,0.0927,,,,,,,,,,,0.0594,0.0508,0.0786,,,,,,,,,,,,,2026-04-05,7.5,,0.1062,,,,,,8.0,,0.076,,,,,,3.0,Not Found
0209870865ef499ad6523c1300ce83a9,soccer_spl,Premiership - Scotland,2026-04-05T15:30:00Z,2026-04-05T15:20:21Z,Celtic @ Dundee FC,Draw,4.4,,,,4.33,4.25,4.25,4.7,4.4,4.35,4.25,4.53,4.6,,4.55,,,4.5,4.0,4.35,4.25,,4.5,4.5,,4.3,4.26,,4.0,4.4,4.4,,0.2031,,,,0.2042,0.2092,0.2092,0.2108,0.209,0.2082,0.2048,0.2075,0.2139,,0.2101,,,0.2056,0.2155,0.2082,0.2079,,0.2037,0.2037,,0.2051,0.22,,0.2183,0.203,0.2047,,2026-04-05,4.2,4.1,0.2092,0.21,4.1,,0.204,,4.2,,0.2034,,,,,,3.0,Not Found
3629ffeb3d5e7df007c47ad3837acfa9,icehockey_sweden_allsvenskan,HockeyAllsvenskan,2026-04-05T16:00:00Z,2026-04-05T15:20:21Z,BIK Karlskoga @ Modo Hockey,Modo Hockey,,,,,,1.69,1.69,,,2.08,2.08,1.65,,,,,,2.17,,2.08,,,,,,,2.1,,,2.08,,,,,,,,,,,,0.4575,0.4575,,,,,,,0.4441,,0.4575,,,,,,,0.4464,,,0.4482,,,2026-04-05,,,,,,,,,,,,,,,,,3.0,Not Found
9ab57447db837d4f2e655655a8a2369d,soccer_france_ligue_one,Ligue 1 - France,2026-04-05T15:15:00Z,2026-04-05T16:27:33Z,Nantes @ Metz,Metz,2.0,1.88,1.96,1.98,1.83,1.92,1.95,1.98,2.0,1.97,1.97,1.82,2.02,,1.96,,,2.1,1.95,1.92,,,,,1.83,,,,,,,,0.4793,0.4833,0.4803,0.4806,0.5167,0.4924,0.4805,0.5022,0.4772,0.4871,0.4816,0.5279,0.4911,,0.5001,,,0.4643,0.479,0.4959,,,,,0.5191,,,,,,,,2026-04-05,1.8,,0.5259,,,,,,1.88,1.93,0.4972,0.5015,,,,,3.0,Not Found
c2378a97bcb473e2e5a6ec56cd950ba8,soccer_greece_super_league,Super League - Greece,2026-04-05T16:00:00Z,2026-04-05T16:27:33Z,Panathinaikos @ PAOK Thessaloniki,PAOK Thessaloniki,1.83,1.74,1.8,1.73,1.77,1.83,1.83,1.89,1.83,1.78,1.72,1.74,,,1.82,,,1.85,1.75,1.78,,,,,1.8,,,,,,,,0.5166,0.5272,0.5206,0.5351,0.5274,0.5195,0.5195,0.5248,0.524,0.5308,0.5373,0.5529,,,0.5395,,,0.5173,0.5365,0.5308,,,,,0.537,,,,,,,,2026-04-05,,,,,,,,,1.68,1.83,,0.5229,,,,,3.0,Not Found
4bd93caf5225a09ca7c863347e9578a6,soccer_spain_la_liga,La Liga - Spain,2026-04-05T16:30:00Z,2026-04-05T16:27:33Z,Sevilla @ Oviedo,Sevilla,2.8,2.65,2.7,2.7,2.85,2.78,2.78,2.92,2.8,2.85,2.75,2.84,2.9,,2.86,,,2.92,,2.85,2.75,,2.8,2.8,2.76,2.75,2.65,,2.75,2.81,2.75,,0.3395,0.3468,0.3463,0.3502,0.3289,0.3431,0.3431,0.3397,0.3415,0.3412,0.3418,0.3432,0.3421,,0.3462,,,0.3325,,0.3412,0.3418,,0.3454,0.3454,0.3442,0.3458,0.367,,0.341,0.3453,0.3439,,2026-04-05,2.7,2.75,0.3504,0.3458,2.75,,0.3376,,2.75,,0.341,,,,,,3.0,Not Found
29fe747229e417a970662db96f7b507a,baseball_mlb,MLB,2026-04-05T17:11:00Z,2026-04-05T17:03:47Z,Chicago Cubs @ Cleveland Guardians,Cleveland Guardians,2.12,2.05,2.05,,2.15,2.07,2.07,2.18,2.08,2.1,2.1,2.15,2.18,2.17,2.17,2.15,2.21,2.1,2.1,2.1,2.08,2.22,2.13,2.13,2.12,2.14,2.15,2.2,2.1,2.08,,,0.4518,0.4532,0.4565,,0.4452,0.4575,0.4575,0.4546,0.4579,0.4556,0.454,0.4563,0.4561,0.4557,0.4511,0.4548,0.45,0.4524,0.4491,0.4556,0.4547,0.4474,0.457,0.457,0.4501,0.4559,0.4548,0.454,0.4491,0.4547,,,2026-04-05,2.1,,0.444,,2.05,,0.4565,,,,,,2.1,0.4556,Polymarket,2.17,2.0,Not Found
273a71fd48f3acd95fc90d3984769f18,soccer_france_ligue_one,Ligue 1 - France,2026-04-05T15:15:00Z,2026-04-05T17:03:47Z,Auxerre @ Le Havre,Draw,1.29,1.27,1.29,1.4,1.53,1.31,1.23,1.35,1.29,1.21,1.21,1.39,1.29,,1.28,,,1.33,1.25,1.21,,,,,1.8,,,,,,,,0.7512,0.7494,0.7476,0.6883,0.6264,0.7364,0.7827,0.729,0.7476,0.801,0.801,0.6993,0.7588,,,,,0.7425,0.7641,0.801,,,,,0.537,,,,,,,,2026-04-05,1.27,,0.7583,,,,,,1.21,1.42,0.7922,0.6895,,,,,3.0,Not Found
c36637b0713ec3bed157fe2f29f74598,icehockey_nhl,NHL,2026-04-05T17:07:29Z,2026-04-05T17:47:24Z,Minnesota Wild @ Detroit Red Wings,Detroit Red Wings,1.54,1.62,1.7,1.7,1.54,1.55,1.55,,1.56,1.79,1.79,1.5,1.54,1.56,1.59,1.51,1.54,1.75,,1.79,,1.52,,,1.48,,,,,,,,0.6198,,,,0.6206,0.6193,0.6193,,0.6122,,,0.6475,0.6214,0.6353,0.6244,0.6366,0.6353,,,,,0.6257,,,0.6455,,,,,,,,2026-04-05,1.6,,,,,,,,1.7,,,,1.45,0.6596,Polymarket,1.56,2.0,Not Found
9414b9dc29679243aa0f6005bc43a3e0,soccer_spain_segunda_division,La Liga 2 - Spain,2026-04-05T16:30:00Z,2026-04-05T17:47:24Z,Leganés @ Almería,Almería,1.87,1.84,1.88,1.81,1.91,1.92,1.92,1.93,1.87,1.97,1.92,1.81,1.95,,1.96,,,1.91,,1.97,,,,,1.72,,,,,,,,0.501,0.495,0.4951,0.5088,0.4843,0.4827,0.4827,0.5144,0.5115,0.4742,0.4748,0.5335,0.506,,0.5033,,,0.4986,,0.4742,,,,,0.5585,,,,,,,,2026-04-05,1.8,,0.5228,,,,,,1.85,,,,,,,,3.0,Not Found
6e92e4380327a4202b28a449cec82e36,baseball_mlb,MLB,2026-04-05T18:11:00Z,2026-04-05T19:09:07Z,Milwaukee Brewers @ Kansas City Royals,Kansas City Royals,2.62,2.45,2.6,,2.45,2.51,2.42,2.66,2.38,2.5,2.4,2.65,2.38,2.78,2.78,2.42,2.66,2.6,2.3,2.5,2.43,2.6,,,2.4,,,,,,,,0.353,0.3593,0.3567,,0.3794,0.3614,0.3755,0.3612,0.3875,0.3732,0.3728,0.3597,0.3604,0.3552,0.3552,0.3881,0.3612,0.359,0.3906,0.3732,0.3724,0.3612,,,0.3837,,,,,,,,2026-04-05,2.4,,0.375,,,,,,,,,,2.6,0.359,Polymarket,2.78,2.0,Not Found
91cb43db006ffd2bfb2bb937ec974414,baseball_mlb,MLB,2026-04-05T19:11:00Z,2026-04-05T19:09:07Z,Philadelphia Phillies @ Colorado Rockies,Colorado Rockies,2.34,2.25,2.25,,2.3,2.27,2.27,2.36,2.29,2.35,2.35,2.36,2.36,2.33,2.38,2.31,2.39,2.27,2.3,2.35,2.33,2.36,2.3,2.3,2.3,2.29,2.33,2.5,2.2,2.26,,,0.4069,0.4097,0.4136,,0.4144,0.4135,0.4135,0.4177,0.4135,0.4041,0.4022,0.4142,0.4195,0.4239,0.4142,0.4223,0.4151,0.4154,0.4087,0.4041,0.4021,0.4195,0.4233,0.4233,0.4144,0.4242,0.4187,,0.4279,0.4164,,,2026-04-05,2.3,,0.4049,,2.25,,0.4136,,,,,,2.32,0.4106,Polymarket,2.33,2.0,Not Found
e7c8fd226080f70fcf82e59c4705ede9,baseball_mlb,MLB,2026-04-05T18:11:00Z,2026-04-05T19:09:07Z,Tampa Bay Rays @ Minnesota Twins,Minnesota Twins,1.9,1.74,1.9,,1.67,1.86,1.91,1.81,1.94,1.78,1.72,1.96,1.69,1.96,1.89,1.9,1.91,1.85,1.8,1.78,1.74,1.89,,,1.95,,,,,,,,0.4958,0.5242,0.4972,,0.5721,0.5,0.4855,0.5359,0.4815,0.5334,0.5343,0.4848,0.5226,0.5051,0.5146,0.5,0.5014,0.5203,0.5075,0.5334,0.5335,0.5068,,,0.4786,,,,,,,,2026-04-05,1.8,,0.5146,,,,,,,,,,1.85,0.5139,Polymarket,1.96,2.0,Not Found
48f778ac68b09d3b43afb5a3a0806771,baseball_ncaa,NCAA Baseball,2026-04-05T17:02:20Z,2026-04-05T19:09:07Z,Virginia Tech Hokies @ Miami Hurricanes,Miami Hurricanes,2.32,,,,,,,,2.9,,,,,,,,1.53,,,,3.0,,,,1.83,,,,,,,,0.397,,,,,,,,0.3153,,,,,,,,,,,,0.2907,,,,0.5,,,,,,,,2026-04-05,,,,,,,,,,,,,1.85,0.4925,,,2.0,Not Found
6d286c381cc5550c2fc8ea1ea5ad1c8c,soccer_greece_super_league,Super League - Greece,2026-04-05T18:01:00Z,2026-04-05T19:09:07Z,AEK Athens @ Olympiakos Piraeus,Olympiakos Piraeus,4.3,3.65,3.75,3.75,3.9,3.95,3.95,4.3,3.95,5.0,4.4,4.29,,,4.17,,,4.0,3.75,5.0,,,,,,,,,,,,,0.2009,0.2272,0.2315,0.2196,0.2186,0.2257,0.2257,0.2289,0.2304,0.1668,0.1816,0.2108,,,0.233,,,0.2222,0.2336,0.1668,,,,,,,,,,,,,2026-04-05,,,,,,,,,4.3,3.9,,0.2324,,,,,3.0,Not Found
318f813f9377b7ebede8b485f5ebef63,baseball_mlb,MLB,2026-04-05T18:11:00Z,2026-04-05T19:48:59Z,Toronto Blue Jays @ Chicago White Sox,Toronto Blue Jays,5.8,5.7,6.0,,5.25,5.41,5.41,5.3,5.21,6.0,5.4,4.91,4.8,5.88,,5.79,5.35,6.0,5.1,6.0,5.5,5.3,,,4.4,,,,,,,,0.1398,0.1452,0.1369,,0.1642,0.146,0.146,0.1706,0.1612,0.1409,0.1421,0.1852,0.1537,0.1649,,0.1478,0.1697,0.1369,0.1516,0.1409,0.1445,0.1706,,,0.1935,,,,,,,,2026-04-05,5.7,,0.1332,,,,,,,,,,6.25,0.1336,Polymarket,5.88,2.0,Not Found
fab58c1161119bb34a2ccb1e3e4f168a,soccer_saudi_arabia_pro_league,Saudi Pro League,2026-04-05T18:00:00Z,2026-04-05T19:48:59Z,Al-Shabab @ Al-Riyadh,Draw,,1.22,1.24,1.76,,,,1.34,,1.25,1.2,1.47,,,1.25,,,,1.18,1.2,,,,,,,,,,,,,,0.7786,0.774,0.5342,,,,0.7354,,0.776,0.7992,0.6562,,,0.79,,,,0.8039,0.7992,,,,,,,,,,,,,2026-04-05,1.22,,0.7854,,,,,,1.17,,,,,,,,3.0,Not Found
51f0dc42969c2e2a48181e7560cb9afb,baseball_milb,MiLB,2026-04-05T19:35:00Z,2026-04-05T19:48:59Z,Reno Aces @ Albuquerque Isotopes,Reno Aces,1.78,,,,,,,,,,,,,,,,,,,,,,1.77,,1.77,,1.77,,1.73,,,,0.5334,,,,,,,,,,,,,,,,,,,,,,0.5325,,0.5325,,0.5274,,0.539,,,,2026-04-05,,,,,,,,,,,,,,,,,2.0,Not Found
afd4c593a31f1451820094112520c894,soccer_spain_la_liga,La Liga - Spain,2026-04-05T19:00:00Z,2026-04-05T20:17:30Z,CA Osasuna @ Alavés,CA Osasuna,3.9,3.55,3.75,3.45,,3.9,3.65,3.95,3.8,3.65,3.65,3.53,4.1,,4.0,,,4.0,,3.65,,,,,,,,,,,,,0.2362,0.2332,0.2355,0.2675,,0.2275,0.2441,0.2511,0.2404,0.2517,0.248,0.2638,0.2392,,0.2434,,,0.2374,,0.2512,,,,,,,,,,,,,2026-04-05,3.8,,0.2351,,,,,,3.55,,0.2479,,,,,,3.0,Not Found
f546541ad061224570d6c2508ff82661,baseball_mlb,MLB,2026-04-05T20:06:00Z,2026-04-05T20:54:14Z,New York Mets @ San Francisco Giants,New York Mets,1.32,1.56,1.39,,1.33,1.39,1.39,1.47,1.33,1.36,1.53,1.38,1.49,1.49,1.41,1.42,1.4,1.4,1.5,1.36,1.34,1.64,,,1.45,,,,2.0,,,,0.7273,0.588,0.6902,,0.7244,0.6818,0.6818,0.6641,0.7192,0.7064,0.6075,0.7015,0.6124,0.6607,0.7045,0.6785,0.7004,0.6905,0.625,0.7064,0.7036,0.5983,,,0.6561,,,,0.4722,,,,2026-04-05,1.4,,0.672,,,,,,,,,,1.5,0.6333,Polymarket,1.49,2.0,Not Found
f10112fd26f976f55adb9b157e2cb50f,soccer_chile_campeonato,Primera División - Chile,2026-04-05T19:30:00Z,2026-04-05T20:54:14Z,Colo Colo @ Deportes Concepción,Deportes Concepción,,5.2,5.5,,5.5,5.35,5.35,7.0,5.25,5.3,5.1,5.09,,,,,,,5.0,,,,,,,,,,,,,,,0.145,0.147,,0.1382,0.1535,0.1535,0.1347,0.167,0.1573,0.1525,0.1745,,,,,,,0.1525,,,,,,,,,,,,,,2026-04-05,5.2,,0.156,,,,,,,,,,,,,,3.0,Not Found
a74700869defb9c833a7c4658203616c,soccer_argentina_primera_division,Primera División - Argentina,2026-04-05T21:00:00Z,2026-04-05T20:54:14Z,Belgrano de Cordoba @ River Plate,Draw,3.4,3.25,3.4,3.25,3.5,3.5,3.5,3.55,3.45,3.55,3.4,3.58,3.55,,3.7,,,,,,3.6,,3.45,3.45,3.4,,3.38,,,3.46,3.4,,0.2672,0.2595,0.2624,0.2675,0.2622,0.2646,0.2646,0.2794,0.2683,0.262,0.2574,0.2673,0.2794,,0.263,,,,,,0.2581,,0.2726,0.2726,0.2715,,0.2822,,,0.2651,0.2732,,2026-04-05,,,,,3.3,3.45,0.2639,0.2726,,,,,,,,,3.0,Not Found
9b2b9010e4cfe05a777e7975f9956f24,baseball_milb,MiLB,2026-04-05T21:05:00Z,2026-04-05T20:54:14Z,Lehigh Valley IronPigs @ Durham Bulls,Durham Bulls,2.42,,,,,,,,,,,,,,,,,,,,,,2.39,,2.35,,2.3,,2.38,,,,0.384,,,,,,,,,,,,,,,,,,,,,,0.3887,,0.3923,,0.3969,,0.3833,,,,2026-04-05,,,,,,,,,,,,,,,,,2.0,Not Found
6713ad4fbeae608d336734ee11015eb2,baseball_mlb,MLB,2026-04-05T20:11:00Z,2026-04-05T21:29:32Z,Atlanta Braves @ Arizona Diamondbacks,Atlanta Braves,1.82,1.9,2.0,,1.95,1.91,1.91,1.88,1.81,1.97,1.91,1.67,1.81,1.96,1.96,1.9,1.87,2.0,1.8,1.97,1.93,1.87,,,1.65,,,,,,,,0.5196,0.4725,0.4722,,0.4832,0.4855,0.4855,0.5184,0.5198,0.4791,0.4777,0.5752,0.4985,0.5051,0.5051,0.5,0.5211,0.4722,0.5075,0.4791,0.4782,0.5211,,,0.5758,,,,,,,,2026-04-05,1.75,,0.5293,,,,,,,,,,1.8,0.5214,Polymarket,1.96,2.0,Not Found
ac0a6ca9e9cf87ea71536972e31230cc,baseball_mlb,MLB,2026-04-05T20:06:00Z,2026-04-05T21:29:32Z,Houston Astros @ Athletics,Houston Astros,1.87,1.84,1.92,,1.98,1.91,1.88,1.83,1.95,1.77,1.71,1.97,1.83,1.92,1.89,1.9,,1.95,,1.77,1.87,1.91,,,1.8,,,,,,,,0.5042,0.4908,0.4916,,0.4793,0.4855,0.4942,0.5281,0.4802,0.5374,0.5373,0.4835,0.4939,0.5104,0.5242,0.5,,0.4933,,0.5374,0.4971,0.504,,,0.5214,,,,,,,,2026-04-05,1.8,,0.5146,,,,,,,,,,1.8,0.5214,Polymarket,1.92,2.0,Not Found
6cfb88cfd2f02bcfc42f9513be8da728,baseball_mlb,MLB,2026-04-05T21:10:00Z,2026-04-05T21:58:12Z,Miami Marlins @ New York Yankees,Miami Marlins,5.8,,,,5.75,5.74,6.02,6.6,5.71,6.4,5.75,6.52,5.7,,,,,7.0,,6.0,5.8,,,,6.5,,,,,,,,0.1398,,,,0.1445,0.1367,0.1285,0.1293,0.1411,0.1317,0.1324,0.1303,0.129,,,,,0.1169,,0.1409,0.1358,,,,0.1224,,,,,,,,2026-04-05,5.2,,0.1497,,,,,,,,,,,,,,2.0,Not Found
e9ee86ad4d39a43c99e29bc6c07b424c,icehockey_nhl,NHL,2026-04-05T23:10:00Z,2026-04-05T22:46:35Z,New Jersey Devils @ Montréal Canadiens,New Jersey Devils,2.22,2.65,2.8,2.83,2.25,2.19,2.19,,2.24,3.1,3.1,2.3,2.24,2.22,2.27,2.25,2.25,3.0,,3.05,2.3,2.26,2.28,2.28,2.25,2.25,2.95,2.33,2.2,2.9,2.3,,0.4276,,,,0.4228,0.4307,0.4307,,0.4256,,,0.4215,0.4407,0.4459,0.4346,0.4264,0.4381,,,,0.4125,0.4403,0.4234,0.4234,0.4264,0.4264,,,0.4279,,0.418,,2026-04-05,2.95,2.85,,,2.9,2.25,,0.4264,2.85,,,,2.21,0.4268,Polymarket,2.22,2.0,Not Found
3f13d5d7711e2f5bb928057cb4164070,soccer_brazil_campeonato,Brazil Série A,2026-04-05T22:30:00Z,2026-04-05T22:46:35Z,Internacional @ Corinthians,Corinthians,2.26,2.15,2.25,2.18,2.25,2.25,2.25,2.28,2.35,2.17,2.12,2.2,2.36,,2.27,,,2.3,2.2,2.12,,,,,2.17,,,,2.15,,,,0.4173,0.4157,0.4096,0.416,0.4158,0.4104,0.4104,0.4375,0.4019,0.436,0.4355,0.4358,0.4215,,0.4337,,,0.4115,0.4171,0.4389,,,,,0.4381,,,,0.4359,,,,2026-04-05,2.1,,0.444,,,,,,2.05,,0.4414,,,,,,3.0,Not Found
effd55368995e78965f7ad0cef4df5ef,soccer_brazil_campeonato,Brazil Série A,2026-04-05T23:00:00Z,2026-04-05T23:20:10Z,Bragantino-SP @ Mirassol,Mirassol,2.36,2.25,2.35,2.27,2.25,2.35,2.35,1.54,2.4,2.28,2.2,2.15,2.42,,2.38,,,2.4,2.3,2.23,,,,,2.2,,,,,,,,0.3972,0.3954,0.3887,0.3983,0.4144,0.3942,0.3942,0.6199,0.3958,0.4151,0.4189,0.4467,0.4124,,0.4169,,,0.3938,0.4007,0.4148,,,,,0.4336,,,,,,,,2026-04-05,2.4,,0.3835,,,,,,2.15,,0.4185,,,,,,3.0,Not Found
f01f7ab4597dc0c1a08e837d9b9beae9,basketball_nba,NBA,2026-04-06T01:10:00Z,2026-04-06T02:10:38Z,Los Angeles Clippers @ Sacramento Kings,Los Angeles Clippers,1.02,1.01,1.02,1.03,1.02,1.02,1.02,1.04,1.03,1.02,1.01,1.05,1.05,1.05,1.05,1.04,1.04,1.02,1.03,1.02,1.02,1.05,,,1.04,,,,,,,,0.9517,0.9617,0.9589,0.9521,0.9502,0.9447,0.9447,0.9522,0.9521,0.9545,0.9516,0.928,0.9499,0.9512,0.9462,0.933,0.9488,0.9485,0.947,0.9545,0.9485,0.9429,,,0.9353,,,,,,,,2026-04-06,1.02,,0.9402,,,,,,,,,,1.02,0.9494,Polymarket,1.05,2.0,Not Found
78a1b6520faa77820ad71b0921ae00fc,aussierules_afl,AFL,2026-04-06T05:15:36Z,2026-04-06T05:06:22Z,Geelong Cats @ Hawthorn Hawks,Geelong Cats,,,,,,2.0,2.0,2.08,2.0,,,2.02,,,,,,2.1,,2.05,,,,,,2.25,,,,2.05,2.1,,,,,,,0.4593,0.4593,0.48,0.4722,,,0.4728,,,,,,0.4524,,0.4614,,,,,,0.4192,,,,0.4498,0.4351,,2026-04-06,2.2,,0.4148,,1.91,,0.4642,,,,,,,,,,2.0,Not Found
fedc3fce5577d81574b8dc10f9390f3a,tennis_atp_monte_carlo_masters,ATP Monte-Carlo Masters,2026-04-06T09:00:00Z,2026-04-06T05:06:22Z,Nuno Borges @ Andrey Rublev,Andrey Rublev,1.29,1.27,1.3,1.29,1.31,1.28,1.28,1.31,1.3,1.3,1.3,1.31,1.31,,,1.33,1.3,1.31,1.3,1.3,,1.3,1.3,1.3,1.31,,1.28,,1.3,,1.28,,0.7525,0.7548,0.753,0.7499,0.7346,0.7555,0.7555,0.7597,0.7461,0.7418,0.7418,0.748,0.7597,,,0.7347,0.7633,0.7483,0.7418,0.7418,,0.7627,0.7487,0.7487,0.7428,,0.7555,,0.7418,,0.7391,,2026-04-06,1.25,,0.7611,,1.28,,0.7517,,1.29,,0.7383,,,,,,2.0,Not Found
d3743f3c4ecf69b22d6382b6719b860c,tennis_atp_monte_carlo_masters,ATP Monte-Carlo Masters,2026-04-06T09:00:00Z,2026-04-06T05:06:22Z,Karen Khachanov @ Arthur Rinderknech,Arthur Rinderknech,2.84,2.85,3.0,2.9,2.75,2.95,2.95,3.05,2.82,2.88,2.88,2.94,3.05,,,2.81,3.0,2.95,2.9,2.88,,3.05,2.84,2.84,2.85,,2.87,,2.9,,2.75,,0.3288,0.3157,0.3146,0.3153,0.3346,0.3149,0.3149,0.3215,0.3301,0.3215,0.3215,0.3252,0.3215,,,0.3208,0.3218,0.3247,0.3153,0.3215,,0.3191,0.3312,0.3312,0.3282,,0.3221,,0.3153,,0.3247,,2026-04-06,2.85,,0.3105,,2.85,,0.3208,,2.8,,0.3214,,,,,,2.0,Not Found
f79e8428192e5dcee843a426ef3d4b7d,soccer_poland_ekstraklasa,Ekstraklasa - Poland,2026-04-06T10:15:00Z,2026-04-06T08:43:48Z,Piast Gliwice @ Nieciecza,Piast Gliwice,2.3,2.1,2.2,2.12,2.3,2.25,2.25,2.4,2.3,2.4,2.33,2.32,2.42,,2.33,,,2.35,2.25,2.4,2.38,,2.36,2.36,,2.23,2.28,,,2.26,,,0.413,0.4263,0.4228,0.435,0.4094,0.4174,0.4174,0.4114,0.415,0.3947,0.3942,0.418,0.4104,,0.4192,,,0.4095,0.4121,0.3947,0.3956,,0.4117,0.4117,,0.4205,0.4143,,,0.4161,,,2026-04-06,2.25,2.24,0.4156,0.4165,,,,,2.25,,0.3989,,,,,,3.0,Not Found
ac5b844224c6b07931555c49159c2d68,soccer_italy_serie_b,Serie B - Italy,2026-04-06T10:30:00Z,2026-04-06T08:43:48Z,Südtirol @ Cesena FC,Cesena FC,2.2,2.0,2.1,2.08,2.2,2.18,2.18,2.28,2.2,2.23,2.23,2.26,2.28,,,,,2.25,2.15,2.23,2.23,,2.24,2.24,2.17,2.17,2.21,,2.15,,,,0.4336,,0.4374,0.4469,0.4312,0.4323,0.4323,0.4358,0.4356,0.4188,0.4188,0.431,0.4343,,,,,0.4276,0.4313,0.4188,0.4188,,0.4328,0.4328,0.4323,0.4323,0.4297,,0.4313,,,,2026-04-06,2.1,2.22,0.448,0.4345,2.1,,0.4407,,2.14,,0.4226,,,,,,3.0,Not Found
4c19e0d00239c155b45365c7a59f54c4,soccer_italy_serie_a,Serie A - Italy,2026-04-06T10:30:00Z,2026-04-06T09:54:26Z,Como @ Udinese,Como,1.65,1.62,1.64,1.66,1.69,1.68,1.68,1.71,1.62,1.7,1.65,1.67,1.71,,1.69,1.71,,1.7,1.65,1.7,1.64,,1.7,1.7,1.68,1.67,1.7,,1.65,1.66,1.65,,0.589,0.5916,0.5901,0.5889,0.5742,0.5783,0.5783,0.5834,0.5913,0.5771,0.5844,0.5881,0.5834,,0.5878,0.5717,,0.5783,0.5781,0.5771,0.5856,,0.5762,0.5762,0.5772,0.5819,0.5833,,0.5781,0.5894,0.5902,,2026-04-06,1.62,1.66,0.5965,0.5855,1.65,1.64,0.5868,0.5921,1.7,,0.5747,,,,,,3.0,Not Found
dc55801a4cdf03094b8fc636a3c70847,soccer_belgium_first_div,Belgium First Div,2026-04-06T11:30:00Z,2026-04-06T09:54:26Z,Anderlecht @ Club Brugge,Club Brugge,,1.38,1.39,1.4,1.44,1.41,1.41,1.45,1.43,1.44,1.41,1.44,1.45,,1.47,,,1.42,1.4,1.44,1.43,,1.44,1.44,1.42,1.42,1.43,,1.4,1.4,1.4,,,0.6899,0.6878,0.6882,0.6735,0.6877,0.6877,0.6839,0.6816,0.6741,0.6816,0.6819,0.6851,,0.6735,,,0.6814,0.6815,0.6741,0.6758,,0.6832,0.6832,0.6792,0.6792,0.6829,,0.6815,0.6901,0.6916,,2026-04-06,,,,,1.4,1.42,0.6845,0.6792,1.4,1.41,0.6834,0.686,,,,,3.0,Not Found
1745ef5f0ad1e83f19f2130b32729b5a,soccer_sweden_superettan,Superettan - Sweden,2026-04-06T11:00:00Z,2026-04-06T10:55:21Z,Ljungskile SK @ Falkenbergs FF,Ljungskile SK,3.6,,,,3.3,3.35,3.45,3.75,3.5,3.8,3.8,3.66,3.75,,,,,3.7,3.4,3.75,3.7,,3.7,3.7,3.55,3.4,3.44,,3.4,3.56,3.45,,0.2566,,,,0.2692,0.2747,0.2656,0.2635,0.2646,0.2414,0.2414,0.2563,0.2635,,,,,0.2537,0.2575,0.2415,0.2382,,0.2562,0.2562,0.2514,0.2646,0.2681,,0.2575,0.2545,0.2546,,2026-04-06,3.6,,0.2411,,,3.4,,0.2646,,,,,,,,,3.0,Not Found
01a6ac34a584eebbebf49e27922e26af,tennis_atp_monte_carlo_masters,ATP Monte-Carlo Masters,2026-04-06T11:10:00Z,2026-04-06T10:55:21Z,Stan Wawrinka @ Sebastian Baez,Sebastian Baez,1.4,1.42,1.44,1.4,1.36,1.41,1.41,1.44,1.38,1.44,1.44,1.4,1.44,,,1.41,1.41,1.42,1.4,1.44,,1.43,1.39,1.39,1.4,,1.4,,1.4,,,,0.6916,0.6767,0.6748,0.6984,0.7064,0.6851,0.6851,0.6934,0.6973,0.6654,0.6654,0.6999,0.6934,,,0.6828,0.6964,0.6882,0.6847,0.6654,,0.6934,0.6989,0.6989,0.6905,,0.6905,,0.6847,,,,2026-04-06,1.35,,0.7009,,1.39,,0.6902,,1.44,,0.6654,,,,,,2.0,Not Found
696032c1244cef11baa392b25471e304,soccer_efl_champ,Championship,2026-04-06T11:30:00Z,2026-04-06T11:50:19Z,Oxford United @ Portsmouth,Draw,3.2,3.05,3.15,4.2,3.5,3.2,3.3,4.9,3.35,3.35,3.25,3.18,3.3,,2.04,,,4.5,3.0,3.3,,,,,,,,,,,,,0.2894,0.281,0.2821,0.1946,0.2529,0.2781,0.2697,0.1993,0.2731,0.276,0.2732,0.2941,0.2975,,,,,0.1972,0.2999,0.281,,,,,,,,,,,,,2026-04-06,3.2,,0.2819,,,,,,3.15,,0.2733,,,,,,3.0,Not Found
624e26c5e2144da635a06f9f53f413d5,soccer_efl_champ,Championship,2026-04-06T12:00:00Z,2026-04-06T11:50:19Z,Norwich City @ Millwall,Draw,3.4,3.25,3.3,3.23,3.5,3.47,3.47,3.65,3.45,3.5,3.55,3.5,3.65,,3.57,3.36,,3.5,3.25,3.5,3.45,,3.45,3.45,3.3,3.3,3.36,,3.25,3.36,3.35,,0.2726,0.2683,0.2708,0.276,0.267,0.2706,0.2706,0.2705,0.2756,0.2641,0.268,0.2747,0.2719,,0.2731,0.2778,,0.2678,0.2809,0.2641,0.2668,,0.2763,0.2763,0.2748,0.2741,0.2872,,0.2809,0.2735,0.2763,,2026-04-06,3.4,3.35,0.2647,0.2806,3.3,,0.2677,,3.4,,0.2618,,,,,,3.0,Not Found
82928617803ede1b26fcfedff07a3b55,soccer_poland_ekstraklasa,Ekstraklasa - Poland,2026-04-06T12:45:00Z,2026-04-06T11:50:19Z,Motor Lublin @ Radomiak Radom,Motor Lublin,3.2,2.9,3.05,3.08,3.25,3.15,3.15,3.35,3.25,3.55,3.45,3.35,3.4,,3.33,,,3.25,3.2,3.55,3.5,,3.45,3.45,3.2,3.2,3.25,,,3.24,,,0.2928,0.2985,0.2954,0.2876,0.2833,0.2895,0.2895,0.2907,0.2871,0.2593,0.2568,0.2853,0.2878,,0.2933,,,0.2923,0.2819,0.2593,0.2594,,0.2767,0.2767,0.2846,0.2846,0.2832,,,0.2823,,,2026-04-06,3.2,3.1,0.2838,0.2915,3.05,,0.2847,,3.35,,0.2541,,,,,,3.0,Not Found
8face26e978de83f5e9e2b2127d76db2,tennis_atp_monte_carlo_masters,ATP Monte-Carlo Masters,2026-04-06T10:50:00Z,2026-04-06T12:39:51Z,Emilio Nava @ Jiri Lehecka,Jiri Lehecka,1.08,1.11,1.09,1.1,1.11,1.1,1.14,1.12,1.11,1.1,1.08,1.12,1.11,,,,1.12,1.12,1.11,1.12,,1.11,,,1.12,,,,,,,,0.8963,0.8705,0.8787,0.8653,0.8671,0.8776,0.8493,0.8883,0.881,0.8831,0.883,0.8866,0.8909,,,,0.8849,0.8775,0.8671,0.8645,,0.888,,,0.8695,,,,,,,,2026-04-06,1.08,,0.886,,,,,,1.08,,0.8686,,,,,,2.0,Not Found
e1696180f87c529566850e182b963ddc,tennis_atp_monte_carlo_masters,ATP Monte-Carlo Masters,2026-04-06T12:50:00Z,2026-04-06T12:39:51Z,Matteo Arnaldi @ Cristian Garin,Cristian Garin,1.48,1.41,1.44,1.42,1.48,1.45,1.45,1.53,1.4,1.43,1.4,1.65,1.48,,,1.65,1.46,1.45,1.4,1.43,,,1.66,1.66,1.65,,1.62,,1.67,,,,0.6527,0.6623,0.6549,0.656,0.6593,0.663,0.6561,0.6532,0.6853,0.6711,0.672,0.5903,0.6701,,,0.5894,0.6689,0.663,0.6753,0.6711,,,0.5857,0.5857,0.5856,,0.5922,,0.5721,,,,2026-04-06,1.45,,0.6525,,,,,,1.36,,0.6775,,,,,,2.0,Not Found
57eea7c205aeb88524e9f29eaaac3a53,icehockey_sweden_allsvenskan,HockeyAllsvenskan,2026-04-06T13:00:00Z,2026-04-06T12:39:51Z,IF Björklöven @ Södertälje SK,Södertälje SK,,,,,,2.38,2.38,,,3.2,3.2,2.37,,,,,,3.35,,3.2,,,,,,,3.45,,,3.42,,,,,,,,,,,,0.2896,0.2896,,,,,,,0.2819,,0.2896,,,,,,,0.2601,,,0.2597,,,2026-04-06,,,,,,,,,,,,,,,,,3.0,Not Found
d47d218df3961ebb9e597d55807017eb,soccer_italy_serie_b,Serie B - Italy,2026-04-06T13:02:00Z,2026-04-06T13:59:28Z,Juve Stabia @ Venezia,Draw,6.5,6.0,6.25,5.5,6.5,6.3,6.3,6.8,6.5,5.6,5.25,3.31,6.8,,,,,6.5,6.0,5.6,,,,,,,,,,,,,0.1276,0.1419,0.1299,0.1319,0.125,0.1271,0.1271,0.1425,0.1343,0.1466,0.1471,0.2824,0.1425,,,,,0.1283,0.142,0.1466,,,,,,,,,,,,,2026-04-06,7.0,,0.1104,,,,,,5.0,,,,,,,,3.0,Not Found
235993548013c90888432fdd7b0bf6f8,soccer_efl_champ,Championship,2026-04-06T14:00:00Z,2026-04-06T13:59:28Z,Birmingham City @ Ipswich Town,Draw,4.1,3.95,4.0,3.93,4.2,4.13,4.13,4.3,4.3,4.0,4.1,4.4,4.4,,4.35,3.91,,4.0,3.8,4.0,4.0,,4.3,4.3,4.1,4.0,4.01,,3.8,4.05,4.1,,0.2216,0.2148,0.2169,0.2216,0.2163,0.2246,0.2246,0.2288,0.2181,0.2284,0.2301,0.2151,0.224,,0.2203,0.2376,,0.2337,0.2329,0.2284,0.2254,,0.2232,0.2232,0.2158,0.2224,0.2386,,0.2362,0.2231,0.2203,,2026-04-06,4.1,4.1,0.2152,0.2268,3.9,,0.2239,,3.9,,0.2229,,,,,,3.0,Not Found
2d0e4c33110148fee4824078c3f7b856,soccer_england_league1,League 1,2026-04-06T14:00:00Z,2026-04-06T13:59:28Z,Blackpool @ Stevenage,Stevenage,,,,,1.91,1.92,1.92,1.98,1.91,1.88,1.87,1.94,1.98,,,,,1.93,1.91,1.88,1.87,,1.89,1.89,1.85,1.87,1.87,,1.91,1.9,1.85,,,,,,0.498,0.4961,0.4961,0.5011,0.5038,0.506,0.5079,0.5016,0.5026,,,,,0.4944,0.4915,0.506,0.5079,,0.511,0.511,0.5102,0.506,0.5116,,0.4915,0.5025,0.505,,2026-04-06,1.83,1.89,0.5177,0.4959,,,,,,,,,,,,,3.0,Not Found
1d8049f44e152143e94d89c1e852cd36,soccer_england_league1,League 1,2026-04-06T14:00:00Z,2026-04-06T15:01:32Z,Stockport County FC @ Bolton Wanderers,Bolton Wanderers,,,,,2.5,2.3,2.3,2.6,2.4,2.43,2.35,2.49,2.6,,,,,2.4,2.45,2.4,,,,,,,,,,,,,,,,,0.3631,0.393,0.393,0.3809,0.394,0.3832,0.3845,0.3775,0.3809,,,,,0.394,0.3745,0.3851,,,,,,,,,,,,,2026-04-06,2.4,,0.3835,,,,,,,,,,,,,,3.0,Not Found
de275d9d33d7455bb6eab547b29d0fb2,soccer_england_league2,League 2,2026-04-06T14:00:00Z,2026-04-06T15:01:32Z,Bristol Rovers @ Harrogate Town,Draw,,,,,3.6,3.65,3.65,4.2,4.0,3.8,3.65,4.09,4.2,,,,,3.75,3.6,3.8,,,,,3.75,,,,,,,,,,,,0.236,0.2349,0.2349,0.235,0.2269,0.228,0.2256,0.2216,0.235,,,,,0.2352,0.2426,0.228,,,,,0.2313,,,,,,,,2026-04-06,4.0,3.15,0.2143,0.2834,,,,,,,,,,,,,3.0,Not Found
c20610f945899b96f9b2a166afcc0bd5,soccer_england_league2,League 2,2026-04-06T14:00:00Z,2026-04-06T15:01:32Z,Colchester United @ Tranmere Rovers,Draw,,,,,2.25,2.25,2.25,2.42,2.35,2.28,2.2,2.27,2.44,,,,,2.3,2.3,2.28,,,,,2.32,,,,,,,,,,,,0.4013,0.4069,0.4069,0.4094,0.402,0.4057,0.4101,0.4178,0.4072,,,,,0.4059,0.3966,0.407,,,,,0.3957,,,,,,,,2026-04-06,2.1,,0.4416,,,,,,,,,,,,,,3.0,Not Found
efb8499e713a6d710d7b8338d31b0673,soccer_league_of_ireland,League of Ireland,2026-04-06T16:00:00Z,2026-04-06T15:58:48Z,Derry City @ Sligo Rovers,Draw,3.1,3.1,3.25,,3.3,3.2,3.2,3.35,3.35,3.3,3.25,3.36,3.35,,,,,3.4,,3.3,3.3,,3.2,3.2,,3.2,3.15,,3.2,3.22,3.15,,0.2941,0.2763,0.2758,,0.2682,0.2861,0.2861,0.2927,0.2796,0.2739,0.273,0.2839,0.2946,,,,,0.2762,,0.2739,0.2739,,0.2895,0.2895,,0.2806,0.2942,,0.2849,0.2864,0.2827,,2026-04-06,3.1,,0.2941,,3.0,3.2,,0.2806,3.15,,0.2722,,,,,,3.0,Not Found
27c6b5b7fba9b9c21e33047514b3ceb8,soccer_league_of_ireland,League of Ireland,2026-04-06T16:00:00Z,2026-04-06T15:58:48Z,Shelbourne Dublin @ Shamrock Rovers,Shelbourne Dublin,4.3,3.8,4.0,,4.0,4.15,4.15,4.8,4.3,4.0,4.0,4.59,4.8,,,,,4.3,,4.0,4.0,,4.7,4.7,,4.2,4.48,,4.4,4.5,4.4,,0.206,0.2178,0.2178,,0.2168,0.2141,0.2141,0.2029,0.2106,0.2201,0.2176,0.2042,0.2038,,,,,0.2149,,0.2201,0.2201,,0.1955,0.1955,,0.2074,0.2002,,0.1971,0.1984,0.1955,,2026-04-06,4.4,,0.1987,,3.85,4.2,,0.2074,3.85,,0.2138,,,,,,3.0,Not Found
417c4d274f0e0d510bbb230a072a73ac,soccer_efl_champ,Championship,2026-04-06T16:30:00Z,2026-04-06T17:01:24Z,Middlesbrough @ Swansea City,Draw,3.3,3.3,3.4,3.3,3.2,3.4,3.4,3.5,3.55,3.4,3.25,3.3,3.5,,3.45,,,3.5,3.2,3.4,,,,,3.35,,,,,,,,0.2757,0.2563,0.2601,0.2555,0.2854,0.2585,0.2623,0.2841,0.2582,0.2704,0.2741,0.2817,0.2851,,0.2835,,,0.2645,0.2807,0.2704,,,,,0.2697,,,,,,,,2026-04-06,3.3,,0.2692,,,,,,3.15,,0.2732,,,,,,3.0,Not Found
e91388ca80b9ba2326368e0764a6c89f,soccer_france_ligue_two,Ligue 2 - France,2026-04-06T18:45:00Z,2026-04-06T17:01:24Z,Pau FC @ Le Mans FC,Pau FC,4.7,4.2,4.2,4.6,4.4,4.45,4.45,5.2,4.6,4.35,4.3,4.92,5.2,,,,,4.5,4.6,4.35,4.35,,4.6,4.6,4.65,4.65,4.7,,4.5,4.8,4.5,,0.1901,0.2047,0.2047,0.1967,0.2044,0.197,0.197,0.1884,0.1989,0.2013,0.1995,0.1885,0.1906,,,,,0.2055,0.1898,0.2013,0.2013,,0.2,0.2,0.1881,0.1881,0.1905,,0.1918,0.1844,0.1868,,2026-04-06,4.7,4.4,0.1831,0.1952,4.6,,0.1944,,4.35,4.5,0.2013,0.1879,,,,,3.0,Not Found
6b90b14f2287e029cdcfbf64f12af661,soccer_italy_serie_a,Serie A - Italy,2026-04-06T18:45:00Z,2026-04-06T19:15:12Z,AC Milan @ Napoli,Napoli,2.7,2.4,2.5,2.6,2.6,2.55,2.55,2.66,2.6,2.55,2.55,2.71,2.66,,2.63,,,2.63,2.5,2.55,,,,,,,,,,,,,0.3469,,0.3708,0.3588,0.3549,0.363,0.363,0.374,0.362,0.3688,0.3662,0.3492,0.3736,,0.3735,,,0.3648,0.3652,0.3688,,,,,,,,,,,,,2026-04-06,2.55,,0.3624,,,,,,2.48,,0.3711,,,,,,3.0,Not Found
88dd8059b67f455cd2725255e3e06164,baseball_ncaa,NCAA Baseball,2026-04-06T19:00:00Z,2026-04-06T19:15:12Z,Michigan Wolverines @ Eastern Michigan Eagles,Eastern Michigan Eagles,5.15,,,,5.25,,,,,,,,,,,,,,,,5.0,,,,5.3,,,,,,,,0.1623,,,,0.1528,,,,,,,,,,,,,,,,0.1575,,,,0.1557,,,,,,,,2026-04-06,,,,,,,,,,,,,4.1,0.1909,,,2.0,Not Found
be28a5e512211e725fea8524a9a60d42,soccer_spain_la_liga,La Liga - Spain,2026-04-06T19:02:00Z,2026-04-06T19:15:12Z,Villarreal @ Girona,Girona,2.8,2.6,2.75,2.83,2.8,2.78,2.78,3.05,2.9,3.1,3.05,2.88,3.0,,3.03,,,2.88,,3.1,,,3.17,3.12,,,,,2.9,,,,0.3373,0.3357,0.3328,0.3274,0.327,0.3302,0.3302,0.3262,0.3217,0.298,0.3014,0.3274,0.3296,,0.3234,,,0.3333,,0.298,,,0.3034,0.3088,,,,,0.3203,,,,2026-04-06,2.9,2.95,0.3173,0.3217,,,,,3.0,,0.3003,,,,,,3.0,Not Found
52dfa93ca7d61776218bf9371951270b,baseball_ncaa,NCAA Baseball,2026-04-06T21:00:00Z,2026-04-06T19:15:12Z,California Golden Bears @ San Francisco Dons,San Francisco Dons,3.4,,,,3.25,,,,3.2,,,,,,,,3.29,,,,3.15,,3.09,3.09,3.25,3.0,3.25,,,,,,0.2624,,,,0.2779,,,,0.2831,,,,,,,,0.2843,,,,0.2828,,0.2942,0.2942,0.2751,0.299,0.2722,,,,,,2026-04-06,,,,,,,,,,,,,3.18,0.2784,,,2.0,Not Found
8638889acbe04188b2fcf40386691db5,baseball_mlb,MLB,2026-04-06T22:41:00Z,2026-04-06T20:50:35Z,San Diego Padres @ Pittsburgh Pirates,San Diego Padres,2.14,2.1,2.15,,2.15,2.16,2.16,2.26,2.19,2.14,2.14,2.23,2.28,2.27,2.27,2.25,2.3,2.15,2.15,2.14,2.12,2.29,2.22,2.22,2.17,2.22,2.21,2.22,2.2,2.14,,,0.4479,0.4405,0.4384,,0.4452,0.4356,0.4356,0.4355,0.4342,0.4463,0.4446,0.4385,0.4336,0.4346,0.4346,0.4349,0.4317,0.4402,0.4402,0.4463,0.4452,0.4326,0.4379,0.4379,0.438,0.4379,0.4422,0.4443,0.4279,0.4412,,,2026-04-06,2.2,,0.4242,,2.15,,0.4384,,,,,,2.19,0.4376,Polymarket,2.27,2.0,Not Found
6852a6697b356bb6e8a0216138056714,baseball_mlb,MLB,2026-04-06T22:46:00Z,2026-04-06T20:50:35Z,Milwaukee Brewers @ Boston Red Sox,Boston Red Sox,2.0,1.98,2.0,,2.0,2.02,2.02,2.1,2.04,2.04,2.04,2.08,2.1,2.08,2.13,2.08,2.12,2.0,2.0,2.04,2.02,2.13,2.07,2.07,2.04,2.08,2.06,2.15,2.0,2.0,,,0.4797,0.4716,0.4722,,0.4768,0.4682,0.4682,0.4721,0.4658,0.4689,0.4673,0.4701,0.4721,0.4758,0.4645,0.4701,0.4699,0.4753,0.4722,0.4689,0.4682,0.4688,0.4713,0.4713,0.4689,0.4701,0.4753,,0.4722,0.4738,,,2026-04-06,2.05,,0.4582,,2.0,,0.4722,,,,,,2.04,0.4704,Polymarket,2.08,2.0,Not Found
e7bc40f9611b8baa6328e83959820910,baseball_mlb,MLB,2026-04-06T22:11:00Z,2026-04-06T20:50:35Z,Kansas City Royals @ Cleveland Guardians,Cleveland Guardians,1.85,1.8,1.8,,1.85,1.84,1.84,1.87,1.82,1.82,1.81,1.88,1.88,1.89,1.89,1.86,1.89,1.82,1.8,1.82,1.8,1.88,1.86,1.86,1.84,1.87,1.87,1.93,1.8,1.81,,,0.5203,0.5253,0.5278,,0.5177,0.5179,0.5179,0.527,0.5272,0.5296,0.5287,0.5209,0.5256,0.5242,0.5242,0.5261,0.5265,0.5247,0.5278,0.5296,0.5303,0.5279,0.5249,0.5249,0.5205,0.5235,0.5247,,0.5278,0.5262,,,2026-04-06,1.75,,0.5418,,1.82,,0.5247,,,,,,1.83,0.5257,Polymarket,1.89,2.0,Not Found
e534d5390cb128e7eaa3eab6b5372c24,soccer_efl_champ,Championship,2026-04-06T19:00:00Z,2026-04-06T20:50:35Z,Coventry City @ Hull City,Hull City,21.0,14.0,15.0,13.5,,19.0,23.0,12.5,26.0,29.0,23.0,7.3,13.0,,11.11,,,14.0,21.0,29.0,,,,,4.85,,,,,,,,0.0238,0.0476,0.0385,0.0396,,0.0283,0.018,0.0675,0.0163,0.016,0.0147,0.1142,0.0663,,0.0709,,,0.0445,0.025,0.016,,,,,0.1783,,,,,,,,2026-04-06,13.0,,0.0457,,,,,,15.0,,0.0207,,,,,,3.0,Not Found
b5ee5b660c88cd4cb3262b4b7e9f236f,baseball_mlb,MLB,2026-04-06T22:41:00Z,2026-04-06T21:27:14Z,Cincinnati Reds @ Miami Marlins,Cincinnati Reds,2.1,2.05,2.1,,2.1,2.12,2.12,2.22,2.13,2.1,2.1,2.19,2.26,2.22,2.22,2.2,2.23,2.1,2.1,2.1,2.1,2.24,2.18,2.18,2.14,2.18,2.18,2.15,2.1,2.11,,,0.4556,0.4532,0.4474,,0.4556,0.4452,0.4452,0.4474,0.4474,0.4507,0.4491,0.4474,0.4419,0.4459,0.4459,0.4448,0.4449,0.4524,0.4491,0.4507,0.4474,0.4439,0.4469,0.4469,0.4463,0.4469,0.4485,0.4563,0.4491,0.4479,,,2026-04-06,2.1,,0.444,,2.1,,0.4507,,,,,,2.13,0.449,Polymarket,2.22,2.0,Not Found
990a59a7449ed13a05090cf52c0e8d90,baseball_mlb,MLB,2026-04-06T22:46:00Z,2026-04-06T21:27:14Z,St. Louis Cardinals @ Washington Nationals,Washington Nationals,1.98,1.92,1.94,,1.95,1.92,1.92,2.04,1.95,1.94,1.93,2.0,2.04,2.04,2.04,1.98,2.02,1.96,1.91,1.94,1.93,2.03,1.98,1.98,1.94,1.98,1.99,2.04,2.0,1.93,,,0.4837,0.4887,0.4889,,0.489,0.4945,0.4945,0.4887,0.489,0.4918,0.4931,0.4909,0.4887,0.4847,0.4847,0.4935,0.4911,0.4848,0.4915,0.4918,0.4917,0.4899,0.4935,0.4935,0.4918,0.4935,0.4922,0.486,0.4722,0.4917,,,2026-04-06,1.97,,0.476,,1.95,,0.4876,,,,,,1.98,0.4851,Polymarket,2.04,2.0,Not Found
e2cd44cf555ed326cfece44718e6233a,soccer_argentina_primera_division,Primera División - Argentina,2026-04-06T22:00:00Z,2026-04-06T21:27:14Z,Banfield @ Argentinos Juniors,Argentinos Juniors,1.59,1.6,1.64,1.65,1.69,1.68,1.68,1.71,1.67,1.56,1.5,1.69,1.7,,1.67,,,,,,1.56,,1.67,1.67,1.7,,1.67,,,1.64,1.65,,0.6018,0.5781,0.5766,0.5738,0.5692,0.5726,0.5726,0.5826,0.578,0.6193,0.6305,0.5798,0.5864,,0.5891,,,,,,0.6193,,0.5824,0.5824,0.5661,,0.5763,,,0.5856,0.5801,,2026-04-06,,,,,1.62,1.66,0.5813,0.5788,,,,,,,,,3.0,Not Found
479832d80b884a38e48c830266b6238e,basketball_ncaab,NCAAB,2026-04-07T00:50:00Z,2026-04-07T00:01:52Z,UConn Huskies @ Michigan Wolverines,Michigan Wolverines,1.34,,,,1.31,1.28,1.28,1.35,1.35,,1.32,1.34,,1.35,,,1.36,1.32,,1.32,1.32,1.35,1.32,1.32,1.32,1.32,1.35,1.34,1.29,1.34,,,0.7239,,,,0.7428,0.7436,0.7436,0.7352,0.7189,,0.7273,0.7342,,0.7352,,,0.7336,0.7317,,0.7295,0.7295,0.7352,0.7391,0.7391,0.7379,0.7391,0.707,0.7335,0.7447,0.7097,,,2026-04-07,,,,,,,,,1.2,,,,1.34,0.7212,Polymarket,1.35,2.0,Not Found
14dede373d304abbddc590d2bcc81e4e,basketball_nba,NBA,2026-04-07T00:10:00Z,2026-04-07T00:01:52Z,Philadelphia 76ers @ San Antonio Spurs,San Antonio Spurs,1.28,1.25,1.28,1.23,1.27,1.28,1.28,1.3,1.27,1.28,1.26,1.29,1.29,1.3,1.3,1.28,1.3,1.27,1.25,1.28,1.27,1.29,1.27,1.27,1.28,1.27,1.33,1.31,1.25,1.3,1.27,,0.7624,0.7667,0.7656,0.7676,0.7687,0.7555,0.7555,0.7656,0.7671,0.7624,0.7635,0.7591,0.7713,0.7647,0.7647,0.7624,0.7656,0.7687,0.775,0.7624,0.7621,0.7699,0.7674,0.769,0.759,0.7671,0.7415,,0.775,0.7473,0.7671,,2026-04-07,1.25,1.27,0.7684,0.7638,1.27,1.26,0.7621,0.7718,1.24,,0.7681,,1.26,0.7673,Polymarket,1.3,2.0,Not Found
fa9062a60703687e203bdcedda8c1441,soccer_brazil_serie_b,Brazil Série B,2026-04-07T00:00:00Z,2026-04-07T00:01:52Z,Criciuma @ Goiás,Criciuma,3.4,,,,3.5,3.5,3.5,4.2,3.65,3.65,3.75,3.94,4.1,,,,,3.5,3.6,3.75,,,3.9,3.9,,3.9,,,3.75,3.72,,,0.2666,,,,0.2442,0.2509,0.2509,0.2319,0.2517,0.2495,0.2315,0.2403,0.2426,,,,,0.254,0.2369,0.2315,,,0.2424,0.2424,,0.2344,,,0.2374,0.2423,,,2026-04-07,3.8,3.7,0.2303,0.2403,,,,,,,,,,,,,3.0,Not Found
76e52ccb4140e4936de62dbadae0808d,basketball_nba,NBA,2026-04-07T01:10:00Z,2026-04-07T03:26:43Z,Portland Trail Blazers @ Denver Nuggets,Denver Nuggets,2.02,2.2,2.15,2.22,1.98,3.15,2.6,2.28,1.95,2.1,2.08,8.09,2.2,2.27,2.17,2.29,2.46,3.3,2.5,2.1,2.3,2.09,,,8.0,,,,,,,,0.465,0.3801,0.4277,0.4068,0.4747,0.2884,0.3498,0.4352,0.4786,0.4405,0.4428,0.0945,,0.4346,,0.4058,0.3946,0.2669,0.3732,0.4405,0.3969,0.4103,,,0.0952,,,,,,,,2026-04-07,2.3,,0.3948,,,,,,2.23,,0.3995,,2.5,0.3667,Polymarket,2.27,2.0,Not Found
a0b52e580e302aed0204ec58d9144937,baseball_npb,NPB,2026-04-07T05:00:00Z,2026-04-07T05:26:34Z,Saitama Seibu Lions @ Fukuoka SoftBank Hawks,Fukuoka SoftBank Hawks,1.4,,,,1.4,1.44,1.44,,1.41,,,1.46,,,,,,1.44,1.4,,1.64,,,,1.48,,,,1.53,,,,0.6847,,,,0.672,0.662,0.662,,0.6792,,,0.6524,,,,,,0.6549,0.6663,,0.569,,,,0.6455,,,,0.633,,,,2026-04-07,1.4,,0.672,,,,,,1.57,,0.5758,,1.4,0.6685,,,2.0,Not Found
7fc92a5423c624e0e47e41e56dfb5f2d,baseball_npb,NPB,2026-04-07T09:00:00Z,2026-04-07T06:53:13Z,Chunichi Dragons @ Yokohama DeNA BayStars,Chunichi Dragons,1.91,,,,1.87,1.88,1.88,,1.89,,,1.93,,,,,,1.89,1.85,,1.83,,1.89,1.89,1.87,1.93,1.91,,1.91,,1.85,,0.5,,,,0.5056,0.5055,0.5055,,0.5055,,,0.504,,,,,,0.5041,0.5,,0.5142,,0.5055,0.5055,0.5,0.4917,0.5054,,0.5,,0.5,,2026-04-07,1.9,,0.4854,,1.83,,0.5015,,1.83,,0.5142,,1.86,0.5029,,,2.0,Not Found
061062440a65de0ea94e6def7362c813,baseball_npb,NPB,2026-04-07T09:00:00Z,2026-04-07T06:53:13Z,Tokyo Yakult Swallows @ Hanshin Tigers,Tokyo Yakult Swallows,2.94,,,,2.9,2.8,2.8,,2.9,,,2.9,,,,,,2.93,2.75,,2.85,,2.92,2.92,2.8,2.81,2.87,,2.9,,2.75,,0.3155,,,,0.3153,0.3337,0.3337,,0.3228,,,0.3276,,,,,,0.316,0.3247,,0.3208,,0.3216,0.3216,0.3265,0.3331,0.3294,,0.3228,,0.3247,,2026-04-07,2.85,,0.3105,,2.7,,0.3255,,2.85,,0.3208,,2.78,0.3252,,,2.0,Not Found
73611337ba517472d2f1a329fa4d47ba,baseball_npb,NPB,2026-04-07T09:00:00Z,2026-04-07T06:53:13Z,Hokkaido Nippon-Ham Fighters @ Tohoku Rakuten Golden Eagles,Tohoku Rakuten Golden Eagles,2.22,,,,2.1,2.15,2.15,,2.2,,,2.26,,,,,,2.17,2.1,,2.15,,2.28,2.28,2.2,2.12,2.21,,2.19,,2.15,,0.4258,,,,0.4422,0.4384,0.4384,,0.4332,,,0.4271,,,,,,0.4363,0.4387,,0.4332,,0.4217,0.4217,0.4242,0.4417,0.4338,,0.4359,,0.4239,,2026-04-07,,,,,2.1,,0.4295,,2.15,,0.4332,,2.16,0.4285,,,2.0,Not Found
0c5ab878623b41cda6a9a5ec68705487,soccer_australia_aleague,A-League,2026-04-07T09:00:00Z,2026-04-07T08:10:05Z,Central Coast Mariners @ Melbourne City,Draw,,4.3,4.5,,4.5,4.45,4.45,5.0,4.6,4.5,4.5,4.63,5.0,,5.0,4.57,,4.5,4.4,4.5,,,4.7,4.7,,4.7,,,4.4,4.65,4.6,,,0.1879,0.1894,,0.196,0.2017,0.2017,0.1982,0.1971,0.1974,0.2008,0.2038,0.1982,,0.1963,0.1992,,0.2084,0.1912,0.1974,,,0.2021,0.2021,,0.1911,,,0.1912,0.1911,0.1908,,2026-04-07,,4.6,,0.1993,4.4,,0.19,,4.2,,0.1912,,,,,,3.0,Not Found
78d2ea8b5d5e5b18813a78a18ddad1dc,tennis_atp_monte_carlo_masters,ATP Monte-Carlo Masters,2026-04-07T09:00:00Z,2026-04-07T09:20:13Z,Luciano Darderi @ Hubert Hurkacz,Luciano Darderi,2.0,1.88,1.84,1.6,1.91,2.0,2.0,1.9,2.01,2.08,1.89,1.38,2.02,,,,1.92,1.9,1.8,1.95,,2.09,1.39,1.39,2.0,,,,,,,,0.4768,0.4786,0.5058,0.5778,0.4886,0.4722,0.4722,0.5228,0.4679,0.4547,0.4852,0.7099,0.4898,,,,0.4872,0.5,0.516,0.4861,,0.4704,0.6989,0.6989,0.4768,,,,,,,,2026-04-07,1.8,,0.5214,,,,,,1.77,,0.5093,,,,,,2.0,Not Found
ef4b31e671dd3d0e68a346699c9e071c,tennis_atp_monte_carlo_masters,ATP Monte-Carlo Masters,2026-04-07T09:08:00Z,2026-04-07T09:20:13Z,Grigor Dimitrov @ Tomas Martin Etcheverry,Grigor Dimitrov,2.0,1.86,1.9,2.38,1.91,2.2,1.95,2.32,1.95,1.81,1.97,2.61,2.12,,,,1.98,2.05,2.0,2.05,,1.84,2.47,2.47,2.0,,,,,,,,0.4722,0.4879,0.4884,0.3722,0.4886,0.4242,0.4861,0.4298,0.4832,0.5262,0.4614,0.369,0.4452,,,,0.4732,0.4661,0.461,0.4614,,0.5325,0.388,0.388,0.4768,,,,,,,,2026-04-07,2.0,,0.4643,,,,,,1.93,,0.4614,,,,,,2.0,Not Found
7000ea191ef1fc2c2addd66c56658ee8,baseball_kbo,KBO,2026-04-07T09:30:00Z,2026-04-07T09:20:13Z,KT Wiz @ Lotte Giants,Lotte Giants,2.28,,,,2.2,2.45,2.45,,2.2,,,2.24,,,,,,2.33,,,2.35,,2.35,2.35,2.2,,2.29,,2.2,,2.15,,0.4125,,,,0.4242,0.3876,0.3876,,0.4332,,,0.422,,,,,,0.404,,,0.3923,,0.4097,0.4097,0.4242,,0.4242,,0.4186,,0.4239,,2026-04-07,2.3,,0.3948,,2.1,,0.4196,,,,,,2.21,0.4176,,,2.0,Not Found
20d388017dbb83a0bd7192c098ad7ed2,baseball_kbo,KBO,2026-04-07T09:30:00Z,2026-04-07T10:31:57Z,LG Twins @ NC Dinos,NC Dinos,1.88,,,,1.87,,,,1.8,,,2.04,,,,,,,,,1.83,,,,1.8,,,,2.05,,,,0.5,,,,0.4971,,,,0.5214,,,0.461,,,,,,,,,0.5058,,,,0.5214,,,,0.4498,,,,2026-04-07,1.9,,0.4854,,,,,,,,,,1.85,0.5,,,2.0,Not Found
14ab9176ec2c12fdbc8208ee3ffc2b2c,tennis_atp_monte_carlo_masters,ATP Monte-Carlo Masters,2026-04-07T10:45:00Z,2026-04-07T10:31:57Z,Ethan Quinn @ Terence Atmane,Terence Atmane,2.08,2.1,2.2,2.18,2.1,2.17,2.17,2.3,2.13,2.18,2.18,2.19,2.3,,,2.19,2.24,2.18,2.1,2.18,,,2.16,2.16,2.15,,2.17,,2.1,,2.1,,0.4595,0.4405,0.4366,0.4387,0.4457,0.4363,0.4363,0.43,0.4457,0.4317,0.4317,0.4426,0.43,,,0.4359,0.4274,0.4436,0.4491,0.4317,,,0.4441,0.4441,0.4402,,0.4397,,0.4491,,0.4351,,2026-04-07,2.1,,0.4351,,2.1,,0.4405,,2.12,,0.4328,,,,,,2.0,Not Found
5b22b26e7018c957a1552db6595a58c2,tennis_atp_monte_carlo_masters,ATP Monte-Carlo Masters,2026-04-07T13:25:00Z,2026-04-07T12:40:04Z,Alexandre Muller @ Corentin Moutet,Corentin Moutet,1.5,1.52,1.56,1.52,1.5,1.54,1.54,1.56,1.52,1.5,1.5,1.55,1.56,,,1.54,1.54,1.57,1.57,1.5,,1.56,1.53,1.53,1.54,,1.54,,1.57,,,,0.6439,0.6289,0.6244,0.6381,0.6365,0.6239,0.6239,0.6367,0.6329,0.6373,0.6373,0.6317,0.6367,,,0.6255,0.636,0.6224,0.6084,0.6373,,0.6353,0.636,0.636,0.6286,,0.6286,,0.6084,,,,2026-04-07,1.47,,0.6401,,1.54,,0.6247,,1.48,,0.6378,,,,,,2.0,Not Found
a816f1ac9e419ef13af086af0d92d78c,cricket_ipl,IPL,2026-04-07T14:00:00Z,2026-04-07T12:40:04Z,Mumbai Indians @ Rajasthan Royals,Mumbai Indians,,,,,,,1.6,1.75,1.59,1.7,1.7,1.66,1.75,,,1.62,,,,,,,1.67,1.67,,,,,1.67,1.64,,,,,,,,,0.5744,0.5683,0.6017,0.5616,0.5616,0.5819,0.5683,,,0.5893,,,,,,,0.582,0.582,,,,,0.5721,0.569,,,2026-04-07,,,,,,,,,,,,,,,,,2.0,Not Found
289c9ddcf337dbbeb76e9e1e9344564c,tennis_atp_monte_carlo_masters,ATP Monte-Carlo Masters,2026-04-07T15:00:00Z,2026-04-07T12:40:04Z,Alex de Minaur @ Cameron Norrie,Alex de Minaur,1.43,1.42,1.43,1.45,1.4,1.44,1.44,1.47,1.44,1.44,1.44,1.45,1.47,,,1.43,1.46,1.45,1.4,1.44,,1.48,1.45,1.45,1.44,,1.44,,1.4,,1.4,,0.6772,0.6767,0.6802,0.6694,0.6847,0.6718,0.6718,0.6735,0.6705,0.6654,0.6654,0.6748,0.6735,,,0.6736,0.673,0.6753,0.6847,0.6654,,0.6712,0.6688,0.6688,0.6718,,0.6742,,0.6847,,0.6753,,2026-04-07,1.4,,0.672,,1.44,,0.6718,,1.42,,0.6669,,,,,,2.0,Not Found
91eafaed1e74a47b5e9fb192f625a155,icehockey_liiga,Liiga,2026-04-07T15:30:00Z,2026-04-07T12:40:04Z,HPK @ Tappara,Tappara,,1.36,1.4,1.38,,1.23,1.23,,1.28,1.42,1.47,1.21,,,,,,1.45,1.25,1.42,1.23,,,,,,1.4,,1.25,,1.4,,,,,,,0.7929,0.7929,,0.7608,,,0.7945,,,,,,,0.775,,0.7916,,,,,,,,0.775,,,,2026-04-07,,,,,,,,,1.35,,,,,,,,2.0,Not Found
6065cf3360d877ff2b8ce657f9fc964e,icehockey_liiga,Liiga,2026-04-07T15:30:00Z,2026-04-07T14:14:48Z,Pelicans @ KooKoo,KooKoo,,1.52,1.56,1.53,,1.38,1.38,,1.38,1.62,1.67,1.31,,,,,,1.7,1.36,1.62,1.32,,,,,,1.56,,1.36,,1.55,,,,,,,0.7036,0.7036,,0.7036,,,0.7346,,,,,,,0.7064,,0.7339,,,,,,,,0.7064,,,,2026-04-07,,,,,1.54,,,,1.54,,,,,,,,2.0,Not Found
c049b4232f8e08647c06a1c393b7d122,basketball_euroleague,Basketball Euroleague,2026-04-07T16:00:00Z,2026-04-07T14:14:48Z,Fenerbahce SK @ Hapoel Tel Aviv,Hapoel Tel Aviv,1.78,1.76,1.82,,1.77,1.78,1.78,1.86,1.8,1.74,1.73,1.83,1.82,,,1.76,,1.81,1.75,1.74,1.74,,1.83,1.83,1.83,1.83,1.82,,1.78,1.79,1.8,,0.5382,0.5264,0.5247,,0.5386,0.5358,0.5358,0.5284,0.5339,0.5515,0.5486,0.5269,0.532,,,0.5366,,0.5287,0.5418,0.5515,0.5493,,0.5232,0.5232,0.5232,0.5015,0.532,,0.5405,0.5366,0.5278,,2026-04-07,,1.73,,0.5378,,,,,1.7,,0.5502,,1.73,0.5378,,,2.0,Not Found
08a04c6f864e734c2adb8d0c45562d5a,icehockey_sweden_allsvenskan,HockeyAllsvenskan,2026-04-07T17:00:00Z,2026-04-07T14:14:48Z,BIK Karlskoga @ Modo Hockey,Modo Hockey,,,,,,1.73,1.73,,,2.14,2.14,1.7,,,,,,2.2,,2.14,,,,,,,2.18,,,2.16,,,,,,,,,,,,0.4443,0.4443,,,,,,,0.4381,,0.4443,,,,,,,0.4289,,,0.4303,,,2026-04-07,,,,,,,,,,,,,,,,,3.0,Not Found
f2d5a1dbba11955502f981ad9a20fbfd,soccer_norway_eliteserien,Eliteserien - Norway,2026-04-07T17:00:00Z,2026-04-07T16:42:26Z,Fredrikstad FK @ Aalesund,Aalesund,2.4,2.2,2.3,2.15,2.4,2.45,2.45,2.5,2.4,2.45,2.43,2.47,2.52,,,2.44,,2.48,,2.45,2.43,,2.5,2.5,2.35,2.35,2.47,,2.4,2.41,2.35,,0.3947,0.4076,0.4011,0.418,0.3901,0.389,0.389,0.3973,0.396,0.3876,0.3884,0.3936,0.3952,,,0.3911,,0.393,,0.3876,0.3884,,0.39,0.39,0.396,0.4035,0.3893,,0.3858,0.3907,0.3946,,2026-04-07,2.35,2.32,0.396,0.3983,2.2,2.45,0.4087,0.3916,2.3,,0.3908,,,,,,3.0,Not Found
95a16597d403bb13fddde04905e90031,soccer_poland_ekstraklasa,Ekstraklasa - Poland,2026-04-07T17:00:00Z,2026-04-07T17:42:41Z,Zagłębie Lubin @ Arka Gdynia,Arka Gdynia,1.36,1.37,1.38,1.35,1.36,1.36,1.36,1.47,1.4,1.36,1.32,1.45,1.47,,1.41,,,1.4,1.4,1.36,,,,,1.38,,,,,,,,0.7049,0.6894,0.6917,0.6954,0.6942,0.6934,0.6934,0.6766,0.6929,0.7041,0.7136,0.6672,0.6766,,0.6862,,,0.6892,0.6814,0.7041,,,,,0.6954,,,,,,,,2026-04-07,1.35,,0.708,,,,,,1.27,,,,,,,,3.0,Not Found
9ade1ff9856d8ee3a9b93615e66168ce,basketball_euroleague,Basketball Euroleague,2026-04-07T18:30:00Z,2026-04-07T17:42:41Z,Panathinaikos @ FC Barcelona Bàsquet,Panathinaikos,1.68,1.62,1.68,,1.65,1.68,1.68,1.73,1.68,1.68,1.68,1.67,1.67,,,1.65,,1.66,1.66,1.68,1.68,,1.68,1.68,1.67,1.67,1.72,,1.66,1.62,1.62,,0.5703,0.5705,0.5703,,0.5808,0.5683,0.5683,0.5753,0.5744,0.5703,0.5672,0.5801,0.5839,,,0.5758,,0.577,0.579,0.5703,0.5703,,0.5783,0.5783,0.5772,0.5602,0.5624,,0.5819,0.595,0.5864,,2026-04-07,,,,,,,,,1.65,,0.5694,,1.65,0.5661,,,2.0,Not Found
79ed4e5f8b7492c7e8c3228edefaf4c5,soccer_denmark_superliga,Denmark Superliga,2026-04-07T17:00:00Z,2026-04-07T18:39:38Z,Brondby IF @ FC Nordsjaelland,Draw,,1.62,1.6,1.65,1.54,1.6,1.6,1.75,1.67,1.62,1.57,1.71,1.69,,,,,1.62,1.6,1.62,,,,,,,,,,,,,,0.5714,0.5894,0.5768,0.6075,0.5925,0.5925,0.5692,0.5767,0.5917,0.6023,0.5643,0.5793,,,,,0.5917,0.5884,0.5917,,,,,,,,,,,,,2026-04-07,,,,,,,,,1.48,1.7,,0.5639,,,,,3.0,Not Found
5fa8fc58a9665f60503f3e5f18cd80f5,icehockey_sweden_hockey_league,SHL,2026-04-07T17:01:00Z,2026-04-07T18:39:38Z,Luleå HF @ Skellefteå AIK,Skellefteå AIK,,1.25,1.25,,,1.14,1.14,,,1.32,1.29,1.11,,,1.16,,,1.29,1.1,1.27,,,,,,,,,,,,,,0.7595,0.7651,,,,,,,0.7418,0.7495,,,,,,,0.7538,,0.7567,,,,,,,,,,,,,2026-04-07,,,,,,,,,1.25,,0.7631,,,,,,3.0,Not Found
cdbfd5e28cb2a7740714cfb069042ee5,baseball_mlb,MLB,2026-04-07T17:12:00Z,2026-04-07T18:39:38Z,Kansas City Royals @ Cleveland Guardians,Kansas City Royals,2.1,1.96,2.1,,2.18,2.19,2.14,2.06,2.03,2.14,2.06,1.56,2.04,,2.27,2.16,2.25,2.2,2.05,2.14,2.08,2.22,,,2.1,,,,,,,,0.4457,0.461,0.444,,0.43,0.4178,0.4288,0.4739,0.4606,0.4412,0.4415,0.6213,0.4246,,0.4296,0.4374,0.4228,0.4332,0.4445,0.4412,0.4428,0.4068,,,0.4422,,,,,,,,2026-04-07,2.1,,0.4351,,,,,,,,,,2.0,0.4722,,,2.0,Not Found
59588b6ac97dcdf15b4de0652d9aebca,soccer_uefa_champs_league,UEFA Champions League,2026-04-07T19:00:00Z,2026-04-07T18:39:38Z,Arsenal @ Sporting Lisbon,Sporting Lisbon,4.4,4.2,4.3,4.4,4.2,4.5,4.5,4.7,4.3,4.5,4.5,4.49,4.7,,,,,4.65,4.0,4.5,4.4,,4.22,4.22,,4.25,4.49,,4.0,4.5,4.33,,0.2096,0.2122,0.2131,0.2167,0.2173,0.2094,0.2094,0.2113,0.2149,0.2129,0.2067,0.2149,0.2115,,,,,0.2078,0.2253,0.2141,0.2068,,0.2251,0.2251,,0.2192,0.2179,,0.2253,0.2102,0.2132,,2026-04-07,,4.3,,0.2159,4.4,4.3,0.2169,0.2141,4.4,4.3,0.2153,0.2143,,,,,3.0,Not Found
6ed0245ac5f0e5119caae51525d3b293,baseball_ncaa,NCAA Baseball,2026-04-07T21:30:00Z,2026-04-07T19:43:56Z,Louisville Cardinals @ Kentucky Wildcats,Louisville Cardinals,2.36,,,,2.35,,,,2.35,,,,,,,,2.51,,,,2.33,,2.39,2.39,2.3,2.4,2.27,,,,,,0.3914,,,,0.3943,,,,0.3943,,,,,,,,0.3766,,,,0.392,,0.3887,0.3887,0.4029,0.3878,0.4058,,,,,,2026-04-07,,,,,,,,,,,,,2.3,0.3989,,,2.0,Not Found
b39702eb7039580f52c2382eb2b7d537,soccer_conmebol_copa_libertadores,Copa Libertadores,2026-04-07T22:00:00Z,2026-04-07T20:28:41Z,Fluminense-RJ @ Deportivo La Guaira,Deportivo La Guaira,,5.0,5.3,5.4,,5.9,5.9,7.4,,,6.1,6.24,,,,5.9,,6.0,5.75,6.1,6.1,,6.35,6.35,6.0,6.24,6.22,,5.8,6.05,6.0,,,0.1522,0.1556,0.1451,,0.1441,0.1441,0.1325,,,0.1417,0.142,,,,0.1421,,0.1498,0.1442,0.143,0.1442,,0.1403,0.1403,0.1499,0.142,0.1474,,0.1445,0.1413,0.1435,,2026-04-07,,5.6,,0.1488,5.3,,0.1432,,6.0,6.0,0.1342,0.1435,,,,,3.0,Not Found
60f04be9ddd5105e10aa2fb477a3258a,baseball_mlb,MLB,2026-04-07T20:11:00Z,2026-04-07T21:25:25Z,Arizona Diamondbacks @ New York Mets,New York Mets,1.19,1.18,1.18,,1.13,1.15,1.15,1.16,1.16,1.14,1.13,,1.16,,1.18,1.19,1.17,1.16,1.15,1.14,1.13,1.16,,,1.15,,,,,,,,0.8115,0.8126,0.8196,,0.8555,0.8302,0.8302,0.8417,0.8282,0.8493,0.8425,,0.8349,,0.8437,0.8156,0.8279,0.833,0.8237,0.8493,0.8444,0.8409,,,0.8348,,,,,,,,2026-04-07,1.15,,0.8284,,,,,,,,,,1.14,0.8477,,,2.0,Not Found
57bccd9d9536c9d091e9db3fcb9170e0,baseball_ncaa,NCAA Baseball,2026-04-07T22:00:00Z,2026-04-07T21:25:25Z,Charleston Southern Buccaneers @ The Citadel Bulldogs,The Citadel Bulldogs,2.04,,,,2.05,,,,2.05,,,,,,,,2.07,,,,2.07,,,,2.05,,2.01,,,,,,0.461,,,,0.4565,,,,0.4565,,,,,,,,0.4558,,,,0.4474,,,,0.4565,,0.463,,,,,,2026-04-07,,,,,,,,,,,,,2.02,0.4602,,,2.0,Not Found
6b3fcb8f2f3bf858ebcddeae157da1b4,soccer_conmebol_copa_libertadores,Copa Libertadores,2026-04-07T22:00:00Z,2026-04-07T21:25:25Z,Club Bolívar @ Independiente Rivadavia,Club Bolívar,,5.3,5.6,5.75,,6.4,6.4,7.2,,,7.0,7.08,,,,6.6,,6.5,6.5,7.0,7.0,,7.05,7.05,,7.05,6.89,,6.5,6.7,6.75,,,0.1431,0.1466,0.1349,,0.1309,0.1309,0.1354,,,0.1197,0.1268,,,,0.1375,,0.1372,0.1189,0.1197,0.1214,,0.1258,0.1258,,0.1258,0.1307,,0.1189,0.1252,0.1209,,2026-04-07,,5.8,,0.1422,5.6,,0.1326,,6.75,6.8,0.1165,0.1233,,,,,3.0,Not Found
4e212f8cfa8733c28a6cb63e23dc10ac,soccer_conmebol_copa_sudamericana,Copa Sudamericana,2026-04-07T22:00:00Z,2026-04-07T21:25:25Z,Racing Club @ Club Independiente Petrolero,Club Independiente Petrolero,,,,,,,,5.6,5.0,,5.4,5.19,5.8,,,,,5.32,4.6,5.6,,,,,4.9,,5.2,,4.8,,,,,,,,,,,0.1731,0.1793,,0.1515,0.1747,0.1701,,,,,0.1713,0.1886,0.1586,,,,,0.1833,,0.1679,,0.1774,,,,2026-04-07,,,,,4.4,,0.18,,,,,,,,,,3.0,Not Found
e440fd8b09253d79ba352bc2c5ae663c,baseball_ncaa,NCAA Baseball,2026-04-07T22:00:00Z,2026-04-07T21:25:25Z,Duke Blue Devils @ East Carolina Pirates,East Carolina Pirates,1.52,,,,1.53,,,,1.62,,,,,,,,1.57,,,,1.49,,1.53,1.53,1.61,1.53,1.54,,,,,,0.6289,,,,0.6227,,,,0.5854,,,,,,,,0.6084,,,,0.634,,0.6235,0.6235,0.5883,0.6227,0.6146,,,,,,2026-04-07,,,,,,,,,,,,,1.52,0.6223,,,2.0,Not Found
660c566714121ac9d1b5037e8db30dab,soccer_conmebol_copa_sudamericana,Copa Sudamericana,2026-04-07T22:02:00Z,2026-04-07T22:04:30Z,Vasco da Gama @ Barracas Central,Draw,,,,,,,3.2,3.15,3.05,,3.1,3.12,3.05,,,,,3.0,2.9,3.2,,,,,3.05,,3.21,,2.9,,,,,,,,,,0.284,0.3145,0.3059,,0.2902,0.3038,,,,,,0.3088,0.3075,0.2935,,,,,0.3044,,0.3018,,0.3108,,,,2026-04-07,,,,,2.9,,0.2952,,,,,,,,,,3.0,Not Found
bde40f819599e65e652b610e8d432443,icehockey_nhl,NHL,2026-04-07T23:00:00Z,2026-04-07T22:56:10Z,Tampa Bay Lightning @ Ottawa Senators,Tampa Bay Lightning,2.16,2.75,2.7,2.63,2.1,2.18,2.18,,2.2,2.88,2.88,2.23,2.32,2.33,2.33,2.2,2.35,2.85,,2.85,2.15,2.32,2.21,2.21,2.12,2.2,2.81,,2.2,2.83,2.2,,,0.3337,0.3383,0.3468,,,,,,0.3362,0.3362,,,,,,,0.3347,,0.3349,,,,,,,0.34,,,0.3378,,,2026-04-07,2.75,2.75,0.3414,0.3329,2.8,2.2,0.3314,,2.65,,0.3369,,2.12,,Polymarket,2.33,3.0,Not Found
a028589ce492c9027a1dcaf75f436276,baseball_mlb,MLB,2026-04-07T22:46:00Z,2026-04-07T22:56:10Z,Milwaukee Brewers @ Boston Red Sox,Boston Red Sox,1.57,1.54,1.58,,1.59,1.57,1.57,1.61,1.52,1.56,1.53,1.66,1.53,1.59,1.67,1.57,1.6,1.6,1.5,1.56,1.51,1.62,1.65,1.65,1.53,1.66,,1.69,1.62,1.61,,,0.6066,0.6025,0.6037,,0.6017,0.6001,0.6001,0.6073,0.6265,0.6122,0.6094,0.5929,0.6075,0.6244,0.5945,0.6119,0.6024,0.6042,0.625,0.6122,0.621,0.607,0.5938,0.5938,0.6227,0.5893,,0.5909,0.5913,0.5941,,,2026-04-07,1.5,,0.625,,1.6,,0.5951,,,,,,1.55,0.6142,Polymarket,1.59,2.0,Not Found
c8c5fb2bd5f0be83e4b00cec09880f04,icehockey_nhl,NHL,2026-04-08T00:00:00Z,2026-04-07T23:50:51Z,Calgary Flames @ Dallas Stars,Calgary Flames,3.05,4.0,3.95,,3.0,2.95,2.95,,3.1,4.5,4.5,3.12,3.2,3.23,3.23,3.05,3.3,4.3,,4.4,3.05,3.2,3.08,3.08,3.1,3.03,4.26,3.25,2.9,4.2,3.0,,,0.2192,0.2248,,,,,,,0.2112,0.2112,,,,,,,0.2163,,0.2102,,,,,,,0.225,,,0.2227,,,2026-04-08,4.3,4.0,0.2106,0.2192,4.1,2.95,0.2173,,4.1,,0.2023,,2.97,,Polymarket,3.23,3.0,Not Found
d669fae8ce6b2ba2ca97fb61dc09e2ce,basketball_nba,NBA,2026-04-07T23:41:00Z,2026-04-07T23:50:51Z,Milwaukee Bucks @ Brooklyn Nets,Brooklyn Nets,2.08,1.82,1.96,1.77,1.95,1.84,1.87,2.02,1.91,2.08,1.96,1.94,2.14,2.04,2.13,1.81,1.99,1.8,1.8,2.02,1.97,2.0,2.0,2.02,1.91,2.0,,,2.1,,2.0,,0.453,,0.4947,0.5179,0.4832,0.5086,0.5,0.4924,0.4886,0.453,0.4726,0.486,0.4634,0.4847,0.4645,0.5224,0.4853,0.5214,0.5278,0.4697,0.4729,0.4768,0.4768,0.4773,0.4886,0.4768,,,0.4491,,0.4768,,2026-04-07,1.9,,0.4854,,,2.05,,0.4661,1.92,,0.4714,,1.9,0.4929,Polymarket,2.04,2.0,Not Found
be5171067867c61067c779345515c72d,basketball_nba,NBA,2026-04-07T23:10:00Z,2026-04-07T23:50:51Z,Minnesota Timberwolves @ Indiana Pacers,Minnesota Timberwolves,1.03,1.02,1.03,1.01,1.02,,,1.06,1.02,1.04,1.02,1.04,1.06,1.06,1.06,1.04,1.05,1.03,1.03,1.03,1.03,1.06,,,1.05,,,,,,,,0.9423,0.9517,0.9521,0.9463,0.9517,,,0.9332,0.9589,0.9353,0.9447,0.9379,0.9372,0.9367,0.9317,0.933,0.9347,0.942,0.947,0.947,0.94,0.93,,,0.9262,,,,,,,,2026-04-07,1.03,,0.9299,,,,,,,,,,1.04,0.932,Polymarket,1.06,2.0,Not Found
4a177e2bec4410c1b28bd4fe742a10c1,soccer_conmebol_copa_libertadores,Copa Libertadores,2026-05-01T00:00:00Z,2026-05-01T00:08:34Z,Peñarol Montevideo @ Corinthians-SP,Draw,,3.25,3.35,3.45,,3.3,3.3,3.9,,,3.35,3.78,,,,3.6,,3.6,3.4,3.45,,,3.68,3.68,3.5,3.7,3.61,,3.5,3.68,3.75,,,0.2636,0.2626,0.2611,,0.2713,0.2713,0.2531,,,0.2624,0.25,,,,0.2578,,0.2657,0.2559,0.2649,,,0.255,0.255,0.2643,0.2539,0.26,,0.2571,0.2475,0.2472,,2026-05-01,,3.5,,0.2553,3.3,,0.2534,,3.25,3.71,0.2614,0.2456,,,,,3.0,Not Found
c7b8faa4c378d15cf9d245686818ddad,rugbyleague_nrl,NRL,2026-05-01T08:00:00Z,2026-05-01T04:16:11Z,North Queensland Cowboys @ Canterbury Bulldogs,Draw,,21.0,22.0,,,18.0,18.0,,,,,,,,,,,,,,,,,,,,,,,23.0,,,,0.0098,0.0084,,,0.0323,0.0323,,,,,,,,,,,,,,,,,,,,,,,0.0145,,,2026-05-01,20.0,,0.0148,,,,,,,,,,,,,,3.0,Not Found
2dd2224200766d5f2cffc9ad0c32d7b9,baseball_kbo,KBO,2026-05-01T08:00:00Z,2026-05-01T04:16:11Z,Doosan Bears @ Kiwoom Heroes,Doosan Bears,1.76,,,,1.74,1.78,1.78,,1.77,1.76,1.76,1.76,,,,,,1.76,,,1.76,,1.77,1.77,1.74,,1.81,,1.73,,,,0.5437,,,,0.5435,0.537,0.537,,0.5386,0.5303,0.5303,0.5437,,,,,,0.5437,,,0.5303,,0.5444,0.5444,0.5435,,0.5393,,0.539,,,,2026-05-01,1.7,,0.5502,,1.68,,0.5412,,,,,,1.74,0.5411,,,2.0,Not Found
75b4084100422ab5f2f2a3bdeae36ebd,tennis_atp_madrid_open,ATP Madrid Open,2026-05-01T09:00:00Z,2026-05-01T04:16:11Z,Arthur Fils @ Jannik Sinner,Arthur Fils,5.8,5.4,5.7,5.2,5.25,5.4,5.4,6.8,5.44,5.0,5.0,6.04,6.8,,,5.56,6.37,5.7,5.0,5.0,5.0,,5.96,5.96,,5.5,5.56,,5.0,,,,0.1476,0.1578,0.1567,0.1614,0.1642,0.1616,0.1616,0.1462,0.1609,0.1726,0.1726,0.1554,0.1462,,,0.1626,0.1511,0.1604,0.1726,0.1726,0.1726,,0.1453,0.1453,,0.1523,0.1662,,0.1726,,,,2026-05-01,5.7,,0.1452,,5.6,,0.1545,,4.9,,0.171,,,,,,2.0,Not Found
2a126d3ca78a8d367e801a09fb584cf5,baseball_npb,NPB,2026-05-01T09:00:00Z,2026-05-01T04:16:11Z,Saitama Seibu Lions @ Chiba Lotte Marines,Saitama Seibu Lions,2.1,,,,2.1,2.1,2.1,,2.1,2.02,2.02,2.15,,,,,,2.05,2.0,,2.02,,2.05,2.05,2.1,1.95,2.12,,2.12,,,,0.4524,,,,0.4457,0.4524,0.4524,,0.4507,0.4602,0.4602,0.4501,,,,,,0.463,0.461,,0.4602,,0.4661,0.4661,0.4422,0.4786,0.4534,,0.4501,,,,2026-05-01,2.05,,0.4498,,1.98,,0.4549,,2.02,,0.4602,,2.05,0.4532,,,2.0,Not Found
ab2eca495efabb361462784a9fd0ac28,baseball_kbo,KBO,2026-05-01T08:02:14Z,2026-05-01T10:18:00Z,NC Dinos @ LG Twins,LG Twins,1.01,,,,1.01,,,,,1.01,,1.02,,,,,,,,,,,,,1.05,,,,,,,,0.9673,,,,0.9733,,,,,0.9758,,0.9585,,,,,,,,,,,,,0.9174,,,,,,,,2026-05-01,,,,,,,,,,,,,,,,,2.0,Not Found
8d5f8cf977113c20f86843dd950cbe79,baseball_npb,NPB,2026-05-01T09:00:19Z,2026-05-01T10:18:00Z,Yokohama DeNA BayStars @ Tokyo Yakult Swallows,Tokyo Yakult Swallows,1.07,,,,1.08,1.1,1.1,,1.1,1.09,,1.04,,,,,,1.08,1.1,,1.06,,,,1.1,,,,,,,,0.9032,,,,0.894,0.8776,0.8776,,0.8776,0.8725,,0.9382,,,,,,0.886,0.8776,,0.8855,,,,0.8776,,,,,,,,2026-05-01,1.07,,0.8904,,,,,,1.04,,,,,,,,2.0,Not Found
8041127ff5b275fbe694b4a226711730,soccer_china_superleague,Super League - China,2026-05-01T11:35:00Z,2026-05-01T10:18:00Z,Qingdao West Coast FC @ Shandong Luneng Taishan FC,Draw,4.6,4.5,4.8,,,4.65,4.65,4.8,4.8,4.25,4.2,4.82,4.8,,5.0,4.47,,4.5,4.33,4.25,4.25,,4.7,4.7,4.7,4.7,4.68,,4.33,4.55,4.4,,0.188,0.1764,0.1767,,,0.1873,0.1873,0.2024,0.1899,0.2059,0.2062,0.1922,0.2053,,0.193,0.2056,,0.2014,0.1978,0.2059,0.2059,,0.1931,0.1931,0.1904,0.1904,0.1973,,0.1983,0.1934,0.1912,,2026-05-01,4.5,4.6,0.193,0.1877,4.45,,0.1816,,,,,,,,,,3.0,Not Found
4953b731b432e4f559878d7fef423434,soccer_italy_serie_b,Serie B - Italy,2026-05-01T13:00:00Z,2026-05-01T11:35:27Z,Monza @ Mantova,Mantova,5.5,4.3,4.5,4.75,4.8,4.75,4.75,5.8,4.9,4.7,4.7,5.44,5.8,,,,,5.0,4.8,4.7,4.7,,4.9,4.9,5.15,5.15,4.84,,4.8,4.9,,,0.1562,0.1874,0.1893,0.1773,0.1837,0.1816,0.1816,0.1701,0.1844,0.1842,0.1818,0.1695,0.1701,,,,,0.184,0.1774,0.1842,0.1842,,0.1797,0.1797,0.1657,0.167,0.1842,,0.1774,0.1801,,,2026-05-01,5.2,5.0,0.1643,0.184,4.75,,0.1643,,4.5,,0.1765,,,,,,3.0,Not Found
63f72a0d9cf537616620b5b13fe7c135,soccer_italy_serie_b,Serie B - Italy,2026-05-01T13:00:00Z,2026-05-01T11:35:27Z,Reggiana @ Modena,Reggiana,5.3,4.5,4.8,5.0,5.0,5.15,5.15,5.5,5.0,5.3,5.3,5.46,5.5,,,,,5.25,4.8,5.3,5.3,,5.2,5.2,5.15,5.05,4.98,,4.8,5.05,,,0.1644,0.1761,0.1769,0.1664,0.1754,0.1679,0.1679,0.1802,0.1803,0.1567,0.1567,0.1693,0.1814,,,,,0.175,0.1763,0.1567,0.1567,,0.1679,0.1679,0.1654,0.1704,0.1781,,0.1776,0.1737,,,2026-05-01,5.2,5.2,0.1631,0.175,4.75,,0.1645,,5.1,,0.1494,,,,,,3.0,Not Found
6dd79f418a5db4c5846c048278e5bdda,soccer_italy_serie_b,Serie B - Italy,2026-05-01T13:00:00Z,2026-05-01T12:40:01Z,Virtus Entella @ Bari,Bari,3.1,2.8,2.9,2.82,3.0,3.0,3.0,3.4,3.15,2.75,2.75,3.42,3.4,,,,,2.95,3.0,2.75,2.75,,3.35,3.35,3.25,3.25,3.21,,3.0,3.2,,,0.2984,0.3103,0.3108,0.3148,0.308,0.3044,0.3044,0.2903,0.2986,0.3338,0.3338,0.28,0.2913,,,,,0.3218,0.3017,0.3338,0.3338,,0.2749,0.2749,0.2797,0.2797,0.2893,,0.3017,0.2888,,,2026-05-01,3.0,3.1,0.3037,0.306,2.85,,,,2.63,,0.3357,,,,,,3.0,Not Found
35dcb81bb69c20b6d68166e00df1ca95,soccer_italy_serie_b,Serie B - Italy,2026-05-01T13:00:00Z,2026-05-01T12:40:01Z,Pescara @ Padova,Padova,3.1,2.75,2.85,2.87,3.0,2.98,2.98,3.0,2.9,2.7,2.65,2.98,3.05,,,,,2.9,2.7,2.7,2.7,,3.0,3.0,2.88,2.85,3.06,,2.62,2.89,,,0.3024,0.3182,0.3162,0.3085,0.3094,0.3098,0.3098,0.3283,0.3248,0.3419,0.3453,0.3228,0.3247,,,,,0.3291,0.3392,0.3419,0.3419,,0.3093,0.3093,0.3194,0.322,0.3046,,0.3467,0.322,,,2026-05-01,2.85,3.05,0.3212,0.3108,2.8,,,,2.55,,0.3457,,,,,,3.0,Not Found
c66e9127e16c473443ae1f552bc5af60,baseball_ncaa,NCAA Baseball,2026-05-01T16:00:00Z,2026-05-01T16:13:43Z,Coastal Carolina Chanticleers @ Georgia Southern Eagles,Coastal Carolina Chanticleers,1.06,,,,1.06,,,,1.09,,,,,,,,1.08,,1.08,,1.06,,1.11,1.11,1.07,1.11,1.07,,,,,,0.9161,,,,0.9129,,,,0.892,,,,,,,,0.9024,,0.8915,,0.905,,0.8702,0.8702,0.9006,0.8657,0.8981,,,,,,2026-05-01,,,,,,,,,,,,,1.07,0.8997,,,2.0,Not Found
da793d7844e874536748c1681233babe,soccer_norway_eliteserien,Eliteserien - Norway,2026-05-01T16:00:00Z,2026-05-01T16:13:43Z,Rosenborg @ Viking FK,Rosenborg,16.0,14.5,15.0,12.25,13.5,14.0,14.0,22.0,15.0,13.0,13.0,7.35,22.0,,,6.48,,18.0,,13.0,,,6.6,6.6,15.0,6.45,6.88,,6.5,6.7,6.5,,0.033,0.0418,0.0342,0.0334,0.0401,0.037,0.037,0.0449,0.0437,0.0478,0.0349,0.1235,0.0409,,,0.1232,,0.0413,,0.0478,,,0.1299,0.1299,0.0409,0.1271,0.1273,,0.1276,0.125,0.1183,,2026-05-01,14.0,6.4,0.0387,0.1247,6.1,6.6,0.1176,0.1299,12.0,,,,,,,,3.0,Not Found
1e9dbb058dc5720f4bd34e336f98dc97,soccer_denmark_superliga,Denmark Superliga,2026-05-01T17:00:00Z,2026-05-01T16:13:43Z,FC Nordsjaelland @ Brondby IF,FC Nordsjaelland,3.0,2.7,2.85,2.85,2.9,3.0,,3.1,2.9,3.0,2.95,3.04,3.1,,,,,3.1,2.9,3.0,3.0,,3.0,3.0,2.9,2.85,2.96,,2.9,2.96,2.95,,0.3114,0.3235,0.3181,0.31,0.3205,0.3114,,0.3196,0.3227,0.3135,0.3105,0.3175,0.3196,,,,,0.3063,0.3119,0.3116,0.3116,,0.3132,0.3132,0.3168,0.3208,0.3153,,0.3119,0.3139,0.314,,2026-05-01,,,,,2.85,3.0,0.3076,0.3132,2.8,2.97,0.3112,0.3132,,,,,3.0,Not Found
4cebfa9987b86cc2a33b59a8cf2b4518,handball_germany_bundesliga,Handball-Bundesliga,2026-05-01T17:00:38Z,2026-05-01T17:16:15Z,MT Melsungen @ Rhein-Neckar Löwen,Draw,,9.0,10.0,9.5,,,,,,,,,,,,,,14.0,10.0,11.0,,,,,,,,,,,,,,,0.0686,0.0636,,,,,,,,,,,,,,0.0476,0.0527,0.0668,,,,,,,,,,,,,2026-05-01,11.0,8.2,0.0578,0.0932,,,,,9.5,,0.0606,,,,,,3.0,Not Found
ada2bb451fc0ea5f05480bc8a156aa49,handball_germany_bundesliga,Handball-Bundesliga,2026-05-01T18:00:00Z,2026-05-01T17:16:15Z,GWD Minden @ TBV Lemgo,TBV Lemgo,,1.05,1.07,1.07,,1.07,1.07,,,,,1.08,,,,,,1.08,1.06,1.09,,,,,,,,,,1.1,,,,0.9043,0.9089,0.9068,,0.9022,0.9022,,,,,,,,,,,0.8995,0.9015,0.8908,,,,,,,,,,0.8793,,,2026-05-01,1.05,,0.9229,,,,,,1.07,,0.8905,,,,,,3.0,Not Found
c116f35b1c25d6111f14485f3129b807,soccer_belgium_first_div,Belgium First Div,2026-05-01T18:45:00Z,2026-05-01T17:16:15Z,SV Zulte-Waregem @ Cercle Brugge KSV,SV Zulte-Waregem,,3.2,3.3,3.42,3.6,3.55,3.55,3.85,3.5,3.8,3.65,3.65,3.85,,3.7,,,3.5,3.4,3.8,3.7,,3.5,3.5,3.5,3.5,3.69,,,3.6,3.5,,,0.273,0.274,0.2653,0.2587,0.2615,0.2615,0.2544,0.264,0.2449,0.2449,0.2628,0.2554,,0.2635,,,0.2618,0.2597,0.2449,0.2456,,0.2654,0.2654,0.2616,0.2616,0.2556,,,0.2535,0.2615,,2026-05-01,,,,,3.5,3.5,0.2607,0.2654,3.6,3.53,0.2443,0.26,,,,,3.0,Not Found
32248ad614446ff9ecba4120375bb93d,baseball_mlb,MLB,2026-05-01T18:21:00Z,2026-05-01T18:14:51Z,Arizona Diamondbacks @ Chicago Cubs,Arizona Diamondbacks,2.2,2.2,2.2,,2.2,2.12,2.12,2.32,2.23,2.28,2.28,2.24,2.34,2.33,2.33,2.29,2.34,2.23,2.2,2.28,2.28,2.34,2.26,2.26,2.26,2.26,2.24,2.32,2.3,2.22,2.3,,0.4332,0.4224,0.4224,,0.4314,0.4452,0.4452,0.4265,0.4248,0.4125,0.4125,0.4359,0.4247,0.4239,0.4239,0.4276,0.4247,0.423,0.4279,0.4125,0.4107,0.423,0.4305,0.4305,0.4218,0.4305,0.4359,,0.4087,0.424,0.425,,2026-05-01,2.3,,0.4049,,2.2,,0.4224,,,,,,2.23,0.4284,Polymarket,2.33,2.0,Not Found
702031b308db7a7974a8e7e4a5077a8d,soccer_poland_ekstraklasa,Ekstraklasa - Poland,2026-05-01T18:30:00Z,2026-05-01T18:14:51Z,Widzew Łódź @ Legia Warszawa,Draw,3.1,3.05,3.2,3.03,3.1,3.15,3.15,3.25,3.1,3.3,3.2,3.19,3.25,,3.33,,,3.3,3.0,3.3,3.3,,3.05,3.05,3.05,3.05,3.08,,,3.08,,,0.3017,0.2814,0.2803,0.2869,0.2945,0.2896,0.2896,0.3026,0.3024,0.2814,0.2786,0.2999,0.3026,,0.2936,,,0.2876,0.2991,0.2814,0.2777,,0.3051,0.3051,0.3008,0.3069,0.3,,,0.2981,,,2026-05-01,3.1,3.1,0.2926,0.292,3.05,,0.2859,,3.1,,0.2767,,,,,,3.0,Not Found
a6ce273bd869f17bb1ea2a9005ab8211,soccer_spl,Premiership - Scotland,2026-05-01T18:45:00Z,2026-05-01T18:14:51Z,Aberdeen @ Livingston,Draw,3.3,,,,3.4,3.25,3.25,3.45,3.4,3.4,3.3,3.44,3.45,,3.57,,,3.5,3.1,3.4,3.35,,3.25,3.25,3.2,3.2,3.28,,3.25,3.26,3.25,,0.2835,,,,0.2693,0.2841,0.2841,0.2863,0.2764,0.2734,0.2742,0.2793,0.2863,,0.2767,,,0.27,0.2933,0.2734,0.2712,,0.2869,0.2869,0.2842,0.2837,0.2807,,0.2827,0.2825,0.2839,,2026-05-01,,,,,3.3,,0.266,,3.3,,0.2709,,,,,,3.0,Not Found
3d02b143467dbec450fff39a84aa282e,soccer_league_of_ireland,League of Ireland,2026-05-01T18:44:00Z,2026-05-01T19:42:51Z,Shelbourne Dublin @ Dundalk,Draw,3.6,3.6,3.7,,3.3,3.4,3.4,3.9,3.8,3.8,3.7,3.67,3.95,,,,,3.75,,3.8,,,,,3.85,,,,,,,,0.253,0.2353,0.2358,,0.2545,0.2564,0.2564,0.2509,0.2421,0.2296,0.2243,0.2505,0.2488,,,,,0.232,,0.2296,,,,,0.2321,,,,,,,,2026-05-01,4.0,,0.2172,,,,,,3.55,,,,,,,,3.0,Not Found
5dff5ca82fe03448a191bd58dd473321,soccer_spain_la_liga,La Liga - Spain,2026-05-01T19:00:00Z,2026-05-01T20:35:38Z,Mallorca @ Girona,Mallorca,1.4,1.37,1.4,1.37,1.4,1.38,1.4,1.49,1.41,1.48,1.43,1.41,1.51,,1.49,,,1.44,,1.44,,,,,1.44,,,,,,,,0.684,0.693,0.6903,0.6971,0.6852,0.6945,0.6853,0.6681,0.6897,0.653,0.6719,0.6902,0.6591,,0.6641,,,0.6818,,0.6696,,,,,0.676,,,,,,,,2026-05-01,1.4,,0.6858,,,,,,1.41,,0.6753,,,,,,3.0,Not Found
fae72fccd54d4cd2e21f3acea9e2af7d,baseball_ncaa,NCAA Baseball,2026-05-01T20:30:00Z,2026-05-01T21:34:09Z,Stanford Cardinal @ Notre Dame Fighting Irish,Stanford Cardinal,1.57,,,,1.5,,,,,,,,,,,,,,,,1.53,,,,1.59,,,,,,,,0.6048,,,,0.625,,,,,,,,,,,,,,,,0.6122,,,,0.5971,,,,,,,,2026-05-01,,,,,,,,,,,,,1.7,0.5377,,,2.0,Not Found
ecc4e5064710fbfa0db0008aa3a39c1e,baseball_ncaa,NCAA Baseball,2026-05-01T22:00:00Z,2026-05-01T21:34:09Z,Arizona St Sun Devils @ UCF Knights,Arizona St Sun Devils,1.78,,,,1.77,,,,1.8,,,,,,,,1.81,,1.73,,1.79,,,,,,1.78,,,,,,0.5309,,,,0.5325,,,,0.5214,,,,,,,,0.549,,0.539,,0.5203,,,,,,0.5258,,,,,,2026-05-01,,,,,,,,,,,,,1.78,0.5258,,,2.0,Not Found
325a65fda1bfb973088888c6c46cadb3,baseball_ncaa,NCAA Baseball,2026-05-01T22:00:00Z,2026-05-01T21:34:09Z,Boston College Eagles @ Clemson Tigers,Boston College Eagles,1.9,,,,1.91,,,,1.87,,,,,,,,1.89,,1.85,,1.88,,1.91,1.91,1.87,1.91,1.87,,,,,,0.4958,,,,0.4915,,,,0.5,,,,,,,,0.5014,,0.5,,0.4957,,0.4886,0.4886,0.5,0.4886,0.5,,,,,,2026-05-01,,,,,,,,,,,,,1.89,0.4928,,,2.0,Not Found
f2b7e54e0e524cbd2b1cd9358d7a5bea,baseball_ncaa,NCAA Baseball,2026-05-01T22:00:00Z,2026-05-01T21:34:09Z,Tulane Green Wave @ Charlotte 49ers,Tulane Green Wave,,,,,1.98,,,,1.91,,,,,,,,1.87,,,,1.85,,,,1.91,,1.9,,,,,,,,,,0.4747,,,,0.4886,,,,,,,,0.5,,,,0.5,,,,0.4886,,0.4914,,,,,,2026-05-01,,,,,,,,,,,,,1.91,0.4886,,,2.0,Not Found
3b3158786624f0bdb04c202ff63232fc,baseball_ncaa,NCAA Baseball,2026-05-01T22:00:00Z,2026-05-01T21:34:09Z,Pittsburgh Panthers @ Florida St Seminoles,Florida St Seminoles,1.38,,,,1.43,,,,1.43,,,,,,,,,,1.4,,1.33,,1.45,1.45,1.42,1.4,1.41,,,,,,0.6957,,,,0.6711,,,,0.6678,,,,,,,,,,0.6753,,0.7146,,0.6576,0.6576,0.6703,0.6786,0.6735,,,,,,2026-05-01,,,,,,,,,,,,,1.39,0.6849,,,2.0,Not Found
a469364d09b62046dd2c9d0acf413e9b,baseball_mlb,MLB,2026-05-01T22:46:00Z,2026-05-01T22:30:40Z,Milwaukee Brewers @ Washington Nationals,Washington Nationals,2.3,2.25,2.3,,2.35,2.33,2.33,2.46,2.35,2.33,2.3,2.41,2.46,2.44,2.38,2.37,2.47,2.33,2.3,2.33,2.28,2.46,2.36,2.36,2.37,2.37,2.38,2.46,2.3,2.31,2.38,,0.4144,0.4097,0.4049,,0.4041,0.404,0.404,0.4039,0.4022,0.4097,0.4106,0.4044,0.4039,0.4055,0.4107,0.4116,0.4048,0.404,0.4087,0.4097,0.4125,0.4056,0.4125,0.4125,0.4004,0.4079,0.4107,0.4056,0.4087,0.4059,0.4071,,2026-05-01,2.3,,0.4049,,2.3,,0.4068,,,,,,2.32,0.4106,Polymarket,2.44,2.0,Not Found
224916189ace451ec4c3a758ac5d3b0d,baseball_mlb,MLB,2026-05-01T23:11:00Z,2026-05-01T23:31:37Z,Philadelphia Phillies @ Miami Marlins,Philadelphia Phillies,2.38,2.35,2.45,,2.55,2.34,2.34,1.18,2.49,2.48,2.38,1.9,,2.63,2.56,1.9,2.42,2.5,,2.48,2.4,2.62,,,1.87,,,,1.8,,,,0.3896,0.3772,0.3794,,0.3627,0.3911,0.3911,,0.3697,0.3769,0.3768,0.5027,,0.3756,0.3748,0.5,0.3861,0.3774,,0.3769,0.3772,0.3703,,,0.5,,,,0.5278,,,,2026-05-01,2.4,,0.375,,,,,,,,,,2.45,0.3815,Polymarket,2.63,2.0,Not Found
71bed1a7ce55f688df69c714d2376fe7,baseball_mlb,MLB,2026-05-01T23:11:00Z,2026-05-01T23:31:37Z,Houston Astros @ Boston Red Sox,Houston Astros,2.2,1.84,2.0,,1.98,1.95,1.95,2.0,1.93,2.0,1.93,2.1,,2.13,2.13,2.12,2.13,2.1,,2.0,1.95,2.11,,,2.25,,,,2.0,,,,0.4242,0.4908,0.4722,,0.4793,0.4755,0.4755,,0.4858,0.4722,0.4717,0.4524,,0.4645,0.4645,0.4468,0.46,0.4524,,0.4722,0.4723,0.4652,,,0.4117,,,,0.4722,,,,2026-05-01,1.95,,0.4707,,,,,,,,,,2.1,0.444,Polymarket,2.13,2.0,Not Found
62c043496fc0891275aa74b41506fcdc,icehockey_ahl,AHL,2026-05-01T23:11:00Z,2026-05-01T23:31:37Z,Springfield Thunderbirds @ Providence Bruins,Springfield Thunderbirds,,3.25,3.35,4.8,,,,,,,,,,,2.5,2.33,,,,3.45,2.43,,,,,,,,2.38,,,,,,0.2589,,,,,,,,,,,,,,,,,0.2634,,,,,,,,,,,,,2026-05-01,,,,,,,,,3.2,,0.2663,,,,,,3.0,Not Found
95370bd6912ed348df9af0c486189dff,baseball_milb,MiLB,2026-05-01T23:37:00Z,2026-05-01T23:31:37Z,Iowa Cubs @ St. Paul Saints,St. Paul Saints,1.96,,,,,,,,,,,,,,,,,,,,,,1.95,,1.95,,1.93,,1.91,,,,0.4804,,,,,,,,,,,,,,,,,,,,,,0.4786,,0.4786,,0.4813,,0.484,,,,2026-05-01,,,,,,,,,,,,,,,,,2.0,Not Found
4682daa4f5dbfa509af770bffd969357,baseball_ncaa,NCAA Baseball,2026-05-02T00:00:00Z,2026-05-01T23:31:37Z,Utah Utes @ BYU Cougars,Utah Utes,1.88,,,,1.87,,,,1.87,,,,,,,,1.9,,,,1.85,,1.95,1.95,1.87,1.9,1.87,,,,,,0.5,,,,0.5,,,,0.5,,,,,,,,0.5,,,,0.5029,,0.4786,0.4786,0.5,0.4914,0.5,,,,,,2026-05-02,,,,,,,,,,,,,1.87,0.5,,,2.0,Not Found
e1e53287f0c491a74653876cf5f23efc,rugbyleague_nrl,NRL,2026-05-02T05:00:00Z,2026-05-02T04:29:55Z,Canberra Raiders @ Gold Coast Titans,Draw,,23.0,23.0,,,18.0,18.0,,,,,,,,,,,,,,,,,,,,,,,26.0,,,,0.0037,0.0064,,,0.0364,0.0364,,,,,,,,,,,,,,,,,,,,,,,0.0095,,,2026-05-02,17.0,,0.0242,,,,,,,,,,,,,,3.0,Not Found
af7bb24b2f0895bb8009f509ddfffd90,soccer_korea_kleague1,K League 1,2026-05-02T05:00:00Z,2026-05-02T04:29:55Z,Sangju Sangmu FC @ FC Seoul,Sangju Sangmu FC,,4.2,4.4,4.4,4.6,4.65,4.65,5.1,4.7,4.25,4.3,5.03,5.2,,5.26,,,4.5,,4.25,4.2,,4.6,4.6,4.7,,4.66,,4.6,4.65,,,,0.1922,0.1938,0.1814,0.1941,0.1854,0.1854,0.19,0.1935,0.198,0.1999,0.1869,0.1886,,0.1863,,,0.2021,,0.198,0.1988,,0.1988,0.1988,0.1853,,0.1928,,0.1875,0.1913,,,2026-05-02,4.9,,0.1745,,4.45,,0.1781,,4.2,,0.1926,,,,,,3.0,Not Found
654dbedc2c8d50772dad975e30256115,soccer_japan_j_league,J League,2026-05-02T07:00:00Z,2026-05-02T06:27:26Z,JEF United Chiba @ Urawa Red Diamonds,Draw,,3.65,3.8,3.75,,3.75,3.75,,3.95,,,3.99,,,4.17,,,,3.6,,,,,,,,,,3.6,,,,,0.2286,0.2311,0.2353,,0.2399,0.2399,,0.2345,,,0.2389,,,0.2333,,,,0.2448,,,,,,,,,,0.2461,,,,2026-05-02,,,,,3.75,,0.2345,,,,,,,,,,3.0,Not Found
cce9cdcde1a4b4c2c0c3b2789f363756,rugbyleague_nrl,NRL,2026-05-02T07:30:00Z,2026-05-02T06:27:26Z,New Zealand Warriors @ Parramatta Eels,Parramatta Eels,,2.45,2.5,,,2.7,2.7,,,2.7,2.7,2.53,,,,,,,,2.7,2.65,,2.76,,,,,,,2.66,,,,0.3684,0.3644,,,0.3508,0.3508,,,,,,,,,,,,,,,,,,,,,,,0.3472,,,2026-05-02,2.6,,0.3509,,2.45,,0.3672,,,,,,,,,,3.0,Not Found
e35d0cd4883e6bef8cd641697a77fbb5,baseball_kbo,KBO,2026-05-02T08:01:00Z,2026-05-02T09:33:31Z,Hanwha Eagles @ Samsung Lions,Hanwha Eagles,1.5,,,,1.36,,1.32,,1.56,1.3,,1.32,,,,,,1.38,,,1.27,,,,1.36,,,,,,,,0.6365,,,,0.6952,,0.7249,,0.6077,0.7259,,0.7249,,,,,,0.6837,,,0.7324,,,,0.701,,,,,,,,2026-05-02,1.3,,0.7284,,,,,,,,,,1.35,0.6949,,,2.0,Not Found
cdeeac4328cc931e2464616235dc653d,baseball_kbo,KBO,2026-05-02T08:01:00Z,2026-05-02T09:33:31Z,KT Wiz @ Kia Tigers,Kia Tigers,1.2,,,,1.17,,1.2,,1.22,1.16,,1.22,,,,,,1.22,,,1.13,,,,1.18,,,,,,,,0.803,,,,0.8162,,0.8017,,0.7833,0.8174,,0.7922,,,,,,0.78,,,0.8275,,,,0.8088,,,,,,,,2026-05-02,1.16,,0.8199,,,,,,,,,,1.22,0.78,,,2.0,Not Found
57e6c96928e8f84ce6025ee144a97746,soccer_australia_aleague,A-League,2026-05-02T09:40:00Z,2026-05-02T09:33:31Z,Sydney FC @ Melbourne Victory,Draw,,3.55,3.75,,3.7,3.7,3.7,3.85,3.75,3.65,3.7,3.82,3.85,,3.85,3.85,,3.8,3.6,3.65,,,3.77,3.77,3.7,3.7,,,3.6,3.7,3.75,,,0.2364,0.2347,,0.2489,0.2461,0.2461,0.2571,0.2477,0.2479,0.2477,0.2505,0.2571,,0.2529,0.2409,,0.2462,0.2457,0.2479,,,0.2531,0.2531,0.2496,0.2496,,,0.2457,0.2461,0.242,,2026-05-02,,,,,3.6,,0.2384,,3.45,,0.2422,,,,,,3.0,Not Found
518ecb19c8936e18da6a65fb7ce194fc,soccer_germany_bundesliga2,Bundesliga 2 - Germany,2026-05-02T11:00:00Z,2026-05-02T11:26:18Z,VfL Bochum @ Arminia Bielefeld,Draw,3.4,3.05,4.2,3.2,,3.2,3.2,3.5,3.25,3.3,3.2,3.51,3.65,,3.03,,,3.25,3.3,3.3,,,,,3.35,,,,,,,,0.2754,0.2812,0.2025,0.27,,0.2802,0.2802,,0.2864,0.2701,0.2682,0.2682,0.2716,,,,,0.2806,0.2675,0.2701,,,,,0.2696,,,,,,,,2026-05-02,3.2,,0.2874,,,,,,3.05,3.55,,0.258,,,,,3.0,Not Found
9a157e2297a81ebb54981112807d4658,soccer_efl_champ,Championship,2026-05-02T11:30:00Z,2026-05-02T11:26:18Z,Coventry City @ Watford,Draw,3.7,3.6,,3.6,3.6,3.55,3.55,3.9,3.75,3.65,3.75,3.74,3.95,,3.85,3.7,,3.75,3.5,3.65,3.65,,3.65,3.65,3.55,3.55,3.84,,3.5,3.52,3.65,,0.2495,0.2377,,0.2444,0.2576,0.2639,0.2639,0.2543,0.2523,0.2529,0.2532,0.2544,0.2502,,0.2531,0.2499,,0.2492,0.2598,0.2529,0.2521,,0.2533,0.2533,0.2544,0.2537,0.2503,,0.2598,0.26,0.252,,2026-05-02,3.6,3.75,0.248,0.2499,3.5,,0.2511,,3.55,,0.2492,,,,,,3.0,Not Found
3337388aa70c18ea2c1e040fed97fd14,soccer_efl_champ,Championship,2026-05-02T11:30:00Z,2026-05-02T11:26:18Z,Queens Park Rangers @ Ipswich Town,Ipswich Town,,1.21,1.22,,1.27,1.24,1.24,1.26,1.24,1.24,1.26,1.23,1.25,,1.25,1.29,,1.26,1.22,1.24,1.23,,1.23,1.23,1.21,1.23,1.27,,1.25,1.22,1.22,,,0.7861,0.7826,,0.7707,0.7885,0.7885,0.7914,0.7894,0.7851,0.7788,0.7966,0.7957,,0.7933,0.7621,,0.7766,0.7891,0.7851,0.7895,,0.7885,0.7885,0.7976,0.7885,0.776,,0.7778,0.7957,0.7961,,2026-05-02,1.2,1.25,0.8034,0.7843,1.23,,0.7788,,1.2,,0.7992,,,,,,3.0,Not Found
1132027896fe9ac71202780073da9e9f,soccer_germany_bundesliga2,Bundesliga 2 - Germany,2026-05-02T11:00:00Z,2026-05-02T12:08:38Z,Eintracht Braunschweig @ Holstein Kiel,Draw,3.7,3.8,3.95,3.7,3.7,3.9,3.9,4.3,3.9,3.75,3.65,4.15,4.2,,4.35,,,4.0,3.75,3.75,,,,,4.0,,,,,,,,0.2438,0.223,0.2193,0.2254,0.2428,0.2255,0.2255,0.2283,0.232,0.2355,0.2317,0.2242,0.232,,0.2232,,,0.2227,0.232,0.2338,,,,,0.2227,,,,,,,,2026-05-02,4.3,,0.2044,,,,,,3.5,,,,,,,,3.0,Not Found
4b0fdbafaa0cb639b40df4879fddeb0f,soccer_efl_champ,Championship,2026-05-02T11:30:00Z,2026-05-02T12:08:38Z,Norwich City @ Hull City,Norwich City,3.0,2.9,3.0,2.85,3.1,2.92,2.92,3.1,3.0,3.3,3.35,2.96,3.15,,2.86,,,3.0,2.9,3.3,,,,,3.0,,,,,,,,0.3084,,0.2968,0.3086,0.2916,0.3086,0.3105,0.3187,0.3111,0.2783,0.2625,0.3172,0.3138,,0.3464,,,0.3105,0.3132,0.2783,,,,,0.3032,,,,,,,,2026-05-02,3.1,,0.2893,,,,,,3.2,,0.2669,,,,,,3.0,Not Found
f7d4a2b6743a79cbc50a1a5e8148e629,soccer_germany_liga3,3. Liga - Germany,2026-05-02T12:00:03Z,2026-05-02T12:08:38Z,TSV 1860 München @ Schweinfurt,TSV 1860 München,,,1.7,,,1.68,1.62,1.78,,1.62,1.56,1.71,,,,,,1.67,1.65,1.65,,,1.72,1.72,1.72,,,,,,,,,,0.5521,,,0.5575,0.5781,0.556,,0.5847,0.5953,0.561,,,,,,0.5678,0.564,0.5739,,,0.5582,0.5582,0.5601,,,,,,,,2026-05-02,1.65,1.65,0.5765,0.5747,,,,,,,,,,,,,3.0,Not Found
f8f8b0fc4f6be6540caa139248cd0865,soccer_germany_liga3,3. Liga - Germany,2026-05-02T12:05:04Z,2026-05-02T13:47:16Z,Hansa Rostock @ Alemannia Aachen,Hansa Rostock,,,3.8,,,3.65,3.65,4.0,,3.85,3.7,3.45,,,,,,3.75,3.75,3.85,,,,,4.0,,,,,,,,,,0.2266,,,0.2348,0.2328,0.2456,,0.2271,0.2238,0.266,,,,,,0.2357,0.2264,0.2271,,,,,0.2265,,,,,,,,2026-05-02,4.0,,0.2218,,,,,,,,,,,,,,3.0,Not Found
e3ca37e8989f3e82b77af02091597073,soccer_england_league1,League 1,2026-05-02T14:00:00Z,2026-05-02T14:38:00Z,Burton Albion @ Leyton Orient,Burton Albion,,,,,3.4,3.2,3.2,4.2,3.4,3.8,3.7,8.76,4.0,,,,,3.4,3.6,3.75,,,,,3.6,,,,,,,,,,,,0.2544,0.2732,0.2723,0.2308,0.2734,0.2308,0.2256,0.0942,0.2437,,,,,0.2687,0.2435,0.2331,,,,,0.2429,,,,,,,,2026-05-02,3.6,,0.248,,,,,,,,,,,,,,3.0,Not Found
315caab5b12d03dde21e65d3c03d7957,soccer_spain_la_liga,La Liga - Spain,2026-05-02T14:19:00Z,2026-05-02T15:30:54Z,Atlético Madrid @ Valencia,Valencia,2.5,2.35,2.45,2.45,,2.45,2.45,2.64,2.6,2.4,2.38,2.55,2.68,,2.56,,,2.5,,2.55,,,,,2.5,,,,,,,,0.3761,0.377,0.3782,0.3811,,0.3782,0.3782,0.3764,0.3641,0.3944,0.3941,0.3759,0.3675,,0.3839,,,0.3859,,0.3665,,,,,0.3776,,,,,,,,2026-05-02,2.6,,0.3549,,,,,,2.33,,0.3952,,,,,,3.0,Not Found
ca54eea4fa544a1ae3c3241222464b90,soccer_austria_bundesliga,Austrian Football Bundesliga,2026-05-02T15:00:00Z,2026-05-02T15:30:54Z,FC Blau-Weiß Linz @ Ried,FC Blau-Weiß Linz,2.85,5.2,5.5,2.65,,5.35,5.35,3.3,5.75,6.5,6.25,3.04,5.7,,,,,6.0,5.5,6.5,6.4,,,,2.8,,,,,,,,0.3291,0.1489,0.1457,0.3355,,0.1473,0.1473,,0.1512,0.1189,0.113,0.3106,,,,,,0.1444,0.1441,0.1189,0.115,,,,0.3285,,,,,,,,2026-05-02,,,,,,,,,6.1,,,,,,,,3.0,Not Found
a61e5cef6cfebf04fe0acb00dfd900b0,soccer_belgium_first_div,Belgium First Div,2026-05-02T16:15:00Z,2026-05-02T16:26:39Z,Genk @ Charleroi,Genk,,2.4,2.5,2.45,2.45,2.55,2.5,2.64,2.6,2.55,2.48,2.61,2.64,,2.63,,,2.63,2.45,2.55,,,2.56,2.54,2.54,2.5,2.5,,2.5,2.54,2.55,,,,0.3641,0.3636,0.3755,0.3604,0.3657,0.373,0.362,0.3677,0.3671,0.3644,0.373,,0.3767,,,0.3648,0.3695,0.3677,,,0.3693,0.3731,0.3656,0.3766,0.3895,,0.3708,0.3696,0.368,,2026-05-02,,,,,2.35,2.5,0.3936,0.3766,2.43,2.55,0.3665,0.368,,,,,3.0,Not Found
d20966bfff788c76678b8df12b984866,soccer_epl,EPL,2026-05-02T16:30:00Z,2026-05-02T16:26:39Z,Fulham @ Arsenal,Fulham,7.5,6.5,6.5,7.5,6.25,7.3,7.3,8.4,7.0,8.0,8.0,7.75,8.4,,8.33,6.97,,8.2,7.0,8.0,7.5,,7.0,7.0,7.5,7.7,7.62,,7.0,7.2,7.5,,0.1167,0.1254,0.1319,0.1117,0.1407,0.1238,0.1238,0.1165,0.1246,0.1143,0.1111,0.1209,0.1165,,0.1135,0.1298,,0.1154,0.1177,0.1159,0.1117,,0.1309,0.1309,0.115,0.1151,0.12,,0.1177,0.1282,0.1167,,2026-05-02,7.5,7.0,0.1132,0.1262,7.5,,0.1066,,7.5,,0.1084,,7.0,0.1262,,,3.0,Not Found
283f2c3d59eca2d16cac28578527640a,soccer_france_ligue_one,Ligue 1 - France,2026-05-02T17:00:00Z,2026-05-02T16:26:39Z,AS Monaco @ Metz,Metz,8.0,6.75,7.0,8.0,6.5,8.7,8.7,9.0,8.0,7.5,7.5,8.61,9.0,,9.09,7.07,,7.9,7.5,7.5,7.0,,8.0,8.0,8.0,8.0,8.3,,7.5,8.2,8.0,,0.1047,0.1211,0.1205,0.1105,0.1328,0.097,0.097,0.1085,0.1062,0.1197,0.1197,0.1035,0.1085,,,0.1303,,0.1138,0.1052,0.1197,0.1184,,0.1137,0.1137,0.1042,0.1042,0.1148,,0.1052,0.1112,0.1023,,2026-05-02,8.2,7.4,0.0987,0.119,8.0,,0.1047,,7.5,7.8,0.1139,0.1039,,,,,3.0,Not Found
16fa5da1e64cdb028c84396beecbb633,soccer_italy_serie_a,Serie A - Italy,2026-05-02T16:03:00Z,2026-05-02T17:24:51Z,Napoli @ Como,Napoli,4.2,4.4,4.8,4.85,4.5,4.85,4.85,5.5,5.0,5.1,5.1,4.58,5.9,,5.56,,,5.0,4.6,5.1,,,,,4.75,,,,,,,,0.2143,0.1774,0.1796,0.1807,0.1912,0.176,0.1773,0.1806,0.1772,0.1739,0.1708,0.202,0.165,,0.1733,,,0.1843,0.1834,0.1739,,,,,0.1877,,,,,,,,2026-05-02,4.7,,0.1852,,,,,,5.2,,0.159,,,,,,3.0,Not Found
3d4d560132adeed9adcdd8e36ee6ec7b,soccer_usa_mls,MLS,2026-05-02T17:00:00Z,2026-05-02T17:24:51Z,San Jose Earthquakes @ Toronto FC,San Jose Earthquakes,3.1,1.82,1.9,2.8,1.77,3.05,1.8,1.96,1.95,1.85,1.83,1.92,2.02,,1.79,,,3.14,1.85,1.87,,,1.91,,3.2,,,,,,,,0.2905,0.5016,0.4909,0.3136,0.5259,0.2955,0.5211,0.4896,0.4925,0.5156,0.5158,0.503,0.4911,,0.5458,,,0.2956,0.5079,0.5105,,,0.5121,,0.294,,,,,,,,2026-05-02,1.85,,0.5079,,,,,,1.76,,0.5225,,2.9,0.304,,,3.0,Not Found
a11963c52ecc6eb580462432a293d407,baseball_ncaa,NCAA Baseball,2026-05-02T18:00:00Z,2026-05-02T17:24:51Z,Vanderbilt Commodores @ Alabama Crimson Tide,Alabama Crimson Tide,1.74,,,,1.69,,,,1.74,,,,,,,,1.75,,1.73,,1.68,,1.71,1.71,1.74,1.71,1.74,,,,,,0.5446,,,,0.5578,,,,0.5435,,,,,,,,0.5453,,0.539,,0.5572,,0.5532,0.5532,0.5435,0.5543,0.5398,,,,,,2026-05-02,,,,,,,,,,,,,1.74,0.5398,,,2.0,Not Found
b4aafc563ca3eb0caddce4980a0b7de9,soccer_argentina_primera_division,Primera División - Argentina,2026-05-02T17:30:00Z,2026-05-02T18:09:37Z,Deportivo Riestra @ Lanus,Draw,2.15,2.0,2.05,2.05,1.98,2.05,2.05,2.2,2.1,2.05,1.97,2.09,2.16,,2.22,,,,,,,,,,2.2,,,,,,,,0.4431,0.4519,0.4517,0.4426,0.4677,0.456,0.456,0.4482,0.4542,0.4637,0.4699,0.4548,0.4579,,0.4471,,,,,,,,,,0.4376,,,,,,,,2026-05-02,,,,,,,,,,,,,,,,,3.0,Not Found
bbc5349946bc0ef9b095e5f3b33d22b0,soccer_france_ligue_two,Ligue 2 - France,2026-05-02T17:59:00Z,2026-05-02T18:09:37Z,Nancy @ Pau FC,Draw,3.2,3.0,3.1,3.3,2.95,3.15,3.15,3.25,3.2,3.1,3.0,3.4,3.2,,,,,3.25,3.1,3.1,,,3.3,3.3,3.25,,3.26,,3.1,3.3,3.2,,0.2875,,0.2844,0.2762,0.2925,0.2843,0.2843,0.302,0.2868,0.2896,0.2884,0.2815,0.3094,,,,,0.2827,0.2878,0.2896,,,0.2818,0.2818,0.2804,,0.2894,,0.2878,0.2793,0.2801,,2026-05-02,3.1,3.15,0.2905,0.2835,3.2,,0.2827,,3.1,3.15,0.2896,0.2886,,,,,3.0,Not Found
e6ef453d54e329be6b6e852a23d5441a,soccer_netherlands_eredivisie,Dutch Eredivisie,2026-05-02T18:00:00Z,2026-05-02T18:09:37Z,PSV Eindhoven @ Ajax,Ajax,4.1,3.65,3.75,3.8,3.8,3.9,3.9,3.95,3.8,3.8,3.95,2.45,4.4,,4.55,,,4.0,3.7,3.8,,,2.44,2.44,3.75,2.39,2.42,,2.3,2.36,2.35,,0.2206,0.2294,0.2314,0.2375,0.2217,0.2265,0.2265,0.2485,0.2398,0.237,0.2207,0.3972,0.2241,,0.2126,,,0.2332,0.2354,0.237,,,0.392,0.392,0.2432,0.3977,0.4027,,0.4021,0.3995,0.4008,,2026-05-02,3.8,2.4,0.2358,0.3971,2.25,2.44,0.4081,0.392,3.6,,0.2333,,,,,,3.0,Not Found
a1d2fc5105e9bed8d73a02abcbb88e1f,handball_germany_bundesliga,Handball-Bundesliga,2026-05-02T18:00:00Z,2026-05-02T18:09:37Z,THW Kiel @ HSG Wetzlar,HSG Wetzlar,,2.9,3.55,3.55,,3.5,3.5,,,,,3.22,,,,,,2.63,2.5,3.8,,,,,,,,,,3.78,,,,,0.2482,0.2374,,0.2413,0.2413,,,,,,,,,,,0.3569,0.3506,0.2339,,,,,,,,,,0.2345,,,2026-05-02,3.8,3.65,0.2315,0.2446,,,,,3.6,,0.2328,,,,,,3.0,Not Found
3f629fdd9da87af2588d82f07964b5c6,soccer_france_ligue_two,Ligue 2 - France,2026-05-02T18:00:00Z,2026-05-02T19:17:56Z,Red Star @ Amiens,Red Star,2.55,2.4,2.45,2.47,2.6,2.5,2.5,2.46,2.55,2.14,2.14,2.64,2.62,,,,,2.6,2.5,2.23,,,,,2.48,,,,,,,,0.3685,0.368,0.3691,0.3784,0.3394,0.3664,0.3664,0.3824,0.3685,0.4352,0.4224,0.3579,0.3753,,,,,0.3615,0.3641,0.4159,,,,,0.3758,,,,,,,,2026-05-02,2.3,,0.4042,,,,,,2.14,2.42,0.4352,0.3744,,,,,3.0,Not Found
08321fb719f43181716978144d2034eb,soccer_brazil_campeonato,Brazil Série A,2026-05-02T19:02:00Z,2026-05-02T19:17:56Z,Remo @ Botafogo,Remo,12.0,11.5,12.0,5.5,16.5,11.5,11.5,8.2,13.0,15.0,14.0,,18.0,,16.67,,,13.0,12.0,14.0,,,,,13.0,,,,5.5,,,,0.0551,0.0547,0.0507,0.1397,0.0388,0.0559,0.0559,0.1196,0.0556,0.0453,0.0373,,0.0517,,0.0523,,,0.0508,0.0508,0.0373,,,,,0.0556,,,,0.1518,,,,2026-05-02,14.0,,0.0383,,,,,,13.0,,0.031,,,,,,3.0,Not Found
ad24319e5623a8196399f98734f3be87,baseball_mlb,MLB,2026-05-02T20:11:00Z,2026-05-02T20:02:03Z,Philadelphia Phillies @ Miami Marlins,Philadelphia Phillies,2.12,2.05,2.05,,2.1,2.07,2.07,2.2,2.08,2.07,2.06,2.16,2.2,2.17,2.17,2.2,2.19,2.1,2.1,2.07,2.05,2.19,2.18,2.18,2.1,2.15,2.15,2.07,2.1,2.08,2.15,,0.4518,0.4565,0.4565,,0.4556,0.4575,0.4575,0.4525,0.4579,0.4558,0.457,0.4522,0.4525,0.4557,0.4511,0.4448,0.4536,0.4524,0.4491,0.4558,0.4582,0.4536,0.4469,0.4469,0.454,0.4532,0.4548,0.4683,0.4491,0.4547,0.4548,,2026-05-02,2.1,,0.444,,2.05,,0.4565,,,,,,2.1,0.4556,Polymarket,2.17,2.0,Not Found
1645356fdf0baa021e2808442260afb3,soccer_italy_serie_a,Serie A - Italy,2026-05-02T18:45:00Z,2026-05-02T20:02:03Z,Genoa @ Atalanta BC,Atalanta BC,2.0,1.86,1.94,1.87,1.98,1.92,1.92,2.0,2.0,1.97,1.96,2.07,2.08,,2.04,,,2.0,1.91,1.97,,,,,1.9,,,,,,,,0.4765,0.4903,0.4857,0.5082,0.4769,0.4924,0.4924,0.4972,0.4833,0.4844,0.4842,0.4677,0.4777,,0.4832,,,0.4861,0.4908,0.4844,,,,,0.5033,,,,,,,,2026-05-02,1.9,,0.4977,,,,,,1.92,,0.4872,,,,,,3.0,Not Found
110926424fe87203e3a5ce0c3bd24ef1,soccer_portugal_primeira_liga,Primeira Liga - Portugal,2026-05-02T19:30:00Z,2026-05-02T20:02:03Z,Alverca @ FC Porto,Draw,5.5,4.4,4.7,4.8,4.75,4.6,4.6,5.8,4.9,5.0,4.8,5.44,5.8,,5.88,,,5.25,5.0,5.0,,,,,4.85,,,,,,,,0.1534,0.1921,0.1807,0.1787,0.1793,0.187,0.187,0.1703,0.1812,0.17,0.1654,0.1677,0.1708,,0.163,,,0.1783,0.1697,0.17,,,,,0.1782,,,,,,,,2026-05-02,5.2,,0.1627,,,,,,4.75,,0.1645,,,,,,3.0,Not Found
903180a005172d4cbc07cade19ac7135,baseball_ncaa,NCAA Baseball,2026-05-02T20:00:00Z,2026-05-02T20:02:03Z,Tarleton State Texans @ Utah Tech Trailblazers,Utah Tech Trailblazers,,,,,2.0,,,,2.0,,,,,,,,,,,,,,,,2.0,,1.96,,,,,,,,,,0.4675,,,,0.4675,,,,,,,,,,,,,,,,0.4675,,0.4742,,,,,,2026-05-02,,,,,,,,,,,,,1.99,0.4672,,,2.0,Not Found
11440cd124766cfdf3d79adc0eab0ed4,baseball_ncaa,NCAA Baseball,2026-05-02T23:00:00Z,2026-05-02T22:40:24Z,Florida Gators @ Oklahoma Sooners,Oklahoma Sooners,1.93,,,,1.98,,,,1.95,,,,,,,,1.92,,1.91,,1.87,,1.87,1.87,1.95,2.0,1.91,,,,,,0.4888,,,,0.4747,,,,0.4786,,,,,,,,0.5165,,0.484,,0.4971,,0.5,0.5,0.4786,0.4675,0.4886,,,,,,2026-05-02,,,,,,,,,,,,,1.93,0.4828,,,2.0,Not Found
a5c3ef5e48ad39a2a1e04b385a33f7f0,baseball_mlb,MLB,2026-05-02T22:11:00Z,2026-05-02T23:28:01Z,San Francisco Giants @ Tampa Bay Rays,San Francisco Giants,3.0,3.05,3.0,,3.1,2.9,3.0,2.92,2.83,3.3,2.95,2.57,2.74,3.12,3.12,,3.24,3.25,3.0,3.3,3.05,2.88,,,2.8,,,,,,,,0.3043,0.2851,0.3043,,0.2936,0.3075,0.2963,0.3264,0.3221,0.2756,0.2964,0.3699,0.3228,0.3154,0.3154,,0.2946,0.2835,0.2907,0.2756,0.2851,0.324,,,0.3265,,,,,,,,2026-05-02,3.2,,0.2716,,,,,,,,,,2.8,0.3214,Polymarket,3.12,2.0,Not Found
8128f0ce8c2a9eb490caf92fcf52fedb,soccer_usa_mls,MLS,2026-05-02T23:15:00Z,2026-05-02T23:28:01Z,Orlando City SC @ Inter Miami CF,Orlando City SC,9.0,6.5,7.0,6.75,7.0,7.7,7.7,10.0,8.0,8.5,8.5,9.56,9.6,,9.09,7.98,,8.0,7.5,8.5,,,8.0,8.0,7.5,,7.72,,8.0,8.3,7.5,,0.083,0.1146,0.1097,0.1031,0.1122,0.0972,0.0972,0.0935,0.1027,0.0937,0.0876,0.0875,0.0993,,0.1042,0.1152,,0.0977,0.0949,0.0937,,,0.1129,0.1129,0.1145,,0.1192,,0.1008,0.0965,0.1103,,2026-05-02,7.0,,0.1106,,7.1,7.5,0.0999,0.1103,8.0,,0.0794,,7.25,0.1133,,,3.0,Not Found
c751b2c32f61a76235775c8e44a3d778,soccer_usa_mls,MLS,2026-05-02T23:30:00Z,2026-05-02T23:28:01Z,CF Montreal @ Atlanta United FC,CF Montreal,3.3,,3.1,3.12,3.2,3.35,3.35,3.6,3.25,3.5,3.55,3.54,3.6,,3.57,3.42,,3.25,3.1,3.5,3.45,,3.65,3.65,3.4,3.4,3.36,,3.1,3.4,3.4,,0.2786,,0.2878,0.28,0.2877,0.2812,0.2812,0.2741,0.2792,0.2646,0.2676,0.2716,0.2755,,0.2735,0.2794,,0.2908,0.2877,0.2646,0.2673,,0.2626,0.2626,0.2721,0.2721,0.2876,,0.2877,0.2702,0.2716,,2026-05-02,3.4,,0.2647,,3.1,3.65,0.2828,0.2626,3.4,,0.2615,,3.2,0.2927,,,3.0,Not Found
307200f2c1252e4fb2e4c166ebc9346b,soccer_usa_mls,MLS,2026-05-02T23:30:00Z,2026-05-03T00:10:08Z,Minnesota United FC @ Columbus Crew SC,Draw,3.3,3.1,3.25,3.3,3.1,3.2,3.2,3.7,3.4,3.2,3.15,3.66,3.55,,3.57,,,3.4,3.3,3.2,,,,,3.5,,,,,,,,0.2804,0.2757,0.2739,0.258,0.2849,0.2786,0.2786,0.2668,0.2732,0.2877,0.2882,0.255,0.2767,,0.2737,,,0.2702,0.2655,0.2877,,,,,0.2641,,,,,,,,2026-05-02,3.4,,0.2614,,,,,,3.05,,0.2823,,3.4,0.2609,,,3.0,Not Found
355d7df5b7ecb7185b4678e97b85b5af,soccer_brazil_campeonato,Brazil Série A,2026-05-03T00:00:00Z,2026-05-03T00:10:08Z,Atletico Mineiro @ Cruzeiro,Draw,3.2,2.95,3.05,3.0,3.1,3.05,3.15,3.3,3.2,3.1,3.05,3.45,3.2,,3.23,3.47,,3.14,3.1,3.05,,,3.53,3.53,3.25,3.25,3.49,,3.2,3.28,3.25,,0.2898,0.2928,0.2914,0.29,0.2924,0.2924,0.2854,0.3006,0.2914,0.2973,0.2924,0.2777,0.309,,0.3027,0.2771,,0.2914,0.2874,0.2952,,,0.2663,0.2663,0.2896,0.2859,0.2766,,0.2824,0.2812,0.2838,,2026-05-03,3.2,3.3,0.2803,0.2827,3.15,3.53,0.2768,0.2663,2.95,,0.2928,,,,,,3.0,Not Found
9383f4a8521522896e21c82219c11d9a,baseball_kbo,KBO,2026-05-03T05:00:00Z,2026-05-03T06:41:39Z,NC Dinos @ LG Twins,LG Twins,7.3,,,,8.75,,6.1,,13.0,5.2,,4.68,,,,,,5.85,,,5.0,,,,,,,,,,,,0.1055,,,,0.0764,,0.1315,,0.0434,0.1457,,0.1795,,,,,,0.1309,,,0.1455,,,,,,,,,,,,2026-05-03,9.0,,0.0701,,,,,,,,,,5.0,0.1614,,,2.0,Not Found
bbb61fea9d2749b266e0df55c7a1dbcb,baseball_npb,NPB,2026-05-03T05:01:59Z,2026-05-03T06:41:39Z,Yomiuri Giants @ Hanshin Tigers,Yomiuri Giants,6.6,,,,8.25,9.0,9.0,,9.5,5.8,,5.06,,,,,,8.5,10.0,,6.0,,,,5.5,,,,,,,,0.1212,,,,0.0798,0.0794,0.0794,,0.0719,0.1275,,0.1715,,,,,,0.0781,0.0783,,0.1116,,,,0.1484,,,,,,,,2026-05-03,6.5,,0.1096,,,,,,5.75,,0.1015,,5.25,0.1488,,,2.0,Not Found
3e2c8b55b97e21ab52612099085e6c56,soccer_japan_j_league,J League,2026-05-03T06:00:00Z,2026-05-03T06:41:39Z,Avispa Fukuoka @ Cerezo Osaka,Cerezo Osaka,,3.45,3.55,3.17,3.25,3.65,3.65,,3.7,,,3.59,,,4.35,,,,3.4,,,,,,,,,,,,,,,0.2433,0.2433,,0.2647,0.2322,0.2322,,0.2451,,,0.2587,,,0.2167,,,,0.2557,,,,,,,,,,,,,,2026-05-03,,,,,,,,,,,,,,,,,3.0,Not Found
f4828a1204f353514a5856a6bf9ffaab,soccer_japan_j_league,J League,2026-05-03T08:00:00Z,2026-05-03T08:26:45Z,Nagoya Grampus @ V-Varen Nagasaki,Draw,,2.85,2.9,2.85,2.75,2.82,2.82,,3.15,,,3.24,,,3.33,,,,2.9,,,,,,,,,,,,,,,0.3033,0.3065,,0.3197,,,,0.2935,,,0.2889,,,0.2966,,,,0.3065,,,,,,,,,,,,,,2026-05-03,,,,,,,,,,,,,,,,,3.0,Not Found
6edae26cbcdf6ecbb17e39c5fb92659d,cricket_international_t20,International Twenty20,2026-05-03T09:00:00Z,2026-05-03T08:26:45Z,Australia @ Germany,Germany,1.15,,,,,1.17,1.17,,,,,,,,,1.18,,,,,,,1.17,,,,,,,,1.18,,0.8348,,,,,0.8111,0.8111,,,,,,,,,0.8126,,,,,,,0.8289,,,,,,,,0.8185,,2026-05-03,,,,,,,,,,,,,,,,,2.0,Not Found
715f941d28a7d63ed6f61b19cd669d07,aussierules_afl,AFL,2026-05-03T09:20:41Z,2026-05-03T08:26:45Z,Greater Western Sydney Giants @ Gold Coast Suns,Greater Western Sydney Giants,,,,,,2.2,2.2,2.52,2.45,,,2.46,,,,,,2.35,,2.43,,,,,,2.55,,,,2.28,2.35,,,,,,,0.4108,0.4108,0.3935,0.3794,,,0.3827,,,,,,0.4003,,0.3852,,,,,,0.3714,,,,0.4008,0.386,,2026-05-03,2.4,,0.375,,2.15,,0.41,,,,,,,,,,2.0,Not Found
d61f068070fc35e7aa09a94d842b3d7a,baseball_npb,NPB,2026-05-03T09:00:00Z,2026-05-03T09:49:50Z,Yokohama DeNA BayStars @ Tokyo Yakult Swallows,Yokohama DeNA BayStars,1.25,,,,1.36,1.4,1.36,,1.29,1.26,,1.85,,,,,,1.38,1.36,,1.26,,,,1.67,,,,1.78,,,,0.7701,,,,0.6952,0.6817,0.7037,,0.7405,0.7498,,0.5112,,,,,,0.6837,0.6891,,0.7381,,,,0.5668,,,,0.5405,,,,2026-05-03,1.35,,0.698,,,,,,1.19,,0.7663,,1.8,0.5146,,,2.0,Not Found
2f418314c85b618d37cc9fb8bc837d65,soccer_netherlands_eredivisie,Dutch Eredivisie,2026-05-03T10:15:00Z,2026-05-03T09:49:50Z,Heerenveen @ FC Volendam,Draw,3.9,3.75,3.85,3.85,3.8,3.7,3.7,3.95,3.75,3.85,3.7,3.94,3.95,,4.17,,,4.0,3.5,3.95,3.8,,3.65,3.7,3.7,3.7,3.83,,3.5,3.72,3.65,,0.2375,0.2278,0.2287,0.2263,0.242,0.2521,0.2521,0.2497,0.2466,0.2434,0.2391,0.2426,0.2512,,0.2363,,,0.2332,0.2537,0.2443,0.2386,,0.2547,0.2514,0.249,0.249,0.2473,,0.2537,0.2449,0.2514,,2026-05-03,3.9,3.95,0.2334,0.2329,3.7,3.7,0.2342,0.249,3.7,,0.2382,,,,,,3.0,Not Found
7bbcd3cf0638a1bf8bf62a6ed5e73654,soccer_poland_ekstraklasa,Ekstraklasa - Poland,2026-05-03T10:15:00Z,2026-05-03T09:49:50Z,Nieciecza @ GKS Katowice,GKS Katowice,1.51,1.48,1.5,1.47,1.54,1.52,1.52,1.64,1.57,1.61,1.56,1.58,1.64,,1.64,,,1.55,,1.61,1.57,,1.53,1.53,1.54,1.54,1.55,,,1.55,,,0.6367,0.6305,0.6329,0.636,0.6227,0.6299,0.6299,0.6075,0.6175,0.5999,0.6089,0.6179,0.6075,,,,,0.6298,,0.5999,0.6095,,0.6299,0.6299,0.6219,0.6219,0.6205,,,0.6191,,,2026-05-03,1.52,1.52,0.6281,0.6267,,,,,1.5,,0.6207,,,,,,3.0,Not Found
6e7bf6c593368e5c03b10aaf8837cd0f,soccer_spl,Premiership - Scotland,2026-05-03T11:00:00Z,2026-05-03T09:49:50Z,Celtic @ Hibernian,Hibernian,5.1,,,,4.6,4.95,4.95,5.6,4.9,4.7,4.6,4.96,5.6,,5.26,,,5.0,4.6,4.7,4.6,,4.7,4.7,4.65,4.8,4.68,,4.6,4.75,4.75,,0.175,,,,0.1912,0.1767,0.1767,0.1763,0.1861,0.1922,0.1906,0.1896,0.1763,,0.183,,,0.1834,0.1879,0.1922,0.1906,,0.1888,0.1888,0.1864,0.1801,0.1916,,0.1892,0.1869,0.1884,,2026-05-03,,,,,4.55,,0.1828,,4.5,,0.1879,,,,,,3.0,Not Found
90e405250e2681f47c13a57971832465,soccer_germany_bundesliga2,Bundesliga 2 - Germany,2026-05-03T11:30:00Z,2026-05-03T09:49:50Z,Hertha Berlin @ 1. FC Magdeburg,1. FC Magdeburg,2.1,1.94,2.0,1.97,2.05,2.05,2.05,2.2,2.1,1.97,1.95,2.14,2.2,,2.17,,,2.08,2.1,1.97,1.95,,2.11,2.11,2.05,,,,2.1,2.08,2.1,,0.4555,0.4699,0.4701,0.4743,0.4655,0.4604,0.4604,0.452,0.4595,0.4818,0.4838,0.4559,0.452,,0.4504,,,0.4647,0.4471,0.4818,0.4838,,0.4546,0.4546,0.4621,,,,0.4471,0.4567,0.4544,,2026-05-03,2.1,2.08,0.4555,0.4597,1.96,,0.4723,,1.87,2.08,0.4884,0.4572,,,,,3.0,Not Found
bb624cb4bdfb721401d5a3d3017c921e,soccer_italy_serie_a,Serie A - Italy,2026-05-03T10:30:00Z,2026-05-03T10:40:50Z,Cagliari @ Bologna,Bologna,2.35,2.15,2.25,2.25,2.2,2.25,2.25,2.44,2.3,2.28,2.23,2.33,2.42,,2.38,2.23,,2.38,2.2,2.23,,,2.21,2.21,2.3,2.28,2.21,,2.15,2.29,2.25,,0.4017,0.4164,0.4137,0.4174,0.4253,0.4145,0.4145,0.4059,0.4155,0.4147,0.4241,0.4198,0.4106,,0.4133,0.4335,,0.4071,0.4204,0.4241,,,0.4409,0.4409,0.411,0.4201,0.4421,,0.4343,0.4239,0.4259,,2026-05-03,2.3,2.24,0.4061,0.4295,2.2,2.27,0.43,0.4214,2.18,,0.4254,,,,,,3.0,Not Found
d6565ace31c4fff01b4fd17bd33e447b,soccer_sweden_superettan,Superettan - Sweden,2026-05-03T11:00:00Z,2026-05-03T10:40:50Z,IFK Värnamo @ Östersunds FK,Draw,3.4,,,,3.25,3.35,,3.5,3.4,3.35,3.35,3.33,3.5,,,,,3.5,3.1,3.3,3.3,,3.3,3.3,3.3,3.3,3.26,,3.1,3.26,3.25,,0.273,,,,0.2744,0.2759,,0.2831,0.2754,0.2767,0.2767,0.2842,0.2831,,,,,0.2698,0.2851,0.2747,0.273,,0.2827,0.2827,0.2713,0.2713,0.2804,,0.2851,0.2803,0.2742,,2026-05-03,3.3,,0.2683,,,3.3,,0.2827,,,,,,,,,3.0,Not Found
9ddfdac91469b04e3874bf533ec2f800,soccer_belgium_first_div,Belgium First Div,2026-05-03T11:30:00Z,2026-05-03T10:40:50Z,Gent @ KV Mechelen,Gent,,2.35,2.4,2.42,2.45,2.48,2.48,2.62,2.5,2.5,2.43,2.57,2.62,,2.56,,,2.45,2.45,2.5,2.48,,2.52,2.52,2.45,2.45,2.53,,2.45,2.47,2.5,,,0.3856,0.3865,0.3863,0.389,0.3812,0.3812,0.3762,0.3822,0.3813,0.3814,0.3779,0.3762,,0.3806,,,0.3844,0.374,0.3813,0.3821,,0.3758,0.3758,0.3854,0.3854,0.3795,,0.374,0.3809,0.377,,2026-05-03,,,,,2.35,2.45,0.3936,0.3854,2.4,2.48,0.3834,0.3796,,,,,3.0,Not Found
a37c2542c0d4070cb15baa57326f7274,soccer_germany_liga3,3. Liga - Germany,2026-05-03T11:30:00Z,2026-05-03T11:28:17Z,FC Energie Cottbus @ MSV Duisburg,MSV Duisburg,,,2.7,,,2.72,2.72,3.0,,2.8,2.8,2.79,,,,,,2.7,2.75,2.8,,,2.88,2.88,2.7,,,,,,,,,,0.342,,,0.3383,0.3383,0.3266,,0.3233,0.3233,0.3426,,,,,,0.3432,0.3266,0.3233,,,0.3267,0.3267,0.3361,,,,,,,,2026-05-03,2.95,2.7,0.3159,0.3395,,,,,,2.83,,0.32,,,,,3.0,Not Found
8580759914ea1c28f6f52843f111a5a3,soccer_netherlands_eredivisie,Dutch Eredivisie,2026-05-03T12:31:00Z,2026-05-03T13:48:31Z,Heracles Almelo @ FC Zwolle,FC Zwolle,1.24,1.2,1.2,1.2,1.2,1.18,1.18,1.28,1.21,1.21,1.18,1.24,1.27,,1.27,,,1.25,1.22,1.22,,,,,1.22,,,,,,,,0.7834,0.8013,0.8026,0.8039,0.802,0.817,0.817,0.779,0.8023,0.8041,0.814,0.789,0.7836,,0.7816,,,0.7894,0.7909,0.7967,,,,,0.8016,,,,,,,,2026-05-03,1.16,,0.8323,,,,,,1.15,,0.8255,,,,,,3.0,Not Found
72699a6ac43d7796e1b37683cf8a9691,soccer_france_ligue_one,Ligue 1 - France,2026-05-03T13:00:00Z,2026-05-03T13:48:31Z,Le Havre @ Lille,Lille,1.59,1.5,1.52,1.6,1.61,1.49,1.49,1.67,1.59,1.63,1.63,1.52,1.65,,1.61,,,1.53,1.61,1.63,,,,,1.57,,,,,,,,0.6034,0.6255,0.6302,0.598,0.5939,0.64,0.64,0.596,0.604,0.5886,0.5886,0.6419,0.6009,,0.6141,,,0.6377,0.5849,0.5886,,,,,0.6137,,,,,,,,2026-05-03,1.55,,0.6176,,,,,,1.6,1.53,0.5944,0.634,,,,,3.0,Not Found
e9a50de97428f005339312340bcf68ba,handball_germany_bundesliga,Handball-Bundesliga,2026-05-03T13:00:10Z,2026-05-03T13:48:31Z,TVB Stuttgart @ HSV Hamburg,HSV Hamburg,,1.06,1.08,1.08,,,,,,,,,,,,,,1.06,1.03,,,,,,,,,,,,,,,0.9015,0.8972,0.8838,,,,,,,,,,,,,,0.9199,,,,,,,,,,,,,,,2026-05-03,1.05,,0.9204,,,,,,,,,,,,,,3.0,Not Found
25f39a0e027e310bca25d2c2deb18545,soccer_denmark_superliga,Denmark Superliga,2026-05-03T14:00:00Z,2026-05-03T13:48:31Z,FC Copenhagen @ FC Fredericia,FC Fredericia,5.5,4.5,4.7,4.7,5.0,5.35,5.35,5.9,5.25,5.5,5.4,5.57,5.9,,,5.13,,5.5,5.0,5.5,5.5,,5.3,5.3,5.0,5.0,5.53,,5.0,5.4,5.25,,0.1584,0.1775,0.179,0.1671,0.1786,0.164,0.164,0.166,0.1701,0.1614,0.1544,0.1677,0.166,,,0.1845,,0.1651,0.1594,0.1614,0.1614,,0.1674,0.1674,0.169,0.169,0.1634,,0.1704,0.1614,0.1679,,2026-05-03,,,,,4.75,5.0,0.164,0.169,5.2,5.3,0.1468,0.1645,,,,,3.0,Not Found
9c8f6ddadf7b7bcc0af105e6c54976bc,soccer_switzerland_superleague,Swiss Superleague,2026-05-03T14:30:00Z,2026-05-03T14:38:51Z,BSC Young Boys @ FC Lugano,BSC Young Boys,3.1,2.85,2.95,2.92,2.95,2.92,2.92,3.45,3.15,3.0,2.9,3.27,3.4,,,3.11,,3.0,3.0,3.0,,,3.2,3.2,3.2,3.15,3.09,,3.1,3.14,3.05,,0.3033,0.305,0.3013,0.2989,0.2957,0.3077,0.3077,0.2845,0.2935,0.3002,0.2988,0.2946,0.2873,,,0.3033,,0.3079,0.2977,0.3002,,,0.294,0.294,0.2902,0.289,0.3,,0.2905,0.2946,0.2941,,2026-05-03,,,,,3.0,3.2,0.2929,0.294,2.9,,0.2988,,,,,,3.0,Not Found
ea661caafc4c8c1b1bf5c2ccef1e8e25,soccer_portugal_primeira_liga,Primeira Liga - Portugal,2026-05-03T14:30:00Z,2026-05-03T14:38:51Z,Tondela @ Casa Pia,Casa Pia,2.3,2.2,2.25,2.3,,2.25,2.25,2.42,2.35,2.33,2.25,2.37,2.4,,1.72,2.39,,2.35,2.3,2.3,,,2.36,2.36,2.29,2.36,2.37,,2.3,2.32,2.3,,0.4115,0.4062,0.4072,0.4079,,0.4113,0.4113,0.4078,0.4033,0.3954,0.3977,0.4032,0.4114,,,0.4046,,0.4117,0.4007,0.401,,,0.404,0.404,0.408,0.404,0.4118,,0.4046,0.4069,0.4115,,2026-05-03,2.2,,0.4272,,2.2,,0.4195,,2.25,,0.3977,,,,,,3.0,Not Found
4f49195b18bb1795c3a1a963e6dcae4d,soccer_netherlands_eredivisie,Dutch Eredivisie,2026-05-03T14:45:00Z,2026-05-03T14:38:51Z,FC Twente Enschede @ AZ Alkmaar,Draw,3.7,3.7,3.85,3.73,3.8,3.7,3.7,3.95,3.75,3.8,3.7,3.86,3.95,,3.85,,,4.0,3.5,3.95,3.75,,3.7,3.7,3.7,3.65,4.1,,3.5,3.64,3.65,,0.2484,0.2303,0.2292,0.2349,0.2426,0.2516,0.2516,0.2498,0.2471,0.2467,0.2419,0.2477,0.2509,,0.2469,,,0.2349,0.2544,0.2451,0.245,,0.2519,0.2519,0.2491,0.2526,0.2336,,0.2566,0.2506,0.252,,2026-05-03,3.7,3.8,0.2471,0.2435,3.7,3.7,0.235,0.2519,3.65,,0.2407,,,,,,3.0,Not Found
6d9cc0a176239fde9b91ec22817e4d84,soccer_netherlands_eredivisie,Dutch Eredivisie,2026-05-03T14:45:00Z,2026-05-03T14:38:51Z,Go Ahead Eagles @ Sparta Rotterdam,Draw,3.7,3.7,3.8,3.7,3.8,3.7,3.7,3.9,3.7,3.8,3.65,3.83,3.9,,4.0,,,3.8,3.6,3.9,3.7,,3.65,3.65,3.7,3.65,3.99,,3.6,3.64,3.75,,0.2499,0.2323,0.2328,0.2368,0.2459,0.2537,0.2537,0.2533,0.2522,0.2459,0.2442,0.2499,0.2533,,0.2431,,,0.249,0.2484,0.2474,0.2458,,0.2547,0.2547,0.2491,0.2524,0.2402,,0.2484,0.2505,0.2421,,2026-05-03,3.7,3.8,0.2463,0.2428,3.65,3.65,0.2366,0.2524,3.6,,0.2434,,,,,,3.0,Not Found
aed464635a90528be9e1a3194bfb887b,soccer_sweden_allsvenskan,Allsvenskan - Sweden,2026-05-03T14:30:00Z,2026-05-03T15:30:15Z,Örgryte IS @ GAIS,GAIS,1.18,1.21,1.19,1.16,1.2,1.18,1.18,1.27,,1.17,1.17,1.24,1.27,,,,,1.22,1.22,1.17,,,,,1.21,,,,,,,,0.8189,0.7954,0.8098,0.8157,0.8024,0.8122,0.8122,0.7833,,0.8229,0.8229,0.7871,0.7838,,,,,0.8057,0.7828,0.8229,,,,,0.7982,,,,,,,,2026-05-03,,,,,,,,,1.1,,,,,,,,3.0,Not Found
4ad2ab499ea6b0d3e3c5c0a2e015466d,soccer_germany_bundesliga,Bundesliga - Germany,2026-05-03T17:30:00Z,2026-05-03T17:24:48Z,VfL Wolfsburg @ SC Freiburg,Draw,3.5,3.6,3.65,3.33,3.6,3.55,,3.75,3.45,3.75,3.65,3.62,3.7,,3.7,3.54,,3.55,3.6,3.75,3.6,,3.63,3.65,3.5,3.5,3.67,,3.7,3.65,3.5,,0.267,0.2477,0.2524,0.2699,0.2572,0.2644,,0.2655,0.2604,0.2573,0.2531,0.2668,0.2679,,0.2669,0.2605,,0.2694,0.2443,0.2558,0.254,,0.2637,0.2623,0.2673,0.2673,0.2621,,0.2467,0.2634,0.266,,2026-05-03,3.6,3.6,0.2593,0.2602,3.5,,0.2602,,3.6,3.51,0.2525,0.2668,,,,,3.0,Not Found
8e4b1c0c4469613a90f21da934c79f5e,soccer_turkey_super_league,Turkey Super League,2026-05-03T17:00:00Z,2026-05-03T18:10:32Z,Alanyaspor @ Antalyaspor,Draw,2.3,2.1,2.15,2.25,,2.2,2.2,2.34,,2.28,2.2,2.31,2.36,,2.33,,,2.3,2.15,2.28,,,,,2.26,,,,,,,,0.415,0.4307,0.4284,0.402,,0.4242,0.4242,0.424,,0.4057,0.4101,0.4146,0.4216,,0.4229,,,0.4195,0.4275,0.4057,,,,,0.4135,,,,,,,,2026-05-03,2.2,3.25,0.4247,0.2868,,,,,2.2,,0.4101,,,,,,3.0,Not Found
d922341c1aaa3faeec35dc5af07e4956,baseball_ncaa,NCAA Baseball,2026-05-03T18:00:00Z,2026-05-03T18:10:32Z,East Carolina Pirates @ Memphis Tigers,Memphis Tigers,,,,,4.75,,,,4.7,,,,,,,,,,,,,,,,4.75,,4.48,,,,,,,,,,0.1779,,,,0.1827,,,,,,,,,,,,,,,,0.1779,,0.1879,,,,,,2026-05-03,,,,,,,,,,,,,4.6,0.1813,,,2.0,Not Found
47df34457dce18680e5a57e8d3db5c80,soccer_argentina_primera_division,Primera División - Argentina,2026-05-03T19:00:00Z,2026-05-03T19:18:59Z,Argentinos Juniors @ Gimnasia La Plata,Draw,3.7,3.25,3.35,3.25,3.4,3.3,3.3,3.6,3.5,3.1,3.0,3.24,3.6,,3.57,,,,,,,,,,3.4,,,,,,,,0.2486,0.2607,0.2628,0.2649,0.2573,0.2691,0.2691,0.273,0.2646,0.297,0.2966,0.2856,0.2713,,0.2703,,,,,,,,,,0.2776,,,,,,,,2026-05-03,,,,,,,,,,,,,,,,,3.0,Not Found
f2c772766bf5b2f732be40b16441d85a,baseball_milb,MiLB,2026-05-03T19:05:00Z,2026-05-03T19:18:59Z,Louisville Bats @ Omaha Storm Chasers,Louisville Bats,1.85,,,,,,,,,,,,,,,,,,,,1.79,,1.83,,1.83,,1.83,,1.8,,,,0.5112,,,,,,,,,,,,,,,,,,,,0.5203,,0.5114,,0.5114,,0.5087,,0.516,,,,2026-05-03,,,,,,,,,,,,,,,,,2.0,Not Found
3b77b1c468a84a1f1c0dec18f5164d2e,soccer_usa_mls,MLS,2026-05-03T19:10:00Z,2026-05-03T19:18:59Z,D.C. United @ New York City FC,Draw,3.5,3.15,3.25,3.2,3.25,3.4,3.4,3.65,3.4,3.45,3.45,3.45,3.6,,3.57,,,3.5,3.3,3.45,,,3.75,3.75,3.4,,,,3.3,,,,0.2597,0.2721,0.2729,0.2678,0.2699,0.2608,0.2629,0.2699,0.2755,0.2647,0.2609,0.2718,0.2751,,0.2732,,,0.2603,0.2668,0.2647,,,0.2547,0.2547,0.2717,,,,0.2699,,,,2026-05-03,3.4,,0.2614,,,,,,3.3,,0.2579,,3.45,0.2506,,,3.0,Not Found
3129aca2adb12fa29566e9da3859a944,soccer_brazil_serie_b,Brazil Série B,2026-05-03T21:00:00Z,2026-05-03T20:58:18Z,Ceará @ Sport Recife,Sport Recife,2.2,,,,,2.18,,2.32,2.25,2.28,2.2,2.29,2.3,,,,,2.2,2.25,2.28,2.28,,2.24,2.24,2.2,2.2,2.19,,2.25,2.22,,,0.43,,,,,0.4304,,0.4288,0.4255,0.4173,0.423,0.4237,0.4305,,,,,0.4296,0.4144,0.4173,0.4157,,0.4246,0.4246,0.4258,0.4258,0.4332,,0.4144,0.4242,,,2026-05-03,2.0,2.16,0.4639,0.4332,,,,,,,,,,,,,3.0,Not Found
190afcb8a6d274f3beb479e50c6cd267,soccer_usa_mls,MLS,2026-05-03T21:30:00Z,2026-05-03T20:58:18Z,St. Louis City SC @ Austin FC,St. Louis City SC,2.65,2.4,2.5,2.55,2.5,2.62,2.62,2.82,2.55,2.6,2.65,2.7,2.82,,2.78,2.69,,2.6,2.5,2.6,2.55,,2.7,2.7,2.63,2.65,2.7,,2.5,2.6,2.6,,0.3535,0.3697,0.3659,0.3594,0.3762,0.3647,0.3647,0.3522,0.3648,0.3635,0.3648,0.3594,0.3531,,0.353,0.3614,,0.3689,0.3657,0.3635,0.3685,,0.3587,0.3587,0.359,0.3589,0.3599,,0.3657,0.3606,0.361,,2026-05-03,2.6,,0.3556,,2.5,2.63,0.3629,0.359,2.5,,0.3667,,2.65,0.3573,,,3.0,Not Found
b99a013d48462b80a1e85a7bc7381620,icehockey_ahl,AHL,2026-05-03T23:05:00Z,2026-05-03T23:58:17Z,Springfield Thunderbirds @ Providence Bruins,Providence Bruins,,1.35,1.37,1.35,,,,,,,,,,,1.2,,,,,1.43,1.19,,,,,,,,,,,,,,,,,,,,,,,,,,0.7917,,,,,,0.7903,,,,,,,,,,,,2026-05-03,,,,,,,,,1.36,,,,,,,,2.0,Not Found
7afd8993cbcef67bf9258ac1a426b27c,soccer_brazil_campeonato,Brazil Série A,2026-05-03T23:30:00Z,2026-05-03T23:58:17Z,Corinthians @ Mirassol,Mirassol,2.9,1.56,1.58,2.6,1.4,2.78,2.78,2.84,1.44,2.8,1.42,2.79,1.61,,1.59,,,1.44,1.4,2.75,,,,,1.5,,,,,,,,0.323,0.5958,0.5969,0.34,0.6866,0.3267,0.3267,0.3487,0.6713,0.3314,0.667,0.3399,0.6158,,0.6092,,,0.6713,0.6774,0.3294,,,,,0.6472,,,,,,,,2026-05-03,1.6,,0.5956,,,,,,2.65,,0.3308,,,,,,3.0,Not Found
59108effc4fe4b1cd4a1b4e24767bd57,cricket_international_t20,International Twenty20,2026-05-04T02:00:00Z,2026-05-03T23:58:17Z,Indonesia @ Malaysia,Malaysia,1.09,,,,,1.05,1.05,1.13,,,,1.09,,,,1.07,,,,,,,1.09,,,,,,,,1.1,,0.8873,,,,,0.9048,0.9048,0.88,,,,0.8908,,,,0.9048,,,,,,,0.8969,,,,,,,,0.8776,,2026-05-04,,,,,,,,,,,,,,,,,2.0,Not Found
0de669e0551157015d8b5152ed75458f,baseball_npb,NPB,2026-05-04T06:00:00Z,2026-05-03T23:58:17Z,Hiroshima Toyo Carp @ Yokohama DeNA BayStars,Hiroshima Toyo Carp,2.18,,,,2.15,2.15,2.15,,2.15,2.05,2.05,2.22,,,,,,2.17,2.1,,2.05,,2.2,2.2,2.15,2.07,2.18,,2.19,,2.1,,0.4335,,,,0.4332,0.4384,0.4384,,0.4367,0.4532,0.4532,0.4362,,,,,,0.4363,0.4387,,0.4532,,0.4349,0.4349,0.4332,0.4525,0.4403,,0.4359,,0.4351,,2026-05-04,2.15,,0.4239,,2.05,,0.4372,,2.05,,0.4532,,2.12,0.4364,,,2.0,Not Found
e73e80089d8303636bd78ee4769928e4,baseball_npb,NPB,2026-05-04T05:30:00Z,2026-05-04T04:01:57Z,Hanshin Tigers @ Chunichi Dragons,Chunichi Dragons,2.24,,,,2.1,2.15,2.15,,2.2,2.02,2.02,2.24,,,,,,2.12,2.1,,2.02,,2.25,2.25,2.15,2.1,2.1,,2.12,,2.15,,0.422,,,,0.4422,0.4384,0.4384,,0.4314,0.4585,0.4585,0.4308,,,,,,0.4468,0.4387,,0.4585,,0.4264,0.4264,0.4332,0.4457,0.4572,,0.4501,,0.4239,,2026-05-04,2.2,,0.4148,,2.1,,0.4295,,2.02,,0.4585,,2.17,0.4255,,,2.0,Not Found
4041bbe0339b9941544334a3efd15c20,tennis_wta_italian_open,WTA Italian Open,2026-05-04T08:00:00Z,2026-05-04T04:01:57Z,Diane Parry @ Leolia Jeanjean,Leolia Jeanjean,,,,,,1.71,1.71,,,,,1.74,,,,,,,,,,,1.71,1.71,,,,,,1.72,,,,,,,,0.5449,0.5449,,,,,0.5526,,,,,,,,,,,0.5651,0.5651,,,,,,0.5382,,,2026-05-04,,,,,,,,,,,,,,,,,2.0,Not Found
e38650b6060ebc1c969d0340cf88001c,tennis_atp_italian_open,ATP Italian Open,2026-05-04T08:00:00Z,2026-05-04T06:49:54Z,Mackenzie McDonald @ Daniel Merida Aguilar,Daniel Merida Aguilar,,,,,,1.17,1.17,,,,,1.19,,,,1.23,,,,,,,1.2,1.2,,,,,,1.16,,,,,,,,0.8137,0.8137,,,,,0.8208,,,,0.7951,,,,,,,0.811,0.811,,,,,,0.8174,,,2026-05-04,,,,,,,,,,,,,,,,,2.0,Not Found
f2e012d9f9fcd37325fe376c2c6cd2ac,tennis_atp_italian_open,ATP Italian Open,2026-05-04T08:00:00Z,2026-05-04T06:49:54Z,Jesper De Jong @ Pedro Martinez,Pedro Martinez,,,,,,2.46,2.46,,,,,2.61,,,,2.54,,,,,,,2.68,2.68,,,,,,,,,,,,,,0.3654,0.3654,,,,,0.3648,,,,0.359,,,,,,,0.351,0.351,,,,,,,,,2026-05-04,,,,,,,,,,,,,,,,,2.0,Not Found
1a2ef86904803be06e2e383bd8a5357c,tennis_wta_italian_open,WTA Italian Open,2026-05-04T12:00:00Z,2026-05-04T11:17:49Z,Suzan Lamens @ Lilli Tagger,Lilli Tagger,,,,,,1.2,1.18,,,,,1.28,,,,,,,,,,,1.24,1.24,,,,,,,1.22,,,,,,,0.7885,0.8032,,,,,0.7611,,,,,,,,,,,0.7819,0.7819,,,,,,,0.7765,,2026-05-04,,,,,,,,,,,,,,,,,2.0,Not Found
e367df0fc63cab8b5a73bb18fd0d9ed6,tennis_atp_italian_open,ATP Italian Open,2026-05-04T14:00:00Z,2026-05-04T13:00:02Z,Dalibor Svrcina @ Benjamin Bonzi,Benjamin Bonzi,,,,,,1.59,1.59,,,,,1.63,,,,1.68,,,,,,,1.62,1.62,,,,,,1.54,1.57,,,,,,,0.5892,0.5892,,,,,0.594,,,,0.5774,,,,,,,0.5994,0.5994,,,,,,0.6054,0.5962,,2026-05-04,,,,,,,,,,,,,,,,,2.0,Not Found
699bf1a1a9eb1b2ed120fea0c2225ddf,soccer_epl,EPL,2026-05-04T14:00:00Z,2026-05-04T13:00:02Z,Nottingham Forest @ Chelsea,Nottingham Forest,5.9,5.2,5.3,6.0,5.75,6.5,6.5,6.6,6.0,5.75,5.75,6.05,6.8,,6.25,5.64,,6.12,5.5,5.75,5.75,,5.98,5.98,6.0,6.0,6.25,,5.5,6.4,6.0,,0.1524,0.1647,0.1669,0.1525,0.1544,0.1388,0.1388,0.1496,0.1522,0.166,0.1576,0.1504,0.1454,,0.1535,0.166,,0.1564,0.1533,0.1634,0.1543,,0.1561,0.1561,0.1494,0.1508,0.1554,,0.1562,0.1456,0.1465,,2026-05-04,5.7,5.6,0.1552,0.1612,5.75,,0.1573,,5.6,,0.1512,,5.7,0.1591,,,3.0,Not Found
d1d7487da42606d5e205afd96a42410b,tennis_atp_italian_open,ATP Italian Open,2026-05-04T14:00:00Z,2026-05-04T13:00:02Z,Chris Rodesch @ Dino Prizmic,Chris Rodesch,,,,,,4.7,4.7,,,,,5.09,,,,4.54,,,,,,,4.97,4.97,,,,,,4.85,4.5,,,,,,,0.1753,0.1753,,,,,0.1781,,,,0.1969,,,,,,,0.1769,0.1769,,,,,,0.1645,0.1801,,2026-05-04,,,,,,,,,,,,,,,,,2.0,Not Found
894b90f4ee333320ec24a5004b3f49cd,tennis_atp_italian_open,ATP Italian Open,2026-05-04T14:00:00Z,2026-05-04T13:00:02Z,Christopher O'Connell @ Martin Landaluce,Christopher O'Connell,,,,,,,,,,,,2.58,,,,,,,,,,,2.68,2.68,,,,,,2.49,2.4,,,,,,,,,,,,,0.3691,,,,,,,,,,,0.351,0.351,,,,,,0.3583,0.375,,2026-05-04,,,,,,,,,,,,,,,,,2.0,Not Found
e5bc856f81c35323e96f3f033018e3ac,tennis_wta_italian_open,WTA Italian Open,2026-05-04T14:00:00Z,2026-05-04T13:00:02Z,Federica Urgesi @ Renata Zarazua,Renata Zarazua,,,,,,1.17,1.17,,,,,1.2,,,,,,,,,,,1.18,1.18,,,,,,1.17,1.16,,,,,,,0.8137,0.8137,,,,,0.8134,,,,,,,,,,,0.8231,0.8231,,,,,,0.8111,0.8199,,2026-05-04,,,,,,,,,,,,,,,,,2.0,Not Found
40e655d8c598bf7caac24e31d3809c2f,soccer_league_of_ireland,League of Ireland,2026-05-04T16:00:00Z,2026-05-04T17:03:57Z,St Patricks Athletic @ Sligo Rovers,St Patricks Athletic,1.91,1.86,1.9,,1.98,1.95,1.95,2.02,1.95,2.02,1.95,2.08,2.0,,,,,1.91,,2.02,,,,,1.93,,,,,,,,0.501,0.4888,0.4903,,,0.4728,0.4728,0.4918,0.4865,0.462,0.4671,0.4588,0.4951,,,,,0.4936,,0.462,,,,,0.4899,,,,,,,,2026-05-04,1.85,,0.5091,,,,,,1.89,,,,,,,,3.0,Not Found
e2d319182e97039e828427b732e87942,soccer_spl,Premiership - Scotland,2026-05-04T16:30:00Z,2026-05-04T17:03:57Z,Rangers @ Hearts,Hearts,6.5,,,,6.0,6.8,6.8,7.4,7.0,6.4,6.1,2.78,7.4,,7.14,,,6.5,6.0,6.25,,,,,2.75,,,,,,,,0.1313,,,,0.1245,0.116,0.116,0.1309,0.1205,0.1309,0.125,0.3402,0.1309,,0.1336,,,0.1274,0.1333,0.1308,,,,,0.3399,,,,,,,,2026-05-04,,,,,,,,,6.0,,0.1225,,,,,,3.0,Not Found
ee439f6c88184c37946bbb8c189e979b,tennis_wta_italian_open,WTA Italian Open,2026-05-04T16:56:28Z,2026-05-04T17:03:57Z,Moyuka Uchijima @ Rebeka Masarova,Rebeka Masarova,,,,,,1.77,1.77,,,,,1.84,,,,,,,,,,,1.78,1.77,,,,,,,,,,,,,,0.5248,0.5248,,,,,0.5242,,,,,,,,,,,0.5405,0.5444,,,,,,,,,2026-05-04,,,,,,,,,,,,,,,,,2.0,Not Found
6beed9885e4fba65ec08fe39232a8ce8,soccer_spain_segunda_division,La Liga 2 - Spain,2026-05-04T18:30:00Z,2026-05-04T18:50:24Z,CD Mirandés @ Almería,CD Mirandés,7.0,4.9,5.2,5.0,4.75,5.35,5.35,7.0,5.25,6.5,6.25,7.16,6.8,,6.67,,,5.5,,6.5,,,,,5.6,,,,,,,,0.118,0.1594,0.1579,0.1567,0.1718,0.1532,0.1532,0.1391,0.1691,0.122,0.1155,0.1199,0.1415,,0.143,,,0.1589,,0.122,,,,,0.1574,,,,,,,,2026-05-04,5.0,,0.1669,,,,,,6.0,,,,,,,,3.0,Not Found
09d5570dec06194bdd8124831b9deb5a,soccer_epl,EPL,2026-05-04T19:00:00Z,2026-05-04T18:50:24Z,Manchester City @ Everton,Everton,7.0,6.25,6.25,7.25,6.5,6.3,6.3,7.4,7.0,7.0,7.0,7.25,7.4,,7.14,6.8,,7.2,6.0,7.0,7.0,,7.35,7.35,6.75,6.75,7.09,,6.0,6.55,7.0,,0.126,0.1341,0.1372,0.1235,0.1377,0.1452,0.1452,0.1344,0.1276,0.132,0.126,0.1281,0.1328,,0.1333,0.133,,0.1318,0.1389,0.1288,0.123,,0.1245,0.1245,0.1297,0.1297,0.1306,,0.1389,0.142,0.1269,,2026-05-04,6.7,6.2,0.1286,0.1462,7.4,,0.1207,,7.0,,0.1146,,6.1,0.1465,,,3.0,Not Found
7d2c95d90fadc8d62824ed85ce41d4cf,soccer_argentina_primera_division,Primera División - Argentina,2026-05-04T22:15:00Z,2026-05-04T18:50:24Z,Newells Old Boys @ Velez Sarsfield BA,Velez Sarsfield BA,1.71,1.72,1.76,1.77,1.8,1.82,1.82,1.87,1.83,1.66,1.57,1.79,1.88,,1.75,,,,,,1.65,,1.79,1.79,1.8,,1.77,,,1.75,1.8,,0.5581,0.535,0.5347,0.5317,0.5299,0.5291,0.5291,0.5306,0.5271,0.5817,0.5967,0.5405,0.5299,,0.5675,,,,,,0.5812,,0.5421,0.5421,0.533,,0.5426,,,0.5475,0.5325,,2026-05-04,,,,,1.71,1.79,0.538,0.5421,,,,,,,,,3.0,Not Found
80044e6fc3586ebcf9f4df924a6f9519,baseball_mlb,MLB,2026-05-04T21:41:00Z,2026-05-04T21:19:32Z,New York Mets @ Colorado Rockies,Colorado Rockies,2.18,2.1,2.15,,2.15,2.16,2.16,2.24,2.19,2.2,2.2,2.22,2.24,2.22,2.22,2.25,2.27,,2.2,2.2,2.2,2.26,2.22,2.22,2.14,2.22,2.21,2.27,2.1,2.14,2.25,,0.4387,0.4405,0.4384,,0.4452,0.4356,0.4356,0.4439,0.4342,0.4332,0.4297,0.4411,0.4439,0.4459,0.4395,0.4349,0.4394,,0.4279,0.4332,0.4297,0.4419,0.4379,0.4379,0.4463,0.4379,0.4422,,0.4491,0.4412,0.4349,,2026-05-04,2.2,,0.4242,,2.15,,0.4384,,,,,,2.18,0.4387,Polymarket,2.22,2.0,Not Found
a8b6869ab87cab44f73e7d8fe9c435f5,baseball_mlb,MLB,2026-05-04T22:41:00Z,2026-05-04T21:19:32Z,Philadelphia Phillies @ Miami Marlins,Miami Marlins,1.91,1.84,1.86,,1.91,1.9,1.9,1.96,1.87,1.89,1.88,1.93,1.97,1.96,1.96,1.92,1.95,,1.91,1.89,1.88,1.96,1.92,1.92,1.88,1.93,1.93,1.96,1.91,1.87,1.91,,0.504,0.5113,0.5111,,0.5,0.5,0.5,0.5076,0.511,0.5068,0.5069,0.5091,0.5063,0.5051,0.5051,0.5092,0.5077,,0.5,0.5068,0.5069,0.5076,0.5092,0.5092,0.5082,0.5065,0.5078,0.5,0.5,0.5083,0.5118,,2026-05-04,1.8,,0.524,,1.87,,0.5096,,,,,,1.89,0.5094,Polymarket,1.96,2.0,Not Found
724956d85946d94ae169ea8b4f5299b3,baseball_mlb,MLB,2026-05-04T22:41:00Z,2026-05-04T21:19:32Z,Toronto Blue Jays @ Tampa Bay Rays,Tampa Bay Rays,1.82,1.76,1.78,,1.83,1.79,1.79,1.82,1.79,1.79,1.78,1.83,1.83,1.82,1.82,1.79,1.86,,1.8,1.79,1.77,1.83,1.79,1.79,1.79,1.83,1.83,1.88,1.8,1.78,1.81,,0.5296,0.5341,0.5309,,0.5232,0.5318,0.5318,0.5454,0.5342,0.5378,0.5382,0.5363,0.5439,0.5443,0.54,0.5478,0.5373,,0.5278,0.5378,0.5386,0.5417,0.5457,0.5457,0.5366,0.534,0.5351,,0.5278,0.5358,0.5415,,2026-05-04,1.75,,0.5418,,1.79,,0.5354,,,,,,1.82,0.5296,Polymarket,1.82,2.0,Not Found
04d2ac6ef34845edb85e76c79794c744,baseball_ncaa,NCAA Baseball,2026-05-04T23:00:00Z,2026-05-04T21:19:32Z,Washington St Cougars @ Gonzaga Bulldogs,Washington St Cougars,3.3,,,,3.2,,,,3.1,,,,,,,,3.26,,,,3.1,,2.99,2.99,3.2,2.95,3.03,,,,,,0.2727,,,,0.2803,,,,0.2936,,,,,,,,0.2774,,,,0.2854,,0.3049,0.3049,0.2803,0.3045,0.2946,,,,,,2026-05-04,,,,,,,,,,,,,3.04,0.2941,,,2.0,Not Found
e4bda80384d14cc0b20d065e859907ed,soccer_brazil_serie_b,Brazil Série B,2026-05-04T22:00:00Z,2026-05-04T22:29:53Z,Athletic Club (MG) @ Vila Nova,Vila Nova,1.83,,,,1.87,1.78,1.78,1.86,1.83,1.85,1.8,1.85,1.89,,,,,,1.8,1.8,,,,,1.89,,,,,,,,0.5232,,,,0.4922,0.5298,0.5298,0.5348,0.5251,0.5161,0.5196,0.5185,0.5244,,,,,,0.518,0.5196,,,,,0.5018,,,,,,,,2026-05-04,1.75,,0.5387,,,,,,,,,,,,,,3.0,Not Found
42cd2c9d9860ded679366dcdfe136ea7,baseball_mlb,MLB,2026-05-04T22:10:34Z,2026-05-05T01:13:58Z,Boston Red Sox @ Detroit Tigers,Detroit Tigers,8.5,10.5,14.0,,9.5,1.47,9.74,11.5,9.9,12.5,10.5,6.25,7.2,14.29,14.29,,12.05,,10.0,12.5,11.5,13.0,,,11.0,,,,,,,,0.0871,0.0759,0.0549,,0.0764,0.6536,0.0659,0.0718,0.0697,0.0546,0.0526,0.1375,0.119,0.0633,0.0633,,0.0561,,0.0646,0.0546,0.0484,0.0623,,,0.0647,,,,,,,,2026-05-04,8.0,,0.0817,,,,,,,,,,4.45,0.1957,Polymarket,14.29,2.0,Not Found
df8e2f4e8a0bfcff34d6bbd0619bc3dd,icehockey_nhl,NHL,2026-05-05T01:50:18Z,2026-05-05T01:13:58Z,Anaheim Ducks @ Vegas Golden Knights,Anaheim Ducks,2.4,3.05,3.1,3.0,2.4,2.37,2.37,,2.4,3.25,3.25,2.49,2.56,2.56,2.56,2.45,2.53,3.22,,3.15,2.43,2.56,2.44,2.44,2.4,2.46,3.22,2.55,2.3,3.15,,,0.3939,,,,0.3939,0.3945,0.3945,,0.3958,,,0.3902,0.3886,0.3848,0.3848,0.3896,0.3946,,,,0.3852,0.3867,0.3944,0.3944,0.3978,0.3888,,0.3912,0.4087,,,,2026-05-05,3.1,,,,3.1,2.45,,0.3896,2.95,,,,2.42,0.3881,Polymarket,2.56,2.0,Not Found
26a6c6a99562c1d0e2cbbae881b58400,baseball_kbo,KBO,2026-05-05T05:00:30Z,2026-05-05T06:36:07Z,Kiwoom Heroes @ Samsung Lions,Samsung Lions,1.05,,,,1.04,,1.03,,1.08,,,1.13,,,,,,1.02,,,,,,,1.06,,,,,,,,0.9224,,,,0.9202,,0.94,,0.8915,,,0.8546,,,,,,0.9402,,,,,,,0.905,,,,,,,,2026-05-05,1.01,,0.9496,,,,,,,,,,1.12,0.8555,,,2.0,Not Found
6f8324b75518e1c4b216549413e69ead,baseball_npb,NPB,2026-05-05T05:00:39Z,2026-05-05T06:36:07Z,Hokkaido Nippon-Ham Fighters @ Tohoku Rakuten Golden Eagles,Hokkaido Nippon-Ham Fighters,1.27,,,,1.29,1.26,1.26,,1.29,1.32,,1.32,,,,,,1.25,1.25,,1.29,,,,1.31,,,,,,,,0.7567,,,,0.7405,0.7617,0.7617,,0.7405,0.7149,,0.7286,,,,,,0.7592,0.7529,,0.7209,,,,0.7302,,,,,,,,2026-05-05,1.25,,0.7571,,,,,,1.24,,,,1.35,0.7037,,,2.0,Not Found
e982f441f749b82a4cd42f1583d0f1c5,baseball_kbo,KBO,2026-05-05T05:00:54Z,2026-05-05T06:36:07Z,Hanwha Eagles @ Kia Tigers,Hanwha Eagles,2.16,,,,2.25,,2.08,,2.05,,,2.13,,,,,,2.11,,,,,,,2.05,,,,,,,,0.4339,,,,0.4038,,0.4497,,0.4515,,,0.4371,,,,,,0.4339,,,,,,,0.4515,,,,,,,,2026-05-05,2.1,,0.4351,,,,,,,,,,2.3,0.3948,,,2.0,Not Found
29e40017a94d94c476309b12602a1d69,soccer_korea_kleague1,K League 1,2026-05-05T07:30:00Z,2026-05-05T08:58:38Z,Incheon United @ Daejeon Citizen,Draw,,1.7,1.72,1.72,1.62,1.72,1.78,1.79,1.77,1.79,1.64,1.81,1.81,,1.85,,,1.8,,1.73,,,,,1.89,,,,,,,,,0.5425,0.5465,,0.5731,0.5493,0.5298,0.5425,0.539,0.5266,0.5646,0.5325,0.541,,0.5036,,,0.532,,0.5448,,,,,0.5018,,,,,,,,2026-05-05,1.8,,0.5241,,,,,,1.66,,,,,,,,3.0,Not Found
da0c3f1c446d7df6c060d92d0901b745,tennis_atp_italian_open,ATP Italian Open,2026-05-05T09:00:00Z,2026-05-05T08:58:38Z,Marcelo Tomas Barrios Vera @ Daniel Merida Aguilar,Daniel Merida Aguilar,1.15,,,,,1.18,1.18,1.2,,,,1.23,,,,,1.17,,,,,,,,,,,,,,,,0.8327,,,,,0.8061,0.8032,0.8258,,,,0.8001,,,,,0.8179,,,,,,,,,,,,,,,,2026-05-05,,,,,,,,,,,,,,,,,2.0,Not Found
7daa7581ba98dcac2f435ebdada498c4,tennis_wta_italian_open,WTA Italian Open,2026-05-05T09:00:00Z,2026-05-05T10:53:10Z,Leolia Jeanjean @ Ajla Tomljanovic,Leolia Jeanjean,1.18,,,,,1.16,1.16,1.26,,,,2.09,,,,,1.2,,,,,,,,,,,,,,,,0.8101,,,,,0.8148,0.8174,0.7927,,,,0.4599,,,,,0.7898,,,,,,,,,,,,,,,,2026-05-05,,,,,,,,,,,,,,,,,2.0,Not Found
a40af5b5885984530cdd2db94eed045b,tennis_wta_italian_open,WTA Italian Open,2026-05-05T15:00:00Z,2026-05-05T14:20:00Z,Rebeka Masarova @ Jil Teichmann,Rebeka Masarova,4.0,,,,,3.35,3.9,3.55,,,,3.63,,,,,3.53,,,,,,,,,,,,,,,,0.2152,,,,,0.2556,0.2115,0.2759,,,,0.2618,,,,,0.251,,,,,,,,,,,,,,,,2026-05-05,,,,,,,,,,,,,,,,,2.0,Not Found
2621d7470e35c8b1a4e01b58ecd0d97d,tennis_wta_italian_open,WTA Italian Open,2026-05-05T13:00:00Z,2026-05-05T17:46:12Z,Tamara Korpatsch @ Mayar Sherif,Tamara Korpatsch,1.11,,,,,1.05,1.05,1.07,,,,1.45,,,,,,,,,,,,,,,,,,,,,0.8671,,,,,0.9048,0.9048,,,,,0.6736,,,,,,,,,,,,,,,,,,,,,2026-05-05,,,,,,,,,,,,,,,,,2.0,Not Found
eb95249217ba1fe73ba977b4d3713737,tennis_wta_italian_open,WTA Italian Open,2026-05-05T16:00:00Z,2026-05-05T17:46:12Z,Shuai Zhang @ Ann Li,Ann Li,1.31,1.31,1.33,1.29,1.34,1.3,1.3,1.35,1.36,1.33,1.3,1.3,1.38,,,,1.31,1.35,1.36,1.33,1.33,,,,,,,,,,,,0.7388,0.6999,0.7005,0.7289,0.7118,0.7397,0.7397,0.7352,0.7079,0.7244,0.7259,0.7561,0.7174,,,,0.74,0.7156,0.701,0.7244,0.7221,,,,,,,,,,,,2026-05-05,1.3,,0.7331,,,,,,1.27,,0.7324,,,,,,2.0,Not Found
0aa8a99b13f2a16e1cfcb9deceee500c,basketball_euroleague,Basketball Euroleague,2026-05-05T16:00:00Z,2026-05-05T17:46:12Z,Real Madrid @ Hapoel Tel Aviv,Hapoel Tel Aviv,1.07,1.13,1.19,,1.15,1.13,1.08,1.08,1.1,1.18,1.16,1.28,1.27,,,,,1.66,1.08,1.18,1.17,,,,,,,,,,,,0.9048,0.8159,0.8091,,0.8348,0.8472,0.883,0.913,0.8831,0.8217,0.8199,0.7469,0.7466,,,,,0.5729,0.8915,0.8217,0.8162,,,,,,,,,,,,2026-05-05,,,,,,,,,1.12,,0.8288,,1.35,0.7037,,,2.0,Not Found
f3df07dd72b759828e43d61cb813a166,soccer_uefa_champs_league,UEFA Champions League,2026-05-05T19:00:00Z,2026-05-05T17:46:12Z,Atlético Madrid @ Arsenal,Draw,4.3,4.3,4.5,4.35,4.33,4.25,,4.5,4.2,4.2,4.1,4.39,4.5,,,4.15,,4.3,4.0,4.25,4.1,,4.33,4.33,4.25,4.33,4.43,,4.0,4.45,4.2,,0.217,0.2093,0.2064,0.2186,0.2115,0.2229,,0.2197,0.2218,0.227,0.227,0.2169,0.2208,,,0.2275,,0.2251,0.2263,0.2276,0.2219,,0.2222,0.2222,0.2177,0.2123,0.2204,,0.225,0.2168,0.2202,,2026-05-05,,4.2,,0.222,4.5,4.3,0.2135,0.2145,4.2,4.2,0.2195,0.2196,,,,,3.0,Not Found
8e797b3dbfb3fd19dcd8141d0f844206,soccer_conmebol_copa_sudamericana,Copa Sudamericana,2026-05-05T22:00:00Z,2026-05-05T17:46:12Z,Clube Atlético Mineiro @ CA Juventud,Draw,,,,,,,,3.25,3.2,,3.1,3.21,3.25,,,,,3.35,3.0,3.2,,,,,,,3.14,,3.0,,,,,,,,,,,0.3022,0.294,,0.2893,0.2945,0.3022,,,,,0.2813,0.303,0.2927,,,,,,,0.2941,,0.303,,,,2026-05-05,,,,,3.05,,0.2851,,,,,,,,,,3.0,Not Found
d0fc0be7b7fc2cd89661387f5f1c4ddb,soccer_saudi_arabia_pro_league,Saudi Pro League,2026-05-05T18:00:00Z,2026-05-05T18:58:16Z,Al-Hilal @ Al-Khaleej,Al-Hilal,,1.42,1.45,1.35,,,,1.52,,1.38,1.35,1.52,,,1.52,,,,1.44,1.36,,,,,,,,,,,,,,0.6572,0.6548,,,,,0.6539,,0.6988,0.7042,0.6341,,,0.6487,,,,,0.7006,,,,,,,,,,,,,2026-05-05,1.45,,0.658,,,,,,1.27,,,,,,,,3.0,Not Found
64a5c0e6f69ead98f8a4548894c12fe1,soccer_conmebol_copa_sudamericana,Copa Sudamericana,2026-05-05T22:00:00Z,2026-05-05T18:58:16Z,Caracas FC @ Club Independiente Petrolero,Caracas FC,,,,,,,,,3.45,,3.05,3.41,3.7,,,,,3.3,3.3,3.2,,,,,3.35,,3.38,,3.3,,,,,,,,,,,,0.2725,,0.292,0.2694,0.2693,,,,,0.2859,0.2692,0.2912,,,,,0.2763,,0.2715,,0.2692,,,,2026-05-05,,,,,3.15,,0.2725,,,,,,,,,,3.0,Not Found
4430486f25d395b408672cd7f212120e,baseball_ncaa,NCAA Baseball,2026-05-05T22:00:00Z,2026-05-05T20:14:51Z,Clemson Tigers @ Coastal Carolina Chanticleers,Clemson Tigers,2.42,,,,2.35,,,,2.3,,,,,,,,2.36,,2.25,,2.33,,2.36,2.36,2.3,2.35,2.31,,,,,,0.3819,,,,0.3943,,,,0.4049,,,,,,,,0.4013,,0.4038,,0.392,,0.3934,0.3934,0.4029,0.3943,0.398,,,,,,2026-05-05,,,,,,,,,,,,,2.33,0.3941,,,2.0,Not Found
3d1fb7e4761d8cd904865e8ae0e8e902,baseball_ncaa,NCAA Baseball,2026-05-05T22:00:00Z,2026-05-05T21:17:22Z,High Point Panthers @ UNC Wilmington Seahawks,High Point Panthers,,,,,1.95,,,,1.95,,,,,,,,1.91,,,,1.93,,,,1.95,,,,,,,,,,,,0.4832,,,,0.4786,,,,,,,,0.4777,,,,0.4782,,,,0.4786,,,,,,,,2026-05-05,,,,,,,,,,,,,1.95,0.4771,,,2.0,Not Found
273f238a1c16b0588d12214b156339cd,soccer_conmebol_copa_libertadores,Copa Libertadores,2026-05-05T22:00:00Z,2026-05-05T22:16:02Z,Libertad Asuncion @ Rosario Central,Rosario Central,,1.37,1.36,1.36,,1.38,1.38,1.36,,,1.3,,,,,,,1.4,1.33,1.34,,,,,1.4,1.37,,,1.35,,,,,0.6906,0.6997,0.707,,0.6945,0.6945,0.7312,,,0.7344,,,,,,,0.6992,0.7188,0.7234,,,,,0.6928,0.712,,,0.7155,,,,2026-05-05,,1.33,,0.722,,,,,1.27,1.38,0.7428,0.7007,,,,,3.0,Not Found
168c34d6e93d9d24d9f8fe7469e3c69b,baseball_ncaa,NCAA Baseball,2026-05-05T22:30:00Z,2026-05-05T22:16:02Z,UCF Knights @ Florida Atlantic Owls,UCF Knights,,,,,1.36,,,,1.37,,,,,,,,1.37,,,,1.38,,,,,,1.41,,,,,,,,,,0.701,,,,0.6983,,,,,,,,0.6977,,,,0.6869,,,,,,0.6735,,,,,,2026-05-05,,,,,,,,,,,,,1.38,0.6881,,,2.0,Not Found
d207dc9b2d5bd24643ca44c5c604fa65,baseball_milb,MiLB,2026-05-05T22:35:00Z,2026-05-05T22:16:02Z,Rochester Red Wings @ Syracuse Mets,Rochester Red Wings,2.08,,,,,,,,,,,,,,,,,,,,2.1,,2.09,,2.05,,2.02,,2.05,,,,0.453,,,,,,,,,,,,,,,,,,,,0.4387,,0.4468,,0.4565,,0.4585,,0.4498,,,,2026-05-05,,,,,,,,,,,,,,,,,2.0,Not Found
a8b783017594a8659e09d12cccf0a332,baseball_ncaa,NCAA Baseball,2026-05-05T23:00:00Z,2026-05-05T23:14:27Z,Cal Poly Mustangs @ Santa Clara Broncos,Santa Clara Broncos,,,,,2.4,,,,2.5,,,,,,,,,,,,2.38,,2.43,2.43,2.5,2.43,2.38,,,,,,,,,,0.3837,,,,0.3689,,,,,,,,,,,,0.3833,,0.3811,0.3811,0.3667,0.3811,0.3854,,,,,,2026-05-05,,,,,,,,,,,,,2.44,0.376,,,2.0,Not Found
64e99d2cb1f34295f2ef2db3798abf2f,icehockey_ahl,AHL,2026-05-05T23:08:00Z,2026-05-05T23:14:27Z,Laval Rocket @ Toronto Marlies,Toronto Marlies,,3.1,3.25,2.07,,,,,,,,,,,2.38,2.39,,,,3.85,2.55,,,,,,2.22,,1.73,,,,,,,,,,,,,,,,,,0.4142,0.3866,,,,,0.344,,,,,,,,0.539,,,,2026-05-05,,,,,2.1,,,,3.6,,,,,,,,2.0,Not Found
0526387cf230a76b775c939cbd5b2ee8,soccer_japan_j_league,J League,2026-05-06T04:00:00Z,2026-05-06T04:02:14Z,Cerezo Osaka @ Shimizu S Pulse,Cerezo Osaka,,2.45,2.55,2.48,2.55,2.62,2.58,,2.6,,,2.73,,,2.7,,,,2.5,,,,,,,,,,2.5,2.62,,,,0.3601,0.3556,0.3698,0.368,0.3539,0.3615,,0.3635,,,0.3549,,,0.3637,,,,0.3652,,,,,,,,,,0.3652,0.3577,,,2026-05-06,,,,,2.4,2.55,0.3794,0.3695,,,,,,,,,3.0,Not Found
d384234c2fc0745579de3ff7459ef16d,soccer_japan_j_league,J League,2026-05-06T04:00:00Z,2026-05-06T04:02:14Z,Fagiano Okayama @ V-Varen Nagasaki,Fagiano Okayama,,2.4,2.4,2.4,2.45,2.78,2.48,,2.55,,,2.59,,,2.56,,,,2.5,,,,,,,,,,2.45,2.54,,,,0.368,0.3812,0.3828,0.3843,0.3333,0.3747,,0.3671,,,0.3751,,,0.3671,,,,0.366,,,,,,,,,,0.3748,0.3696,,,2026-05-06,,,,,2.35,2.55,0.3887,0.3703,,,,,,,,,3.0,Not Found
123392c6230b69714046c995f5315fea,baseball_npb,NPB,2026-05-06T05:00:00Z,2026-05-06T04:02:14Z,Hiroshima Toyo Carp @ Yokohama DeNA BayStars,Yokohama DeNA BayStars,1.91,,,,1.91,1.9,1.9,,1.91,1.93,1.93,1.96,,,,,,1.91,1.85,,1.93,,1.91,1.91,1.87,,1.94,,1.91,,1.85,,0.4972,,,,0.4944,0.5,0.5,,0.4944,0.4843,0.4843,0.496,,,,,,0.5,0.5,,0.4843,,0.5,0.5,0.5,,0.4973,,0.5,,0.5,,2026-05-06,1.8,,0.5146,,1.85,,0.4955,,1.93,,0.4843,,1.88,0.4957,,,2.0,Not Found
336759fdfdb07378f45380fbac8ee367,soccer_japan_j_league,J League,2026-05-06T06:00:00Z,2026-05-06T06:41:35Z,JEF United Chiba @ FC Tokyo,JEF United Chiba,,2.6,2.7,2.6,,6.1,2.65,,2.8,,,3.03,,,2.94,,,,2.8,,,,,,,,,,,,,,,0.3349,0.3331,,,0.1371,0.3379,,0.3355,,,0.3104,,,0.3168,,,,0.3214,,,,,,,,,,,,,,2026-05-06,,,,,,,,,,,,,,,,,3.0,Not Found
9d765e1c18c8e759965cf43cbbc9d2ff,soccer_japan_j_league,J League,2026-05-06T07:00:00Z,2026-05-06T06:41:35Z,Yokohama F Marinos @ FC Machida Zelvia,Yokohama F Marinos,,3.6,3.75,3.85,3.9,4.35,,,3.9,,,4.01,,,,,,,3.8,,,,,,,,,,3.8,4.05,,,,0.2323,0.2333,0.2264,0.2317,0.2027,,,0.2381,,,0.238,,,,,,,0.2332,,,,,,,,,,0.2332,0.2232,,,2026-05-06,,,,,3.85,3.9,0.2228,0.2354,,,,,,,,,3.0,Not Found
d7c5dded6ce3ef856025bd5bac06e8cc,tennis_wta_italian_open,WTA Italian Open,2026-05-06T09:00:00Z,2026-05-06T06:41:35Z,Alina Korneeva @ Panna Udvardy,Alina Korneeva,2.3,2.3,2.35,2.32,2.25,2.29,2.29,2.34,2.31,2.33,2.33,2.32,2.34,,,2.36,2.29,2.32,,2.33,2.33,,2.3,2.3,,2.25,2.28,,,2.31,2.2,,0.4087,0.4087,0.4079,0.4106,0.4136,0.4116,0.4116,0.4247,0.4078,0.4021,0.4021,0.4143,0.4247,,,0.3934,0.4225,0.4161,,0.4021,0.4021,,0.418,0.418,,0.4192,0.4125,,,0.4059,0.4148,,2026-05-06,,,,,2.3,,0.4068,,2.3,,0.3989,,,,,,2.0,Not Found
d5eba24edc1e1dd6f7830f1a72851f27,tennis_wta_italian_open,WTA Italian Open,2026-05-06T09:08:00Z,2026-05-06T11:20:11Z,Magdalena Frech @ Alexandra Eala,Alexandra Eala,1.22,1.05,1.06,1.07,1.07,1.03,1.03,1.13,1.08,1.08,1.06,3.19,1.11,,,,,1.48,1.22,1.08,1.07,,,,,,,,,,,,0.7962,0.9072,0.905,0.8932,0.9006,0.94,0.94,0.8444,0.9048,0.9005,0.9003,0.297,0.888,,,,,0.6506,0.7848,0.9005,0.9006,,,,,,,,,,,,2026-05-06,1.08,,0.886,,,,,,1.04,,0.9093,,,,,,2.0,Not Found
42dfa2b0f7cf2dd566563694572afb28,soccer_japan_j_league,J League,2026-05-06T10:00:00Z,2026-05-06T11:20:11Z,Urawa Red Diamonds @ Kashiwa Reysol,Urawa Red Diamonds,,1.43,1.43,1.35,1.4,3.1,3.3,,1.39,,,3.27,,,1.56,,,,1.44,,,,,,,,,,,,,,,0.6599,0.664,,0.6754,0.296,0.2629,,0.6968,,,0.2852,,,0.634,,,,0.6566,,,,,,,,,,,,,,2026-05-06,,,,,,,,,,,,,,,,,3.0,Not Found
a276f519d88dde1ed58a88032ec542ce,tennis_wta_italian_open,WTA Italian Open,2026-05-06T12:00:00Z,2026-05-06T11:20:11Z,Maria Sakkari @ Lilli Tagger,Lilli Tagger,2.3,2.2,2.25,,2.18,2.33,2.33,2.34,2.33,2.35,2.35,2.24,2.34,,,2.42,2.28,2.35,2.3,2.35,2.35,,2.24,2.24,,2.25,2.25,,2.3,,2.1,,0.4087,0.4261,0.4246,,0.4263,0.404,0.404,0.4247,0.404,0.4003,0.4003,0.4308,0.4247,,,0.3921,0.4252,0.4097,0.4068,0.4003,0.4003,,0.4274,0.4274,,0.4192,0.4192,,0.4087,,0.4351,,2026-05-06,2.35,,0.3838,,,,,,2.32,,0.397,,,,,,2.0,Not Found
5b0957a665cca873ded298a79f9dd42a,tennis_wta_italian_open,WTA Italian Open,2026-05-06T13:00:00Z,2026-05-06T13:08:54Z,Sara Bejlek @ Laura Siegemund,Sara Bejlek,1.83,1.82,1.76,1.73,1.74,1.8,1.8,1.86,1.8,1.87,1.81,1.85,2.02,,,,1.78,1.8,1.8,1.87,1.85,,,,,,,,,,,,0.5232,0.4969,0.529,0.5326,0.5374,0.5214,0.5214,0.5352,0.5265,0.5083,0.506,0.5215,0.4898,,,,0.5284,0.5303,0.516,0.5083,0.5085,,,,,,,,,,,,2026-05-06,1.8,,0.5214,,,,,,1.77,,0.5093,,,,,,2.0,Not Found
4db9c8bd15e2e7ff6f12034851e8166c,tennis_atp_italian_open,ATP Italian Open,2026-05-06T13:10:00Z,2026-05-06T13:08:54Z,Francisco Comesana @ Jan-Lennard Struff,Jan-Lennard Struff,2.84,2.8,2.85,2.7,2.7,2.75,2.75,2.82,2.68,2.7,2.7,2.75,2.82,,,2.79,2.85,2.85,2.6,2.7,2.7,,2.72,2.72,,2.75,2.73,,2.6,2.7,2.55,,0.3288,0.3289,0.333,0.3404,0.3404,0.3394,0.3394,0.3526,0.3487,0.345,0.345,0.3485,0.3526,,,0.3436,0.3376,0.3353,0.359,0.345,0.345,,0.3483,0.3483,,0.3417,0.3407,,0.359,0.3427,0.3513,,2026-05-06,2.7,2.7,0.328,0.3404,2.65,2.8,0.3366,0.3337,2.63,,0.3453,,,,,,2.0,Not Found
cb43ecab0940744e964f76e4ef49bc32,tennis_wta_italian_open,WTA Italian Open,2026-05-06T13:10:00Z,2026-05-06T13:08:54Z,Tamara Korpatsch @ Solana Sierra,Solana Sierra,1.6,1.62,1.66,1.53,1.62,1.57,1.57,1.75,1.51,1.61,1.61,1.7,1.76,,,1.67,1.71,1.58,1.61,1.61,1.61,,1.65,1.65,,,1.58,,1.62,1.67,1.62,,0.6006,0.5864,0.5838,0.6094,0.5814,0.6057,0.6057,0.5683,0.6343,0.595,0.595,0.5739,0.5667,,,0.5857,0.5778,0.6081,0.5932,0.595,0.595,,0.5884,0.5884,,,0.6081,,0.5913,0.5721,0.5761,,2026-05-06,1.55,,0.6052,,1.61,,0.5932,,1.6,,0.5932,,,,,,2.0,Not Found
1b8287550068c725b634ece1b96c7867,tennis_wta_italian_open,WTA Italian Open,2026-05-06T13:30:00Z,2026-05-06T13:08:54Z,Anastasia Potapova @ Dalma Galfi,Dalma Galfi,3.2,3.15,3.25,3.12,3.1,3.2,3.2,3.45,2.96,3.0,3.0,3.26,3.5,,,3.11,3.27,3.25,3.1,3.0,3.0,,3.14,3.14,,3.15,3.1,,3.1,3.12,2.9,,0.2886,0.2884,0.2889,0.3031,0.2936,0.2886,0.2886,0.2852,0.3143,0.3043,0.3043,0.2911,0.2831,,,0.2958,0.2825,0.2915,0.2936,0.3043,0.3043,,0.2969,0.2969,,0.2964,0.2963,,0.2936,0.2926,0.3048,,2026-05-06,3.2,,0.2716,,3.15,,0.2884,,2.95,,0.3072,,,,,,2.0,Not Found
264168e5bcdd737aa4b44834674992a0,tennis_wta_italian_open,WTA Italian Open,2026-05-06T13:30:00Z,2026-05-06T13:08:54Z,Simona Waltert @ Yuliia Starodubtseva,Yuliia Starodubtseva,1.74,1.72,1.74,1.74,1.69,1.73,1.73,1.8,1.7,1.73,1.73,1.77,1.8,,,1.69,1.76,1.77,1.73,1.73,1.73,,1.72,1.72,,1.71,1.72,,1.73,,1.7,,0.5515,0.5526,0.5548,0.5537,0.5578,0.5532,0.5532,0.5546,0.5637,0.5532,0.5532,0.5499,0.5526,,,0.5686,0.5558,0.5499,0.5509,0.5532,0.5532,,0.5613,0.5613,,0.5543,0.5537,,0.5509,,0.5441,,2026-05-06,1.7,,0.5502,,1.71,,0.5543,,1.71,,0.552,,,,,,2.0,Not Found
c093a77ef81c56ce2216065108a200aa,tennis_atp_italian_open,ATP Italian Open,2026-05-06T13:00:00Z,2026-05-06T15:33:11Z,Jaume Munar @ Matteo Arnaldi,Matteo Arnaldi,2.2,2.0,2.1,2.13,2.15,2.2,2.2,2.28,2.17,2.06,2.0,2.23,2.24,,,,2.22,2.2,2.0,2.06,2.04,,,,,,,,,,,,0.4314,0.4375,0.4332,0.4242,0.4295,0.4242,0.4242,0.4336,0.431,0.4602,0.4576,0.4301,0.4423,,,,0.4258,0.4332,0.461,0.4602,0.4594,,,,,,,,,,,,2026-05-06,2.2,,0.4148,,,,,,1.94,,0.4601,,,,,,2.0,Not Found
403b134630bd165ec8bfe9286e6d75ee,tennis_wta_italian_open,WTA Italian Open,2026-05-06T15:07:00Z,2026-05-06T15:33:11Z,Eva Lys @ Katie Boulter,Katie Boulter,1.37,1.34,1.37,1.33,1.43,1.4,1.42,1.41,1.36,1.44,1.41,1.88,1.54,,,,1.38,1.33,1.44,1.44,1.43,,,,,,,,,,,,0.7037,0.6808,0.6831,0.7035,0.6645,0.6877,0.6767,0.7031,0.7074,0.6654,0.6645,0.5134,0.6422,,,,0.6792,0.7267,0.6564,0.6654,0.6645,,,,,,,,,,,,2026-05-06,,,,,,,,,1.38,,0.6662,,,,,,2.0,Not Found
efc7bed8d3aa72d834cdb55492ae7239,tennis_wta_italian_open,WTA Italian Open,2026-05-06T14:50:00Z,2026-05-06T17:08:04Z,Rebeka Masarova @ Oksana Selekhmeteva,Rebeka Masarova,1.4,1.34,1.37,1.39,1.43,1.27,1.27,1.43,1.4,1.38,1.34,1.43,1.42,,,,1.23,1.4,1.4,1.38,1.36,,,,,,,,,,,,0.6905,0.6808,0.6831,0.6724,0.6645,0.7586,0.7586,0.6981,0.6859,0.6984,0.7007,0.6824,0.6882,,,,0.7415,0.6894,0.6753,0.6984,0.701,,,,,,,,,,,,2026-05-06,1.4,,0.6786,,,,,,1.32,,0.7033,,,,,,2.0,Not Found
5c64c398188c494df679d84b7a866614,basketball_euroleague,Basketball Euroleague,2026-05-06T17:02:00Z,2026-05-06T17:08:04Z,Fenerbahce SK @ Žalgiris,Fenerbahce SK,2.0,1.68,1.78,,1.57,1.8,1.76,1.85,1.77,1.76,2.0,2.2,1.9,,,2.06,,1.71,1.85,2.07,2.02,,2.18,2.18,2.15,,,,2.09,2.18,2.1,,0.4675,0.5259,0.5284,,0.6011,0.5146,0.5277,0.5322,0.5325,0.5425,0.4559,0.4349,0.4791,,,0.4554,,0.5543,0.5,0.4558,0.4568,,0.4387,0.4387,0.4402,,,,0.4567,0.437,0.444,,2026-05-06,,,,,,,,,1.65,,0.544,,2.1,0.4351,,,2.0,Not Found
00d3fb15b3f36ef7d9fcbc0bc4f87be9,tennis_atp_italian_open,ATP Italian Open,2026-05-06T17:20:00Z,2026-05-06T17:08:04Z,Giovanni Mpetshi Perricard @ Jacob Fearnley,Giovanni Mpetshi Perricard,2.46,2.4,2.4,2.4,2.3,2.38,2.38,2.48,2.43,2.4,2.4,2.39,2.48,,,2.29,2.43,2.4,2.3,2.4,2.4,,2.45,2.45,,2.3,2.3,,2.3,2.31,2.25,,0.3848,0.3837,0.3837,0.3958,0.4068,0.3956,0.3956,0.4004,0.3873,0.3878,0.3878,0.4043,0.4004,,,0.4058,0.399,0.4016,0.4068,0.3878,0.3878,,0.3935,0.3935,,0.4087,0.4087,,0.4087,0.4059,0.4038,,2026-05-06,2.35,2.36,0.3838,0.3934,2.35,,0.4022,,2.35,,0.3923,,,,,,2.0,Not Found
71fad9f636c723c1e774d7aa9651880b,baseball_mlb,MLB,2026-05-06T17:16:00Z,2026-05-06T18:57:54Z,Milwaukee Brewers @ St. Louis Cardinals,St. Louis Cardinals,16.0,17.0,18.0,,17.5,25.0,28.0,1.01,,,,,,29.41,25.0,,20.83,14.0,12.0,,,21.0,,,,,,,,,,,0.0362,0.044,0.0376,,0.0335,0.0346,0.0277,,,,,,,0.0316,0.0346,,0.0386,0.0455,0.0466,,,0.0384,,,,,,,,,,,2026-05-06,,,,,,,,,,,,,13.0,0.0483,Polymarket,29.41,2.0,Not Found
30985b2de1c1ed30f2e2fd8caf711d21,baseball_mlb,MLB,2026-05-06T17:11:00Z,2026-05-06T18:57:54Z,Toronto Blue Jays @ Tampa Bay Rays,Toronto Blue Jays,13.0,13.0,14.0,,10.0,9.16,15.0,9.2,10.9,15.0,,7.56,9.0,12.5,14.29,9.8,11.11,12.0,,15.0,,12.0,,,7.0,,,,,,,,0.0483,0.0577,0.0549,,0.0738,0.0738,0.0526,0.0998,0.0604,0.0383,,0.1116,0.0605,0.077,0.0633,0.0748,0.0688,0.0562,,0.0431,,0.07,,,0.1127,,,,,,,,2026-05-06,7.5,,0.0905,,,,,,,,,,7.0,0.1127,Polymarket,12.5,2.0,Not Found
bd85ab302972ab39355e0e7baa91a454,baseball_mlb,MLB,2026-05-06T19:46:00Z,2026-05-06T18:57:54Z,San Diego Padres @ San Francisco Giants,San Diego Padres,1.93,1.88,1.9,,1.91,1.92,1.92,2.0,1.93,1.87,1.85,1.99,2.0,2.0,2.0,1.98,2.03,1.91,1.91,1.85,1.85,2.01,1.98,1.98,1.93,1.97,1.98,1.96,1.91,1.92,1.95,,0.5,0.4971,0.4972,,0.5,0.4945,0.4945,0.4962,0.4945,0.5123,0.5152,0.4922,0.4962,0.4949,0.4949,0.4935,0.4912,0.5,0.5,0.5165,0.5125,0.4962,0.4935,0.4935,0.4931,0.4947,0.4948,0.5013,0.5,0.4945,0.5,,2026-05-06,1.85,,0.5112,,1.92,,0.4959,,,,,,1.94,0.496,Polymarket,2.0,2.0,Not Found
628ffe70c81a93469658974fc989f068,tennis_atp_italian_open,ATP Italian Open,2026-05-06T19:10:00Z,2026-05-06T18:57:54Z,Alexander Blockx @ Federico Coria,Federico Coria,4.15,4.0,4.2,4.4,,4.1,4.1,4.8,4.13,4.2,4.2,4.35,4.8,,,4.1,4.57,,4.0,4.2,4.2,,4.04,4.04,,4.25,3.81,,4.0,,3.75,,0.2173,0.2218,0.219,0.2071,,0.2187,0.2187,0.2042,0.2178,0.2125,0.2125,0.2149,0.2042,,,0.2187,0.2157,,0.225,0.2125,0.2125,,0.2269,0.2269,,0.2078,0.2375,,0.225,,0.2235,,2026-05-06,,,,,,,,,4.1,,0.2121,,,,,,2.0,Not Found
541c5e45c0f5393079508826d283ea6e,soccer_uefa_champs_league,UEFA Champions League,2026-05-06T19:02:00Z,2026-05-06T20:42:37Z,Paris Saint Germain @ Bayern Munich,Paris Saint Germain,1.48,1.43,1.45,1.48,1.44,1.45,1.45,1.63,1.45,1.34,1.34,1.57,1.5,,,,,1.45,1.44,1.34,1.32,,,,1.53,,,,,,,,0.652,0.663,0.6632,0.6501,0.6677,0.6603,0.6603,0.6127,0.6701,0.7237,0.7237,0.6191,0.6645,,,,,0.6689,0.6582,0.7237,0.7273,,,,0.6346,,,,,,,,2026-05-06,,,,,,,,,1.3,1.55,0.735,0.6238,,,,,3.0,Not Found
64ec8e44354186617728e30ee7cb10d6,soccer_conmebol_copa_libertadores,Copa Libertadores,2026-05-06T22:00:00Z,2026-05-06T20:42:37Z,Club Bolívar @ Deportivo La Guaira,Club Bolívar,,2.5,2.55,2.58,,,2.68,2.8,,,2.55,2.74,,,,2.64,,2.65,2.62,2.55,2.55,,2.68,2.68,2.7,2.7,2.67,,2.62,2.59,2.7,,,0.3607,0.3615,0.3612,,,0.3503,0.3545,,,0.3703,0.3485,,,,0.3582,,0.3607,0.3494,0.3703,0.372,,0.3562,0.3562,0.3554,0.3554,0.3609,,0.3494,0.3622,0.3479,,2026-05-06,,2.6,,0.3552,2.45,,0.3667,,2.48,2.69,0.3698,0.348,,,,,3.0,Not Found
ff7f83a253f42256ef00878450ae80cf,baseball_ncaa,NCAA Baseball,2026-05-06T22:00:00Z,2026-05-06T20:42:37Z,Florida Gulf Coast Eagles @ Florida Int'l Golden Panthers,Florida Gulf Coast Eagles,1.36,,,,1.4,,,,1.4,,,,,,,,,,,,,,1.43,1.43,1.4,1.43,1.39,,,,,,0.7064,,,,0.6847,,,,0.6847,,,,,,,,,,,,,,0.6698,0.6698,0.6817,0.6658,0.6861,,,,,,2026-05-06,,,,,,,,,,,,,1.42,0.6696,,,2.0,Not Found
7c8599e9c6e56d41644315e289cbebfe,soccer_conmebol_copa_sudamericana,Copa Sudamericana,2026-05-06T22:00:00Z,2026-05-06T21:46:26Z,Vasco da Gama @ Audax Italiano,Vasco da Gama,,,,,,,,2.36,2.3,,2.33,2.31,2.38,,,,,2.35,2.25,2.43,,,,,2.3,,2.3,,2.25,,,,,,,,,,,0.4219,0.4164,,0.3952,0.4164,0.4196,,,,,0.4087,0.4144,0.3926,,,,,0.4129,,0.4174,,0.4144,,,,2026-05-06,,,,,2.1,,0.4303,,,,,,,,,,3.0,Not Found
1f36c9c3759f3bd6a621b6121624f205,soccer_conmebol_copa_sudamericana,Copa Sudamericana,2026-05-06T22:00:00Z,2026-05-06T22:35:13Z,Palestino @ Montevideo City Torque,Montevideo City Torque,,,,,,,2.05,2.12,2.0,,2.04,2.0,2.08,,,,,2.1,2.0,2.16,,,,,2.0,,,,,,,,,,,,,,0.4546,0.4675,0.4765,,0.4553,0.4784,0.4675,,,,,0.45,0.4637,0.4386,,,,,0.4788,,,,,,,,2026-05-06,,,,,,,,,,,,,,,,,3.0,Not Found
9cf494502384c70222329e8c44cb9fe0,soccer_conmebol_copa_libertadores,Copa Libertadores,2026-05-06T22:00:00Z,2026-05-06T23:32:51Z,Estudiantes La Plata @ Cusco FC,Draw,,1.54,1.54,1.64,,1.55,1.55,1.68,,,1.51,1.83,,,,,,1.62,1.53,1.56,,,,,1.61,,,,,,,,,0.6043,0.6144,0.583,,0.6116,0.6116,0.5936,,,0.6241,0.5224,,,,,,0.6041,0.6172,0.6147,,,,,0.6032,,,,,,,,2026-05-06,,,,,,,,,1.48,1.55,0.6303,0.6168,,,,,3.0,Not Found
d146e10295545e18ac8915a1f5860317,basketball_nba,NBA,2026-05-06T23:14:00Z,2026-05-07T01:20:29Z,Philadelphia 76ers @ New York Knicks,Philadelphia 76ers,2.64,2.0,2.0,2.7,2.0,2.55,2.1,2.96,2.0,1.97,1.93,2.98,2.5,2.13,2.38,,2.06,2.5,2.1,1.97,1.96,2.26,,,2.75,,,,,,,,0.3493,,0.4593,0.3202,0.4675,0.3559,0.4405,0.3356,0.4675,0.4776,0.4782,0.3157,0.3753,0.4645,0.4194,,0.4695,0.3667,0.4491,0.4776,0.4773,0.4371,,,0.3322,,,,,,,,2026-05-06,1.95,,0.4707,,,,,,1.89,,0.4772,,3.2,0.2859,Polymarket,2.13,2.0,Not Found
ebfcea2492b1fb2f631a7808e415b35b,tennis_wta_italian_open,WTA Italian Open,2026-05-06T19:12:00Z,2026-05-07T04:48:15Z,Ajla Tomljanovic @ Noemi Basiletti,Ajla Tomljanovic,1.91,1.72,1.8,1.83,1.91,,,1.79,1.78,1.88,1.83,,,,,,,,1.73,1.88,1.87,,,,,,1.87,,,,,,0.4944,0.5275,0.5278,0.5,0.4915,,,0.5412,0.5321,0.5042,0.503,,,,,,,,0.539,0.5042,0.5014,,,,,,0.5083,,,,,,2026-05-06,,,,,,,,,1.79,,0.5031,,,,,,2.0,Not Found
b2f387a6f0cdc15ce25748d3904ce964,tennis_wta_italian_open,WTA Italian Open,2026-05-07T09:00:00Z,2026-05-07T07:35:18Z,Mirra Andreeva @ Antonia Ruzic,Mirra Andreeva,1.07,1.08,1.09,1.09,1.07,1.08,1.08,1.1,1.09,1.08,1.08,1.1,1.09,,,1.11,1.09,1.09,1.06,1.08,,,1.1,1.09,,1.09,1.07,,1.07,1.07,1.07,,0.9141,0.8984,0.8999,0.8992,0.9028,0.9005,0.9005,0.9069,0.8954,0.9005,0.9005,0.8956,0.9087,,,0.8878,0.8967,0.9032,0.9092,0.9005,,,0.8862,0.8953,,0.8962,0.9056,,0.9048,0.9056,0.8959,,2026-05-07,1.04,,0.9198,,1.08,,0.8963,,1.07,,0.9048,,,,,,2.0,Not Found
7b8668a83ebc565d45b9cb81b20cddc9,tennis_wta_italian_open,WTA Italian Open,2026-05-07T09:00:00Z,2026-05-07T07:35:18Z,Qinwen Zheng @ Cristina Bucsa,Cristina Bucsa,6.3,5.9,6.25,5.9,5.25,5.8,5.8,6.6,5.55,5.5,5.5,6.06,6.4,,,5.62,5.65,6.25,5.5,5.5,,,5.43,5.43,,5.25,5.25,,5.5,5.45,5.5,,0.1329,0.1423,0.1414,0.15,0.1605,0.1476,0.1476,0.1447,0.1553,0.1561,0.1561,0.1515,0.1471,,,0.1688,0.1421,0.1452,0.1523,0.1561,,,0.161,0.161,,0.1605,0.1642,,0.1523,0.157,0.1445,,2026-05-07,5.3,,0.1479,,5.5,,0.1523,,5.25,,0.1605,,,,,,2.0,Not Found
393ca4e895eb31c5f62aba648df7f777,tennis_atp_italian_open,ATP Italian Open,2026-05-07T09:00:00Z,2026-05-07T07:35:18Z,Miomir Kecmanovic @ Dalibor Svrcina,Dalibor Svrcina,1.94,1.94,1.98,1.96,1.91,1.94,1.94,2.06,1.97,1.97,1.97,2.05,2.04,,,2.01,2.02,2.0,2.0,1.97,,,2.02,2.02,,1.93,1.94,,2.0,1.94,1.95,,0.4918,0.4889,0.4894,0.4891,0.4944,0.4904,0.4904,0.4837,0.4821,0.4791,0.4791,0.4736,0.4763,,,0.4725,0.4787,0.484,0.4722,0.4791,,,0.4728,0.4728,,0.4843,0.4889,,0.4722,0.4889,0.4707,,2026-05-07,1.95,1.93,0.4707,0.4888,1.93,,0.4888,,1.95,,0.4802,,,,,,2.0,Not Found
5bac17d270a2fe1f1f7c203ba3c943da,tennis_wta_italian_open,WTA Italian Open,2026-05-07T09:00:00Z,2026-05-07T07:35:18Z,Elise Mertens @ Panna Udvardy,Elise Mertens,1.23,1.24,1.26,1.24,1.24,1.25,1.25,1.27,1.23,1.24,1.24,1.25,1.26,,,1.19,1.22,1.26,1.22,1.24,,,1.26,1.26,,1.26,1.25,,1.22,1.24,1.2,,0.7902,0.7782,0.7778,0.7856,0.7782,0.775,0.775,0.7826,0.7891,0.7813,0.7813,0.784,0.7832,,,0.8014,0.7908,0.7778,0.7908,0.7813,,,0.7731,0.7731,,0.7693,0.775,,0.7908,0.7798,0.7917,,2026-05-07,1.2,,0.7917,,1.23,,0.7799,,1.24,,0.7766,,,,,,2.0,Not Found
99a925b26d442a7c700cbf14fd6909d3,rugbyleague_nrl,NRL,2026-05-07T09:50:00Z,2026-05-07T10:06:06Z,Canterbury Bulldogs @ Dolphins,Dolphins,,1.66,1.72,,,1.6,1.82,,,1.56,1.51,,,,,,,,,1.56,,,,,,,,,,,,,,0.5587,0.5492,,,0.6015,0.5258,,,,,,,,,,,,,,,,,,,,,,,,,,2026-05-07,1.6,,0.5944,,,,,,,,,,,,,,3.0,Not Found
3fa1be9343163b51bfa4721e9b43a10c,tennis_atp_italian_open,ATP Italian Open,2026-05-07T10:30:00Z,2026-05-07T12:03:32Z,Alexander Blockx @ Federico Cinà,Alexander Blockx,2.0,1.5,1.56,1.72,,1.8,1.8,1.56,1.78,1.76,1.71,2.31,1.54,,,,1.52,,1.7,1.76,1.74,,,,,,,,,,,,0.4768,0.5952,0.5932,0.5343,,0.5278,0.5278,0.6394,0.5321,0.5425,0.5424,0.4134,0.6435,,,,0.6366,,0.5502,0.5425,0.5423,,,,,,,,,,,,2026-05-07,1.8,,0.5214,,,,,,1.67,,0.543,,,,,,2.0,Not Found
3ae6d9ef1dc088c290c9305e268d88e6,tennis_wta_italian_open,WTA Italian Open,2026-05-07T12:01:42Z,2026-05-07T12:03:32Z,Sorana Cirstea @ Tatjana Maria,Tatjana Maria,7.5,6.5,7.5,6.25,7.0,6.5,6.5,10.5,8.4,6.1,6.0,7.8,9.2,,,5.93,8.13,7.5,7.5,6.1,5.75,,7.32,7.32,,7.28,5.55,,6.5,6.7,6.5,,0.1037,0.1096,0.095,0.1127,0.1085,0.1224,0.1224,0.0931,0.1008,0.1395,0.1246,0.1137,0.0998,,,0.1495,0.0985,0.108,0.095,0.1395,0.1405,,0.1138,0.1138,,0.1141,0.1553,,0.1265,0.1201,0.114,,2026-05-07,6.5,,0.114,,5.8,,0.1317,,5.4,,0.1339,,,,,,2.0,Not Found
66e00237fc7e316bbb83889ae9f27707,tennis_atp_italian_open,ATP Italian Open,2026-05-07T13:00:00Z,2026-05-07T14:45:16Z,Juan Manuel Cerundolo @ Cristian Garin,Juan Manuel Cerundolo,1.87,1.7,1.74,1.9,1.62,1.75,1.75,1.79,1.71,1.73,1.68,1.97,2.14,,,,2.04,1.8,1.8,1.73,1.71,,,,,,,,,,,,0.511,0.5337,0.5323,0.4823,0.5814,0.5357,0.5357,0.5561,0.5554,0.5509,0.5501,0.4878,0.4619,,,,0.4658,0.5339,0.516,0.5509,0.552,,,,,,,,,,,,2026-05-07,1.75,,0.5357,,,,,,1.64,,0.5511,,,,,,2.0,Not Found
d51e2169bd5f7531e29618e56aad5347,tennis_atp_italian_open,ATP Italian Open,2026-05-07T14:20:00Z,2026-05-07T14:45:16Z,Tomas Machac @ Stefanos Tsitsipas,Stefanos Tsitsipas,1.8,1.8,1.86,1.87,1.85,1.9,1.9,1.94,1.87,1.8,1.74,1.56,1.8,,,,1.82,1.9,1.8,1.8,1.78,,1.67,1.67,,,,,,,,,0.5278,0.5031,0.5,0.4896,0.5085,0.5,0.5,0.5126,0.5056,0.5303,0.5296,0.6229,0.5484,,,,0.5332,0.5,0.516,0.5303,0.5309,,0.582,0.582,,,,,,,,,2026-05-07,1.85,,0.5071,,,,,,1.71,,0.5306,,,,,,2.0,Not Found
cd56a2bdc531e128488ce862fb68fcb6,tennis_atp_italian_open,ATP Italian Open,2026-05-07T15:10:00Z,2026-05-07T14:45:16Z,Alex Michelsen @ Sebastian Ofner,Alex Michelsen,2.46,2.5,2.55,2.52,2.35,2.42,2.42,2.6,2.46,2.45,2.45,2.56,2.6,,,2.45,2.6,2.55,2.5,2.45,2.45,,2.53,2.53,,2.5,2.51,,2.5,2.55,2.4,,0.3827,0.3711,0.3756,0.3758,0.3943,0.3881,0.3881,0.3837,0.3827,0.3815,0.3815,0.3768,0.3837,,,0.3751,0.3817,0.3776,0.3732,0.3815,0.3815,,0.3771,0.3771,,0.3795,0.3724,,0.3732,0.365,0.375,,2026-05-07,2.35,2.41,0.3838,0.3849,2.55,,0.3627,,2.4,,0.3837,,,,,,2.0,Not Found
d0e5758b794ec4188c147a6f61260fdf,tennis_atp_italian_open,ATP Italian Open,2026-05-07T15:20:00Z,2026-05-07T14:45:16Z,Valentin Royer @ Hamad Medjedovic,Hamad Medjedovic,1.32,1.33,1.34,1.32,1.31,1.34,1.34,1.35,1.34,1.35,1.35,1.34,1.35,,,1.36,1.34,1.34,1.33,1.35,1.35,,1.34,1.34,,1.33,1.33,,1.33,1.32,1.28,,0.7359,0.7244,0.7282,0.7309,0.7346,0.7216,0.7216,0.7352,0.7216,0.7141,0.7141,0.7327,0.7352,,,0.7161,0.7331,0.7303,0.7244,0.7141,0.7141,,0.7248,0.7248,,0.7221,0.7267,,0.7244,0.73,0.7391,,2026-05-07,1.3,1.33,0.7284,0.7221,1.33,,0.7221,,1.34,,0.7144,,,,,,2.0,Not Found
76333004909d913ac4a172ac834d2aa7,cricket_ipl,IPL,2026-05-07T14:00:00Z,2026-05-07T16:28:40Z,Royal Challengers Bangalore @ Lucknow Super Giants,Royal Challengers Bangalore,,,,,,,2.3,,2.35,2.4,2.32,,2.66,,,,,,,,,,,,,,,,,,,,,,,,,,0.3884,,0.3983,0.3878,0.3844,,0.3735,,,,,,,,,,,,,,,,,,,,2026-05-07,,,,,,,,,,,,,,,,,2.0,Not Found
6ea660d6d55e2a5168fd92eb01e16b87,baseball_mlb,MLB,2026-05-07T18:11:00Z,2026-05-07T18:10:00Z,Cleveland Guardians @ Kansas City Royals,Kansas City Royals,1.77,1.74,1.74,,1.74,1.76,1.76,1.85,1.79,1.72,1.71,1.84,1.84,1.85,1.79,1.79,1.84,1.73,1.71,1.72,1.7,1.83,1.79,1.79,1.76,1.79,,1.85,1.67,1.76,1.79,,0.5444,0.5374,0.5493,,0.5493,0.5425,0.5425,0.5366,0.5342,0.5603,0.5609,0.5336,0.5381,0.5355,0.5489,0.5478,0.5392,0.5532,0.5598,0.5603,0.5616,0.5396,0.5457,0.5457,0.5449,0.5468,,,0.5721,0.5414,0.5478,,2026-05-07,1.75,,0.5418,,1.79,,0.5293,,,,,,1.77,0.5444,Polymarket,1.85,2.0,Not Found
9f20022b8a5a2624398c002e259d0aa2,soccer_uefa_europa_conference_league,UEFA Europa Conference League,2026-05-07T19:00:00Z,2026-05-07T19:54:25Z,Shakhtar Donetsk @ Crystal Palace,Crystal Palace,2.25,,,2.15,2.2,2.15,2.15,2.4,2.3,,,2.31,,,,,,2.3,2.25,2.23,,,,,2.25,,,,,,,,0.4207,,,0.4226,0.4223,0.4309,0.4309,0.4154,0.4116,,,0.4135,,,,,,0.4213,0.413,0.4252,,,,,0.4191,,,,,,,,2026-05-07,,,,,,,,,,2.25,,0.4249,,,,,3.0,Not Found
6e8b3119282f32a767159bfc4f1d4648,soccer_uefa_europa_conference_league,UEFA Europa Conference League,2026-05-07T19:03:00Z,2026-05-07T19:54:25Z,Rayo Vallecano @ Strasbourg,Rayo Vallecano,1.45,,,2.75,1.5,1.49,1.49,1.6,1.53,,,1.53,,,,,,1.55,1.5,1.5,,,,,1.5,,,,,,,,0.6642,,,0.3306,0.6381,0.6365,0.6365,0.6239,0.6314,,,0.6341,,,,,,0.6335,0.6339,0.6432,,,,,0.6468,,,,,,,,2026-05-07,,,,,,,,,,1.5,,0.6481,,,,,3.0,Not Found
f4d33ca59c725dbbfedbbb93791cc009,soccer_conmebol_copa_libertadores,Copa Libertadores,2026-05-07T22:00:00Z,2026-05-07T19:54:25Z,LDU Quito @ Mirassol,Draw,,3.8,4.0,,,3.7,3.7,4.1,,,4.0,4.1,,,,4.08,,4.05,3.7,4.1,4.1,,4.1,4.1,4.0,4.05,4.04,,3.7,3.88,3.9,,,0.2176,0.2193,,,0.2464,0.2464,0.2412,,,0.2256,0.2289,,,,0.2226,,0.231,0.2401,0.2231,0.2246,,0.2269,0.2269,0.233,0.2296,0.2331,,0.2401,0.2338,0.2351,,2026-05-07,,3.85,,0.2302,3.8,,0.2245,,3.95,3.89,0.2214,0.2333,,,,,3.0,Not Found
73babf22fa4465967538db255138cc2d,baseball_milb,MiLB,2026-05-07T22:35:00Z,2026-05-07T19:54:25Z,Rochester Red Wings @ Syracuse Mets,Rochester Red Wings,1.89,,,,,,,,,,,,,,,,,,,,2.15,,1.83,,2.05,,1.91,,1.8,,,,0.5,,,,,,,,,,,,,,,,,,,,0.4277,,0.5114,,0.4565,,0.4855,,0.516,,,,2026-05-07,,,,,,,,,,,,,,,,,2.0,Not Found
4d8a7d6f10d4e381df3410c93345b071,baseball_mlb,MLB,2026-05-07T19:41:00Z,2026-05-07T21:03:07Z,Pittsburgh Pirates @ Arizona Diamondbacks,Pittsburgh Pirates,1.61,1.52,1.56,,1.67,1.64,1.64,1.55,1.62,1.66,1.57,2.81,1.52,1.64,1.67,1.6,1.6,1.57,1.57,1.66,1.6,1.62,,,1.45,,,,,,,,0.5913,0.6067,0.6122,,0.57,0.5712,0.5712,0.6427,0.5834,0.5739,0.5881,0.3331,0.5975,0.6049,,0.6006,0.6084,0.6101,0.5962,0.5739,0.5852,0.602,,,0.6561,,,,,,,,2026-05-07,1.6,,0.5852,,,,,,,,,,1.5,0.6373,Polymarket,1.64,2.0,Not Found
cfffe6c91a11a71ad834af6eb9beb33d,tennis_wta_italian_open,WTA Italian Open,2026-05-07T17:00:00Z,2026-05-07T21:03:07Z,Iva Jović @ McCartney Kessler,Iva Jović,1.18,1.09,1.15,1.07,1.04,1.12,1.12,1.19,1.06,1.11,1.03,1.12,1.09,,,,1.1,1.19,1.06,1.05,1.05,,,,,,,,,,,,0.8237,0.871,0.8237,0.8932,0.9252,0.8664,0.8664,0.8354,0.9278,0.8735,0.9266,0.887,0.9077,,,,0.883,0.816,0.905,0.9262,0.9206,,,,,,,,,,,,2026-05-07,1.12,,0.8555,,,,,,1.07,,0.878,,,,,,2.0,Not Found
b27f279dfcb7b20f20ea91de6099d0ec,soccer_conmebol_copa_sudamericana,Copa Sudamericana,2026-05-07T22:00:00Z,2026-05-07T21:03:07Z,Millonarios @ CA Boston River,Draw,,,,,,,,3.65,3.65,,3.35,3.62,3.7,,,,,3.6,3.4,3.45,,,,,3.5,,3.54,,3.4,,,,,,,,,,,0.2707,0.255,,0.2666,0.2581,0.2698,,,,,0.2625,0.2649,0.2687,,,,,0.2614,,0.2584,,0.2649,,,,2026-05-07,,,,,3.2,,0.2692,,,,,,,,,,3.0,Not Found
2eefe65c21f87ece63e797cca39c58e8,baseball_milb,MiLB,2026-05-07T22:35:00Z,2026-05-07T21:03:07Z,Memphis Redbirds @ Toledo Mud Hens,Toledo Mud Hens,2.02,,,,,,,,,,,,,,,,,,,,2.2,,1.95,,,,2.04,,2.0,,,,0.465,,,,,,,,,,,,,,,,,,,,0.4167,,0.4786,,,,0.4527,,0.461,,,,2026-05-07,,,,,,,,,,,,,,,,,2.0,Not Found
c6a6ee568782d120b5a94eaa3dea761d,baseball_milb,MiLB,2026-05-07T22:05:00Z,2026-05-07T22:12:58Z,Scranton/Wilkes-Barre RailRiders @ Worcester Red Sox,Scranton/Wilkes-Barre RailRiders,1.82,,,,,,,,,,,,,,,,,,,,2.05,,1.83,,2.05,,,,1.8,,,,0.5196,,,,,,,,,,,,,,,,,,,,0.4463,,0.5114,,0.4445,,,,0.516,,,,2026-05-07,,,,,,,,,,,,,,,,,2.0,Not Found
cc2ca6e37f573f3de3924a997779c317,icehockey_ahl,AHL,2026-05-07T23:00:00Z,2026-05-07T22:12:58Z,W-B/Scranton Penguins @ Hershey Bears,Draw,,3.75,4.1,3.95,,,,,,,,,,,,4.23,,,,4.3,,,,,,,4.1,,,,,,,,0.2072,0.2133,,,,,,,,,,,,0.2163,,,,0.2044,,,,,,,0.2142,,,,,,2026-05-07,,,,,3.85,,0.2129,,4.3,,0.2044,,,,,,3.0,Not Found
e623a6f506ea0ada98582f44e0dcdf8e,soccer_conmebol_copa_sudamericana,Copa Sudamericana,2026-05-07T22:00:00Z,2026-05-07T23:12:45Z,Sao Paulo @ O'Higgins,Sao Paulo,,,,,,,3.9,4.6,4.3,,4.4,4.09,4.3,,,,,4.33,4.0,4.6,,,,,4.3,,,,,,,,,,,,,,0.2132,0.2158,0.2106,,0.1872,0.2227,0.2311,,,,,0.2049,0.21,0.192,,,,,0.2084,,,,,,,,2026-05-07,,,,,,,,,,,,,,,,,3.0,Not Found
e773245c788355f87c5971db88a571cd,baseball_milb,MiLB,2026-05-07T23:05:00Z,2026-05-07T23:12:45Z,Charlotte Knights @ Jacksonville Jumbo Shrimp,Charlotte Knights,2.0,,,,,,,,,,,,,,,,,,,,2.02,,2.05,,2.0,,1.96,,2.0,,,,0.4691,,,,,,,,,,,,,,,,,,,,0.4568,,0.4565,,0.4675,,0.4726,,0.461,,,,2026-05-07,,,,,,,,,,,,,,,,,2.0,Not Found
5e967e63277ac74eaeaf8e723fbbb43e,baseball_ncaa,NCAA Baseball,2026-05-08T00:00:00Z,2026-05-07T23:12:45Z,Auburn Tigers @ Mississippi St Bulldogs,Auburn Tigers,2.42,,,,2.4,,,,2.35,,,,,,,,2.65,,2.38,,2.38,,2.43,2.43,2.35,2.43,2.29,,,,,,0.3819,,,,0.3837,,,,0.3943,,,,,,,,0.3702,,0.3833,,0.379,,0.3811,0.3811,0.3923,0.3811,0.4019,,,,,,2026-05-08,,,,,,,,,,,,,2.33,0.3941,,,2.0,Not Found
ce3438dde2bf2a5862ea0f2cf8e87fd7,soccer_conmebol_copa_libertadores,Copa Libertadores,2026-05-08T00:00:00Z,2026-05-07T23:12:45Z,Club Universitario de Deportes @ Coquimbo Unido,Draw,,2.85,3.0,2.97,,2.92,2.92,3.1,,,3.05,2.93,,,,2.95,,2.9,,3.05,3.1,,2.93,2.93,3.05,2.93,3.0,,,2.91,2.85,,,0.3027,0.2999,0.3106,,0.3185,0.3185,0.3194,,,0.305,0.325,,,,0.3189,,0.3291,,0.3057,0.3042,,0.3246,0.3246,0.3135,0.3246,0.3192,,,0.3198,0.3271,,2026-05-08,,2.9,,0.3137,2.85,,0.3082,,2.95,2.85,0.3054,0.3276,,,,,3.0,Not Found
01ce87afc3b701c0bae09b62dc95f87c,baseball_mlb,MLB,2026-05-07T22:41:00Z,2026-05-08T00:08:58Z,Baltimore Orioles @ Miami Marlins,Baltimore Orioles,2.96,2.85,2.9,,2.8,2.81,2.81,3.0,2.83,3.1,2.95,3.18,2.66,3.03,3.03,,3.0,3.0,2.7,3.1,2.95,2.96,,,3.25,,,,,,,,0.3066,0.3078,0.3153,,0.3313,0.3182,0.3182,0.3218,0.3195,0.2936,0.2964,0.2896,0.3176,0.3249,0.3202,,0.317,0.3095,0.328,0.2936,0.2991,0.3217,,,0.2751,,,,,,,,2026-05-07,2.7,,0.328,,,,,,,,,,3.4,0.2624,Polymarket,3.03,2.0,Not Found
6a8df0a421267729c2f1fdb7cefa1163,icehockey_nhl,NHL,2026-05-08T00:10:00Z,2026-05-08T00:08:58Z,Carolina Hurricanes @ Philadelphia Flyers,Carolina Hurricanes,1.58,1.96,1.98,2.0,1.61,1.58,1.58,,1.6,2.0,1.96,1.61,1.62,1.61,1.61,1.61,1.62,2.01,,1.92,,1.62,1.61,1.61,1.59,1.62,1.92,1.64,1.57,2.01,,,0.6098,,,,0.6022,0.6055,0.6055,,0.6042,,,0.6089,0.6133,0.6152,0.6106,0.6022,0.611,,,,,0.6118,0.6056,0.6048,0.6104,0.5986,,0.6041,0.6084,,,,2026-05-08,1.95,,,,1.99,1.61,,0.6022,1.83,,,,1.61,0.596,Polymarket,1.61,2.0,Not Found
3390690b6a715f6cf4faaf7c359ee21d,baseball_ncaa,NCAA Baseball,2026-05-07T23:03:09Z,2026-05-08T00:08:58Z,Louisville Cardinals @ Miami Hurricanes,Louisville Cardinals,2.16,,,,2.25,,,,2.24,,,,,,,,,,,,1.97,,,,,,,,,,,,0.4303,,,,0.4038,,,,0.4146,,,,,,,,,,,,0.4648,,,,,,,,,,,,2026-05-07,,,,,,,,,,,,,2.0,0.4559,,,2.0,Not Found
8ad916b8c6ad8166d46cc1b2f39a9a82,soccer_conmebol_copa_sudamericana,Copa Sudamericana,2026-05-08T00:30:00Z,2026-05-08T00:08:58Z,River Plate @ Carabobo FC,Draw,,,,,,,,3.15,3.0,,3.1,3.1,3.15,,,,,3.2,2.9,3.2,,,,,3.05,,2.88,,2.9,,,,,,,,,,,0.3135,0.3155,,0.2895,0.3052,0.3135,,,,,0.2956,0.3144,0.2919,,,,,0.3019,,0.3229,,0.3144,,,,2026-05-08,,,,,2.95,,0.2916,,,,,,,,,,3.0,Not Found
2aa2a20876d2b72a2cd69ed5d2ac1c0f,baseball_milb,MiLB,2026-05-08T00:35:00Z,2026-05-08T00:08:58Z,Tacoma Rainiers @ El Paso Chihuahuas,El Paso Chihuahuas,1.78,,,,,,,,,,,,,,,,,,,,1.73,,1.74,,1.77,,1.77,,1.73,,,,0.5309,,,,,,,,,,,,,,,,,,,,0.5415,,0.5435,,0.5325,,0.5274,,0.539,,,,2026-05-08,,,,,,,,,,,,,,,,,2.0,Not Found
a306b74e13d87d2f8d64b1e01c2cf958,basketball_nba,NBA,2026-05-08T01:45:52Z,2026-05-08T03:53:14Z,Los Angeles Lakers @ Oklahoma City Thunder,Los Angeles Lakers,9.0,7.25,7.75,6.75,6.25,7.0,8.0,7.6,6.75,11.5,9.5,11.72,11.0,11.24,11.11,,9.26,7.5,8.0,11.5,10.0,4.0,,,7.5,,,,,,,,0.0839,0.0835,0.0928,0.1024,0.1295,0.1127,0.0908,0.131,0.1236,0.0627,0.0672,0.0572,0.0825,0.0858,0.0863,,0.0953,0.1037,0.0908,0.0627,0.0692,,,,0.1037,,,,,,,,2026-05-08,7.0,,0.1041,,,,,,9.0,,0.0605,,7.75,0.0972,Polymarket,11.24,2.0,Not Found
fb98c375df55f7f70d2f35b2209bdd61,baseball_mlb,MLB,2026-05-08T02:11:00Z,2026-05-08T03:53:14Z,St. Louis Cardinals @ San Diego Padres,San Diego Padres,2.34,2.25,2.4,,2.3,2.29,2.42,2.62,2.24,2.33,2.25,2.15,2.14,2.44,2.27,2.36,2.34,2.3,2.05,2.33,2.28,2.34,,,2.55,,,,,,,,0.3972,0.3933,0.3878,,0.4087,0.3999,0.3755,0.3764,0.4146,0.4021,0.3996,0.4402,0.4231,0.4055,0.4296,0.3994,0.4106,0.4144,0.4445,0.4021,0.3988,0.4106,,,0.3605,,,,,,,,2026-05-08,2.1,,0.4351,,,,,,,,,,2.35,0.3902,Polymarket,2.44,2.0,Not Found
9921dc2609b5d8b0ab52dd0bafdf5382,icehockey_ahl,AHL,2026-05-08T02:09:00Z,2026-05-08T03:53:14Z,Ontario Reign @ Coachella Valley Firebirds,Ontario Reign,,23.0,24.0,15.25,,,,,,,,,,,7.14,,,,,17.0,7.0,,,,,,,,,,,,,0.0114,0.0087,,,,,,,,,,,,,,,,,0.0339,,,,,,,,,,,,,2026-05-08,,,,,,,,,16.0,,0.0164,,,,,,3.0,Not Found
6be183889b9a2ff048dd505a68984af9,tennis_wta_italian_open,WTA Italian Open,2026-05-08T09:00:00Z,2026-05-08T03:53:14Z,Alexandra Eala @ Xinyu Wang,Alexandra Eala,1.74,1.74,1.78,1.73,1.71,1.75,1.75,1.84,1.72,1.7,1.7,1.81,1.84,,,1.8,1.78,1.8,1.8,1.7,1.7,,1.74,1.74,,1.74,1.72,,1.8,,1.7,,0.5493,0.5435,0.5428,0.5475,0.5543,0.5465,0.5465,0.5403,0.5571,0.5626,0.5626,0.5381,0.5403,,,0.543,0.5439,0.5397,0.5278,0.5626,0.5626,,0.5559,0.5559,,0.5446,0.5537,,0.5278,,0.5441,,2026-05-08,,,,,1.74,,0.5435,,1.68,,0.564,,,,,,2.0,Not Found
a4ff9cc0e923789c8bbb39008903195d,tennis_wta_italian_open,WTA Italian Open,2026-05-08T09:00:00Z,2026-05-08T03:53:14Z,Ann Li @ Liudmila Samsonova,Liudmila Samsonova,1.69,1.7,1.72,1.69,1.65,1.71,1.71,1.77,1.66,1.68,1.68,1.73,1.78,,,1.68,1.74,1.74,1.73,1.68,1.68,,1.69,1.69,,1.69,1.69,,1.73,1.67,1.62,,0.5665,0.5616,0.5634,0.5611,0.5758,0.5598,0.5598,0.5612,0.578,0.5683,0.5683,0.5638,0.5597,,,0.5714,0.5631,0.5601,0.5509,0.5683,0.5683,,0.5726,0.5726,,0.5622,0.5665,,0.5509,0.5721,0.5761,,2026-05-08,1.62,,0.5761,,1.68,,0.5651,,1.67,,0.5668,,,,,,2.0,Not Found
b384d18720a094930b70d2dcdde94771,cricket_test_match,Test Matches,2026-05-08T04:00:00Z,2026-05-08T08:53:41Z,Pakistan @ Bangladesh,Bangladesh,,,,,,,1.88,2.04,1.95,1.92,1.87,,2.04,,,,,,1.91,,,,,,,,,,1.53,,,,,,,,,,0.5074,0.4885,0.4858,0.5032,0.5044,,0.4893,,,,,,0.5003,,,,,,,,,,,,,,2026-05-08,,,,,,,,,,,,,,,,,3.0,Not Found
c450ac3a782ada91f57849a7eb619a6f,baseball_npb,NPB,2026-05-08T09:00:00Z,2026-05-08T08:53:41Z,Chiba Lotte Marines @ Fukuoka SoftBank Hawks,Fukuoka SoftBank Hawks,1.34,,,,1.4,1.38,1.38,,1.36,1.38,1.38,1.37,,,,,,1.39,1.36,,1.38,,1.35,1.35,1.35,1.37,1.39,,1.39,,1.33,,0.7193,,,,0.6847,0.701,0.701,,0.7114,0.6899,0.6899,0.7139,,,,,,0.6947,0.701,,0.6899,,0.7207,0.7207,0.7091,0.7077,0.7025,,0.6984,,0.7093,,2026-05-08,1.3,,0.7284,,1.31,,0.7122,,1.38,,0.6899,,1.34,0.7118,,,2.0,Not Found
a392dea47efd86b58ae5697af843eb6e,tennis_wta_italian_open,WTA Italian Open,2026-05-08T09:00:00Z,2026-05-08T08:53:41Z,Diana Shnaider @ Talia Gibson,Talia Gibson,6.0,5.4,5.7,5.25,5.0,5.4,5.4,6.2,5.26,5.2,5.2,5.67,6.2,,,5.14,5.75,6.0,6.0,5.2,5.2,,5.1,5.1,,5.25,5.05,,6.0,6.15,5.0,,0.1409,0.1578,0.1567,0.1679,0.169,0.1616,0.1616,0.1569,0.1677,0.1651,0.1651,0.1608,0.1569,,,0.1806,0.1484,0.1523,0.1369,0.1651,0.1651,,0.1707,0.1707,,0.1605,0.1753,,0.1369,0.1349,0.1614,,2026-05-08,5.5,,0.1405,,5.3,,0.1596,,4.9,,0.171,,,,,,2.0,Not Found
aa9819fa67a8bd456bca1ec7f26edcdf,tennis_wta_italian_open,WTA Italian Open,2026-05-08T11:00:00Z,2026-05-08T10:22:04Z,Eva Lys @ Naomi Osaka,Eva Lys,3.5,3.45,3.6,3.43,3.4,3.45,3.45,3.95,3.38,3.45,3.45,3.74,3.95,,,3.54,3.82,3.75,3.5,3.45,3.45,,3.49,3.49,,3.35,3.54,,3.5,3.5,3.3,,0.2582,0.2632,0.2601,0.2726,0.2654,0.2632,0.2632,0.2506,0.272,0.2603,0.2603,0.252,0.2506,,,0.2653,0.2492,0.2517,0.2582,0.2603,0.2603,,0.2645,0.2645,,0.2676,0.2625,,0.2582,0.2582,0.2609,,2026-05-08,3.6,,0.2389,,3.45,,0.2603,,3.45,,0.2603,,,,,,2.0,Not Found
cc5d18a14c4393698c7ed42f15f9a388,tennis_atp_italian_open,ATP Italian Open,2026-05-08T11:40:00Z,2026-05-08T10:22:04Z,Francisco Cerundolo @ Alejandro Tabilo,Francisco Cerundolo,1.59,1.6,1.62,1.62,1.61,1.61,1.61,1.65,1.62,1.56,1.56,1.63,1.65,,,1.56,1.65,1.63,1.61,1.56,1.56,,1.64,1.64,,1.64,1.61,,1.62,1.59,1.57,,0.6061,0.5951,0.5959,0.5959,0.5932,0.5969,0.5969,0.603,0.5913,0.6122,0.6122,0.5993,0.603,,,0.6164,0.5989,0.5984,0.5932,0.6122,0.6122,,0.593,0.593,,0.5836,0.6005,,0.5913,0.6017,0.5962,,2026-05-08,1.52,1.59,0.6162,0.598,1.59,,0.6017,,1.56,,0.6077,,,,,,2.0,Not Found
56f15f2cfbbae5b665c85f937a053f0d,baseball_kbo,KBO,2026-05-08T09:31:00Z,2026-05-08T11:50:10Z,SSG Landers @ Doosan Bears,SSG Landers,1.03,,,,1.03,,1.03,,1.04,1.05,,1.04,,,,,,1.02,,,1.02,,,,1.06,,,,,,,,0.9423,,,,0.9314,,0.94,,0.9281,0.9095,,0.9365,,,,,,0.9402,,,0.9235,,,,0.905,,,,,,,,2026-05-08,,,,,,,,,,,,,1.04,0.9219,,,2.0,Not Found
4c1aa35d838a3bf8037ba68178b8b8a1,baseball_kbo,KBO,2026-05-08T09:31:00Z,2026-05-08T11:50:10Z,Kia Tigers @ Lotte Giants,Kia Tigers,,,,,1.01,,1.01,,,1.01,,,,,,,,1.01,,,,,,,1.03,,,,,,,,,,,,0.9687,,0.958,,,0.9687,,,,,,,,0.9496,,,,,,,0.9354,,,,,,,,2026-05-08,1.01,,0.9496,,,,,,,,,,1.02,0.9402,,,2.0,Not Found
ce73a432441ca2c4a193d1bf38874105,tennis_atp_italian_open,ATP Italian Open,2026-05-08T10:40:00Z,2026-05-08T11:50:10Z,Jiri Lehecka @ Jan-Lennard Struff,Jan-Lennard Struff,7.0,7.25,7.0,6.25,7.5,8.0,8.5,8.6,9.2,7.5,6.75,3.31,9.8,,,,7.81,8.5,7.5,8.5,7.5,,,,,,,,,,,,0.121,0.0928,0.1041,0.1127,0.0994,0.0952,0.0871,0.1077,0.0914,0.108,0.1024,0.2861,0.0965,,,,0.0967,0.1001,0.095,0.0915,0.0994,,,,,,,,,,,,2026-05-08,6.5,,0.114,,,,,,7.0,,0.086,,,,,,2.0,Not Found
7e2c2002cb13a1089f6e2d21dcb022e1,soccer_finland_veikkausliiga,Veikkausliiga - Finland,2026-05-08T15:00:00Z,2026-05-08T16:25:04Z,HJK Helsinki @ TPS Turku,TPS Turku,1.91,,,,1.77,1.92,1.85,2.1,1.91,1.83,1.78,1.99,2.02,,,,,2.0,1.91,1.85,,,,,,,,,,,,,0.5018,,,,0.5241,0.4878,0.5043,0.4702,0.5014,0.5132,0.5177,0.483,0.4905,,,,,0.4889,0.4876,0.5066,,,,,,,,,,,,,2026-05-08,1.85,,0.5051,,,,,,1.73,,,,,,,,3.0,Not Found
d601595e56be24f2f291cdfc1f440781,soccer_germany_bundesliga2,Bundesliga 2 - Germany,2026-05-08T16:30:00Z,2026-05-08T16:25:04Z,Karlsruher SC @ SC Paderborn,Karlsruher SC,7.0,5.4,5.8,5.75,6.25,6.1,6.1,7.8,6.5,6.4,6.4,7.18,7.6,,7.14,,,7.25,6.0,6.4,6.4,,6.8,6.8,6.0,,5.51,,6.0,6.65,6.75,,0.1146,0.14,0.1432,0.1325,0.1434,0.1364,0.1364,0.1268,0.1326,0.1327,0.1293,0.1275,0.1291,,0.1336,,,0.1202,0.1369,0.1327,0.1293,,0.1263,0.1263,0.1422,,0.1643,,0.1369,0.1262,0.1235,,2026-05-08,7.0,6.6,0.1232,0.1311,5.9,,0.1302,,6.1,6.7,0.1192,0.1266,,,,,3.0,Not Found
2e1326fd47d3244f91ee7eb38314699e,tennis_wta_italian_open,WTA Italian Open,2026-05-08T17:00:00Z,2026-05-08T16:25:04Z,Elisabetta Cocciaretto @ Emma Navarro,Elisabetta Cocciaretto,1.48,1.46,1.49,1.47,1.44,1.48,1.48,1.49,1.45,1.48,1.48,1.49,1.49,,,1.51,1.5,1.49,1.5,1.48,1.48,,1.49,1.49,,1.53,1.48,,1.5,,1.44,,0.6499,0.6573,0.6538,0.6596,0.6654,0.6527,0.6527,0.6689,0.6643,0.6492,0.6492,0.6576,0.6689,,,0.6373,0.6615,0.657,0.641,0.6492,0.6492,,0.6517,0.6517,,0.6345,0.6547,,0.641,,0.6549,,2026-05-08,,,,,,,,,1.47,,0.6478,,,,,,2.0,Not Found
2e6c17c2eff2aef30728d07c8fbe3dfb,soccer_norway_eliteserien,Eliteserien - Norway,2026-05-08T17:00:00Z,2026-05-08T17:52:11Z,Vålerenga @ HamKam,HamKam,1.77,1.68,1.72,1.68,1.69,1.72,1.72,1.8,1.77,1.63,1.57,1.82,1.79,,,,,1.8,,1.63,,,,,1.72,,,,,,,,0.5409,0.5486,0.5473,0.5502,0.5465,0.548,0.548,0.5513,0.5425,0.5807,0.5909,0.5313,0.5554,,,,,0.5451,,0.5807,,,,,0.5623,,,,,,,,2026-05-08,1.65,,0.5752,,,,,,1.51,,,,,,,,3.0,Not Found
d3d0439cd5419329b251d22c884c63e7,soccer_poland_ekstraklasa,Ekstraklasa - Poland,2026-05-08T18:30:00Z,2026-05-08T17:52:11Z,Arka Gdynia @ Lech Poznań,Draw,5.6,5.1,5.4,5.1,,5.3,,5.9,5.5,4.8,4.7,5.7,6.0,,5.88,,,5.5,5.0,4.8,4.75,,5.4,5.4,5.35,5.4,5.3,,,5.3,,,0.1482,0.1524,0.151,0.1597,,0.1621,,0.1654,0.1641,0.1862,0.1806,0.1603,0.1642,,0.1631,,,0.1658,0.1716,0.1862,0.1845,,0.1611,0.1611,0.1575,0.1611,0.164,,,0.1621,,,2026-05-08,5.2,5.2,0.1624,0.162,4.95,,0.1558,,4.5,,0.1757,,,,,,3.0,Not Found
1123d5194af592d2ca6b2de2d6680d3b,soccer_italy_serie_b,Serie B - Italy,2026-05-08T18:30:00Z,2026-05-08T17:52:11Z,Modena @ Avellino,Avellino,1.48,1.47,1.5,1.49,1.54,1.52,1.52,1.55,1.56,1.57,1.57,1.54,1.56,,,,,1.56,1.53,1.57,1.6,,1.51,1.51,1.5,1.5,,,1.53,1.5,,,0.6469,0.6349,0.6327,0.6384,0.6273,0.6291,0.6291,0.6414,0.6218,0.6061,0.605,0.6345,0.6386,,,,,0.624,0.6234,0.6061,0.5988,,0.6359,0.6359,0.6389,0.6389,,,0.6239,0.6427,,,2026-05-08,1.5,1.56,0.637,0.6258,1.46,,0.638,,1.51,,0.6156,,,,,,3.0,Not Found
6cfdd6d17f2f735689156405bc4d91d0,tennis_wta_italian_open,WTA Italian Open,2026-05-08T17:28:00Z,2026-05-08T20:15:35Z,Jaqueline Cristian @ Karolina Pliskova,Jaqueline Cristian,1.67,1.78,1.84,1.6,1.87,1.7,1.95,1.96,1.7,1.88,1.82,1.5,1.97,,,,1.84,1.73,1.85,1.88,2.04,,,,,,,,,,,,0.5721,0.5062,0.5029,0.5799,0.5,0.556,0.4861,0.5038,0.5583,0.5055,0.5045,0.6488,0.5038,,,,0.5086,0.5532,0.5,0.5055,0.4594,,,,,,,,,,,,2026-05-08,1.75,,0.5357,,,,,,1.94,,0.4601,,,,,,2.0,Not Found
d4c52c0cda76eb4540eadd7ffac6fc0e,soccer_italy_serie_b,Serie B - Italy,2026-05-08T18:33:00Z,2026-05-08T20:15:35Z,Juve Stabia @ Südtirol,Südtirol,3.3,3.15,3.25,2.85,2.4,3.2,3.2,3.5,3.35,2.9,2.95,2.14,3.8,,,,,3.25,3.2,2.9,,,,,2.75,,,,,,,,0.2731,0.2765,0.2735,0.3069,0.3779,0.28,0.2802,0.2803,0.2769,0.3132,0.2939,0.4459,0.2567,,,,,0.2859,0.2824,0.3132,,,,,0.3428,,,,,,,,2026-05-08,3.0,,0.3,,,,,,2.85,,,,,,,,3.0,Not Found
481488fb4cbd56201dbabdb147bd0a8c,baseball_ncaa,NCAA Baseball,2026-05-08T21:00:00Z,2026-05-08T20:15:35Z,Oklahoma Sooners @ Arkansas Razorbacks,Arkansas Razorbacks,1.5,,,,1.54,,,,1.45,,,,,,,,1.48,,1.5,,1.48,,1.53,1.53,1.43,1.5,1.51,,,,,,0.6365,,,,0.6163,,,,0.6596,,,,,,,,0.647,,0.6333,,0.6378,,0.6235,0.6235,0.6645,0.6333,0.6279,,,,,,2026-05-08,,,,,,,,,,,,,1.49,0.6364,,,2.0,Not Found
7198e24bf34e6802db5a88740c687039,baseball_ncaa,NCAA Baseball,2026-05-08T21:35:00Z,2026-05-08T21:30:04Z,Alabama Crimson Tide @ South Carolina Gamecocks,South Carolina Gamecocks,2.44,,,,2.5,,,,2.54,,,,,,,,2.55,,2.38,,2.45,,2.67,2.81,2.5,2.75,2.36,,,,,,0.3802,,,,0.3667,,,,0.3635,,,,,,,,0.3735,,0.3833,,0.3685,,0.3424,0.3258,0.3667,0.3297,0.3893,,,,,,2026-05-08,,,,,,,,,,,,,2.46,0.3721,,,2.0,Not Found
c3ba7ff678afddce49437f2dfc203304,baseball_ncaa,NCAA Baseball,2026-05-08T22:00:00Z,2026-05-08T21:30:04Z,Charlotte 49ers @ UAB Blazers,Charlotte 49ers,,,,,2.0,,,,1.91,,,,,,,,2.0,,,,1.91,,2.05,2.05,1.91,2.05,1.89,,,,,,,,,,0.4675,,,,0.4886,,,,,,,,0.4722,,,,0.4871,,0.4565,0.4565,0.4886,0.4565,0.4943,,,,,,2026-05-08,,,,,,,,,,,,,1.93,0.4828,,,2.0,Not Found
8e56cbcc683362dad825678a17c5911a,baseball_ncaa,NCAA Baseball,2026-05-08T22:01:00Z,2026-05-08T22:32:27Z,LSU Tigers @ Georgia Bulldogs,LSU Tigers,3.7,,,,,,,,3.7,,,,,,,,,,,,2.43,,,,3.3,,,,,,,,0.2383,,,,,,,,0.2414,,,,,,,,,,,,0.3702,,,,0.2609,,,,,,,,2026-05-08,,,,,,,,,,,,,2.95,0.2849,,,2.0,Not Found
85967d72e9bfefaddc076a3fb36d1cb4,baseball_ncaa,NCAA Baseball,2026-05-08T22:30:00Z,2026-05-08T22:32:27Z,Texas Longhorns @ Tennessee Volunteers,Texas Longhorns,1.43,,,,1.43,,,,1.43,,,,,,,,1.45,,1.4,,1.43,,1.38,1.38,1.42,1.38,1.46,,,,,,0.6685,,,,0.6711,,,,0.6678,,,,,,,,0.6782,,0.6753,,0.661,,0.6928,0.6928,0.6703,0.6881,0.6509,,,,,,2026-05-08,,,,,,,,,,,,,1.41,0.6741,,,2.0,Not Found
739421696ed76f3cffaf12c7db22c763,baseball_mlb,MLB,2026-05-08T23:11:00Z,2026-05-08T23:32:26Z,Tampa Bay Rays @ Boston Red Sox,Boston Red Sox,1.9,1.88,1.98,,1.91,1.8,1.8,1.98,1.72,1.97,1.91,1.81,1.69,1.89,2.04,1.9,1.79,2.0,1.73,1.8,1.76,1.79,,,1.77,,,,1.73,,,,0.4958,0.4786,0.4778,,0.4944,0.5174,0.5174,0.4921,0.548,0.4791,0.4777,0.5335,0.5327,0.5242,0.4805,0.5,0.5435,0.4797,0.5326,0.5278,0.5277,0.5424,,,0.5325,,,,0.5509,,,,2026-05-08,1.9,,0.4854,,,,,,,,,,1.9,0.5,Polymarket,1.89,2.0,Not Found
3caf2bb935e6671e34a4e56176d99797,icehockey_nhl,NHL,2026-05-08T23:10:00Z,2026-05-08T23:32:26Z,Montréal Canadiens @ Buffalo Sabres,Montréal Canadiens,1.28,1.33,1.38,1.38,1.29,1.24,1.24,,1.28,1.42,1.38,,1.22,1.3,1.3,1.25,1.31,1.4,,1.42,,,,,1.28,,,,,,,,0.7517,,,,0.7525,0.7804,0.7804,,0.7517,,,,0.769,0.7647,0.7647,0.7762,0.7329,,,,,,,,0.7498,,,,,,,,2026-05-08,1.35,,,,,,,,1.34,,,,1.25,0.7649,Polymarket,1.3,2.0,Not Found
3d859a4947ba1d62e82366cdebc59d78,baseball_mlb,MLB,2026-05-08T23:44:00Z,2026-05-09T01:19:12Z,New York Yankees @ Milwaukee Brewers,Milwaukee Brewers,1.02,1.04,1.03,,1.02,1.03,1.03,1.04,1.02,,,1.03,1.01,1.04,1.05,,1.05,1.02,1.01,,,1.03,,,1.03,,,,,,,,0.9569,0.9451,0.9542,,0.9545,0.9654,0.9627,0.9485,0.9529,,,0.9535,0.9474,0.9558,0.9462,,0.9447,0.9545,0.9534,,,0.9497,,,0.947,,,,,,,,2026-05-08,1.01,,0.9496,,,,,,,,,,1.03,0.9429,Polymarket,1.04,2.0,Not Found
cc10e0482e68ed9de54b97d21c46596e,basketball_wnba,WNBA,2026-05-08T23:34:15Z,2026-05-09T01:19:12Z,Washington Mystics @ Toronto Tempo,Toronto Tempo,3.55,,,,3.4,3.15,3.15,3.4,3.8,3.35,3.15,2.88,,,,3.19,4.17,3.6,,3.35,3.2,,,,3.65,,,,,,,,0.2532,,,,0.2654,0.2741,0.2741,0.2438,0.2316,0.2646,0.265,0.3113,,,,0.2836,0.2167,0.2389,,0.2646,0.2687,,,,0.2402,,,,,,,,2026-05-08,,,,,,,,,2.95,,,,2.75,0.337,,,2.0,Not Found
efcd5a219bc77b475c76c457aa98ce5b,baseball_ncaa,NCAA Baseball,2026-05-09T01:30:00Z,2026-05-09T01:19:12Z,UC San Diego Tritons @ CSU Bakersfield Roadrunners,CSU Bakersfield Roadrunners,,,,,,,,,2.35,,,,,,,,,,,,,,2.21,2.21,2.3,2.22,2.19,,,,,,,,,,,,,,0.3943,,,,,,,,,,,,,,0.4232,0.4232,0.4029,0.4222,0.4216,,,,,,2026-05-09,,,,,,,,,,,,,2.2,0.4186,,,2.0,Not Found
5cacbdda824ed98c899a703cbba57270,baseball_ncaa,NCAA Baseball,2026-05-09T01:35:00Z,2026-05-09T01:19:12Z,Cal Poly Mustangs @ CSU Fullerton Titans,Cal Poly Mustangs,,,,,1.8,,,,1.8,,,,,,,,1.76,,,,1.85,,1.83,1.83,1.8,1.83,1.87,,,,,,,,,,0.5253,,,,0.5214,,,,,,,,0.5341,,,,0.5029,,0.5114,0.5114,0.5214,0.5114,0.5,,,,,,2026-05-09,,,,,,,,,,,,,1.84,0.5086,,,2.0,Not Found
56491220c2e8402cf7e56c1769de45c4,baseball_npb,NPB,2026-05-09T05:00:00Z,2026-05-09T04:38:45Z,Tokyo Yakult Swallows @ Hiroshima Toyo Carp,Tokyo Yakult Swallows,2.0,,,,2.05,2.05,2.05,,2.05,2.08,2.08,2.04,,,,,,2.05,2.0,,2.08,,2.05,2.05,2.1,2.0,2.06,,2.08,,1.95,,0.4753,,,,0.4565,0.463,0.463,,0.4614,0.4428,0.4428,0.4748,,,,,,0.463,0.461,,0.4428,,0.4661,0.4661,0.4422,0.4675,0.4665,,0.4595,,0.4707,,2026-05-09,1.9,,0.4854,,1.93,,0.4734,,2.08,,0.4428,,1.96,0.4742,,,2.0,Not Found
2dc0301b3408a55555b9156ca5792fdb,tennis_atp_italian_open,ATP Italian Open,2026-05-09T09:00:00Z,2026-05-09T08:47:59Z,Pablo Llamas Ruiz @ Corentin Moutet,Pablo Llamas Ruiz,2.12,2.2,2.25,2.25,2.1,2.13,2.13,2.24,2.15,2.16,2.16,2.2,2.24,,,2.14,2.3,2.18,2.1,2.16,2.16,,2.16,2.16,,2.1,2.16,,2.1,,2.1,,0.4501,0.4261,0.4246,0.4246,0.4422,0.444,0.444,0.4439,0.4402,0.4374,0.4374,0.4399,0.4439,,,0.4463,0.43,0.4436,0.4491,0.4374,0.4374,,0.4441,0.4441,,0.4457,0.4425,,0.4491,,0.4351,,2026-05-09,2.2,2.11,0.4148,0.4446,2.2,,0.4297,,2.14,,0.436,,,,,,2.0,Not Found
da7c34ff495a4acb614cd3cc5698d6dd,rugbyleague_nrl,NRL,2026-05-09T09:35:00Z,2026-05-09T08:47:59Z,Brisbane Broncos @ Manly Warringah Sea Eagles,Brisbane Broncos,,1.86,1.88,,,1.98,1.98,,,1.85,1.85,1.94,,,,,,,,1.85,1.85,,1.96,,,,,,,1.88,,,,0.4969,0.4958,,,0.4848,0.4848,,,,,,,,,,,,,,,,,,,,,,,0.5036,,,2026-05-09,1.9,,0.4892,,,,,,,,,,,,,,3.0,Not Found
51370ce4a0f3c5ed691fc996d15c2262,aussierules_afl,AFL,2026-05-09T09:35:00Z,2026-05-09T08:47:59Z,Collingwood Magpies @ Geelong Cats,Geelong Cats,,,,,,1.45,1.45,1.47,1.47,,,1.51,,,,,,1.48,,1.47,,,,,,1.48,,,,1.46,1.45,,,,,,,0.6487,0.6487,0.6762,0.6515,,,0.6388,,,,,,0.6506,,0.655,,,,,,0.6527,,,,0.6472,0.6487,,2026-05-09,1.4,,0.672,,1.42,,0.648,,,,,,,,,,2.0,Not Found
ffe610e599188a0af67ac742d560bd89,soccer_australia_aleague,A-League,2026-05-09T09:40:00Z,2026-05-09T08:47:59Z,Newcastle Jets FC @ Sydney FC,Sydney FC,,2.15,2.2,,2.3,2.32,2.32,2.4,2.3,2.32,2.33,2.34,2.42,,2.38,2.34,,2.3,2.3,2.32,,,2.35,2.35,2.32,2.28,,,2.3,2.29,2.3,,,0.42,0.4193,,0.4094,0.4069,0.4069,0.4134,0.4136,0.4059,0.4082,0.4163,0.4111,,0.4135,0.4095,,0.4176,0.4039,0.4059,,,0.414,0.414,0.4103,0.4174,,,0.4039,0.4126,0.4094,,2026-05-09,,,,,2.2,,0.419,,2.2,,0.409,,,,,,3.0,Not Found
fabf3b7b90bd14f4b69145ba9f183b07,baseball_kbo,KBO,2026-05-09T08:00:30Z,2026-05-09T09:58:10Z,Samsung Lions @ NC Dinos,Samsung Lions,1.72,,,,1.69,,1.65,,1.71,1.57,,1.69,,,,,,1.6,,,1.56,,,,1.71,,,,,,,,0.5503,,,,0.552,,0.5737,,0.5485,0.5891,,0.5578,,,,,,0.5852,,,0.5824,,,,0.5485,,,,,,,,2026-05-09,1.6,,0.5852,,,,,,,,,,1.75,0.5357,,,2.0,Not Found
25d6160b9d7a87d0e3e97e5d8eaa9e86,tennis_atp_italian_open,ATP Italian Open,2026-05-09T10:10:00Z,2026-05-09T09:58:10Z,Mariano Navone @ Felix Auger-Aliassime,Mariano Navone,2.52,2.55,2.6,2.55,2.45,2.5,2.5,2.62,2.64,2.55,2.55,2.59,2.62,,,2.47,2.64,2.6,2.5,2.55,2.55,,2.53,2.53,,2.65,2.55,,2.5,2.52,2.4,,0.3758,0.3627,0.3634,0.3627,0.3773,0.3732,0.3732,0.3783,0.3538,0.365,0.365,0.3725,0.3783,,,0.3735,0.3749,0.3697,0.3732,0.365,0.365,,0.3771,0.3771,,0.3576,0.3714,,0.3732,0.3695,0.375,,2026-05-09,2.5,2.48,0.3599,0.3727,2.5,,0.3689,,2.48,,0.3705,,,,,,2.0,Not Found
0c13cd4dcd244ab839290ad3e78a9c93,baseball_kbo,KBO,2026-05-09T08:00:58Z,2026-05-09T11:07:14Z,KT Wiz @ Kiwoom Heroes,KT Wiz,1.77,,,,2.15,,2.0,,1.77,1.93,,1.88,,,,,,2.25,,,1.88,,,,1.74,,,,,,,,0.535,,,,0.4239,,0.4691,,0.5261,0.4734,,0.4942,,,,,,0.4038,,,0.4736,,,,0.5374,,,,,,,,2026-05-09,1.85,,0.5,,,,,,,,,,1.65,0.5705,,,2.0,Not Found
fc7c8026246909330477e6ae5de24eea,soccer_korea_kleague1,K League 1,2026-05-09T10:00:00Z,2026-05-09T11:07:14Z,Pohang Steelers @ Daejeon Citizen,Pohang Steelers,,4.1,4.3,4.05,4.1,4.4,4.4,4.7,4.5,4.0,3.95,4.61,4.4,,4.35,,,4.5,,4.1,,,,,4.45,,,,,,,,,,0.195,,0.1973,0.1944,0.1944,0.2053,0.1977,0.2164,0.207,0.1973,0.2146,,0.2232,,,0.2,,0.2105,,,,,0.1969,,,,,,,,2026-05-09,5.0,,0.1702,,,,,,3.8,,,,,,,,3.0,Not Found
2c8306189c1b28be05203f7630e56966,soccer_efl_champ,Championship,2026-05-09T11:30:00Z,2026-05-09T11:07:14Z,Southampton @ Middlesbrough,Draw,3.4,3.35,3.4,3.42,3.4,3.54,3.54,3.65,3.55,3.4,3.45,3.54,3.65,,3.57,3.28,,3.6,3.3,3.4,3.35,,3.5,3.5,3.4,3.4,3.48,,3.3,3.54,3.45,,0.2726,0.2564,0.2593,0.2661,0.2734,0.2649,0.2649,0.2719,0.2644,0.2727,0.2742,0.2713,0.2719,,0.2766,0.2823,,0.2607,0.2778,0.2727,0.2741,,0.2743,0.2743,0.2649,0.2658,0.2779,,0.2761,0.2719,0.2659,,2026-05-09,,,,,3.4,,0.2586,,3.3,,0.2702,,,,,,3.0,Not Found
f672ac49198319bb968a03f158d6d5ba,soccer_spain_segunda_division,La Liga 2 - Spain,2026-05-09T12:00:00Z,2026-05-09T11:07:14Z,CD Castellón @ AD Ceuta FC,CD Castellón,1.56,1.52,1.56,1.55,1.61,1.58,1.58,1.62,1.57,1.66,1.61,1.59,1.62,,1.61,,,1.6,,1.66,,,1.58,1.58,1.54,,1.6,,1.57,1.56,,,0.6196,0.6113,0.6074,0.6124,0.592,0.6052,0.6052,0.6122,0.6159,0.5827,0.5889,0.6163,0.6133,,0.6108,,,0.6076,,0.5827,,,0.6101,0.6101,0.6207,,0.6104,,0.6022,0.617,,,2026-05-09,1.55,1.57,0.6155,0.6026,1.51,1.54,0.6157,0.6207,1.55,,0.5991,,,,,,3.0,Not Found
2bfd0782e908c71da33d5c6dc6b67314,soccer_sweden_superettan,Superettan - Sweden,2026-05-09T11:00:00Z,2026-05-09T11:59:17Z,Falkenbergs FF @ Östersunds FK,Falkenbergs FF,3.7,,,,3.6,3.5,3.5,4.3,3.75,3.75,3.65,3.96,4.3,,,,,3.6,3.6,3.75,,,,,3.75,,,,,,,,0.2495,,,,0.237,0.2517,0.2517,0.2285,0.2444,0.2342,0.2305,0.2274,0.2296,,,,,0.2519,0.2347,0.2342,,,,,0.245,,,,,,,,2026-05-09,4.0,,0.2162,,,,,,,,,,,,,,3.0,Not Found
526477f3499e43e1822ffce99635db2c,soccer_germany_bundesliga2,Bundesliga 2 - Germany,2026-05-09T11:00:00Z,2026-05-09T11:59:17Z,Hannover 96 @ VfL Bochum,VfL Bochum,4.3,3.55,3.65,3.63,4.1,3.65,3.65,4.3,3.8,3.6,3.5,4.17,4.3,,4.35,,,3.8,4.0,3.6,,,,,3.95,,,,,,,,0.2111,0.2354,0.2363,0.2308,0.2102,0.2387,0.2387,0.2301,0.2394,0.2446,0.2395,0.2213,0.2298,,0.2266,,,0.2394,0.2124,0.2446,,,,,0.226,,,,,,,,2026-05-09,4.0,,0.2203,,,,,,3.35,3.9,,0.2313,,,,,3.0,Not Found
7328f101ee7721ef36fccb218e723033,soccer_sweden_superettan,Superettan - Sweden,2026-05-09T11:00:00Z,2026-05-09T11:59:17Z,Landskrona BoIS @ IK Oddevold,IK Oddevold,1.28,,,,1.27,1.23,1.23,1.36,1.25,1.27,1.23,1.31,1.36,,,,,1.25,1.29,1.27,,,,,1.29,,,,,,,,0.7584,,,,0.7558,0.7791,0.7791,0.7319,0.7778,0.7555,0.7678,0.7404,0.7319,,,,,0.7762,0.7398,0.7555,,,,,0.7577,,,,,,,,2026-05-09,1.2,,0.7984,,,,,,,,,,,,,,3.0,Not Found
70a4d2ab200a51298a18f98176ac2738,soccer_austria_bundesliga,Austrian Football Bundesliga,2026-05-09T15:00:00Z,2026-05-09T15:36:12Z,FC Blau-Weiß Linz @ WSG Tirol,Draw,3.6,3.35,3.45,3.4,3.4,3.65,3.65,3.8,3.8,3.5,3.4,3.58,3.8,,,,,3.8,3.4,3.55,3.45,,,,3.7,,,,,,,,0.2533,0.2533,0.2539,0.2495,0.2536,0.2348,0.2348,0.2587,0.2409,0.2532,0.2497,0.2605,0.2575,,,,,0.2409,0.2605,0.2491,0.2469,,,,0.2419,,,,,,,,2026-05-09,,,,,,,,,3.25,3.4,,0.257,,,,,3.0,Not Found
43fcf45b61170490b4058d2c8c89d5cb,soccer_switzerland_superleague,Swiss Superleague,2026-05-09T16:00:00Z,2026-05-09T15:36:12Z,FC Lausanne-Sport @ FC Winterthur,FC Lausanne-Sport,2.4,2.25,2.3,2.25,2.3,2.38,2.38,2.52,2.4,2.28,2.25,2.44,2.56,,,2.35,,,2.38,2.28,2.25,,2.52,2.52,2.38,2.52,2.39,,2.38,2.39,2.35,,0.3951,0.3983,0.4011,0.4037,0.4094,0.3936,0.3936,0.3928,0.3963,0.4144,0.4148,0.3989,0.3887,,,0.4082,,,0.3882,0.4144,0.4171,,0.3778,0.3778,0.3923,0.3778,0.3943,,0.3882,0.3943,0.3922,,2026-05-09,,,,,2.2,2.52,0.4129,0.3778,2.23,,0.4162,,,,,,3.0,Not Found
d5cdf4f18452113580ac9f6af76c10f8,tennis_wta_italian_open,WTA Italian Open,2026-05-09T16:00:00Z,2026-05-09T15:36:12Z,Mirra Andreeva @ Viktorija Golubic,Mirra Andreeva,1.03,1.02,1.02,1.03,1.03,1.03,1.03,1.05,1.03,1.04,1.04,1.04,1.05,,,1.08,1.04,1.03,1.02,1.04,1.04,,1.02,1.02,,,1.01,,1.02,1.01,1.02,,0.9569,0.9569,0.9624,0.9497,0.94,0.947,0.947,0.9505,0.9458,0.9353,0.9353,0.9532,0.9499,,,0.9207,0.9518,0.956,0.9569,0.9353,0.9353,,0.9538,0.9538,,,0.968,,0.9569,0.9623,0.9402,,2026-05-09,,,,,1.03,,0.942,,1.03,,0.9378,,,,,,2.0,Not Found
448ccd09baeba6f9677d286f915c33b5,soccer_spain_segunda_division,La Liga 2 - Spain,2026-05-09T16:32:00Z,2026-05-09T17:33:51Z,Zaragoza @ Real Valladolid CF,Zaragoza,10.0,10.0,11.0,10.75,12.0,14.0,14.0,15.0,12.0,13.0,12.5,13.42,15.0,,14.29,,,12.0,,13.0,,,,,12.0,,,,,,,,0.0754,0.0622,0.0582,0.046,0.0511,0.041,0.041,0.0638,0.0588,0.0443,0.035,0.0564,0.0638,,0.0634,,,0.0613,,0.0443,,,,,0.0616,,,,,,,,2026-05-09,8.5,,0.0844,,,,,,12.0,,,,,,,,3.0,Not Found
9305fec59780847e36b29e8c752a167d,baseball_ncaa,NCAA Baseball,2026-05-09T17:03:04Z,2026-05-09T18:35:22Z,Alabama Crimson Tide @ South Carolina Gamecocks,South Carolina Gamecocks,10.4,,,,6.0,,,,10.5,,,,,,,,,,,,6.5,,,,3.8,,,,,,,,0.0626,,,,0.1246,,,,0.0714,,,,,,,,,,,,0.114,,,,0.2217,,,,,,,,2026-05-09,,,,,,,,,,,,,2.9,0.302,,,2.0,Not Found
f068655753651e1253307fe18f6ec1d2,tennis_wta_italian_open,WTA Italian Open,2026-05-09T18:40:00Z,2026-05-09T18:35:22Z,Anna Kalinskaya @ Belinda Bencic,Belinda Bencic,1.31,1.32,1.34,1.32,1.34,1.33,1.33,1.36,1.33,1.32,1.32,1.35,1.36,,,1.36,1.35,1.34,1.3,1.32,1.32,,1.34,1.34,,1.34,1.36,,1.3,1.34,1.3,,0.7368,0.7295,0.7303,0.7391,0.7169,0.7289,0.7289,0.7325,0.728,0.7295,0.7295,0.7291,0.7325,,,0.7175,0.7275,0.7303,0.7418,0.7295,0.7295,,0.7248,0.7248,,0.7239,0.7152,,0.7418,0.7188,0.7284,,2026-05-09,1.3,,0.7284,,1.32,,0.7273,,1.32,,0.7273,,,,,,2.0,Not Found
136ebf53f07fdb252ac0784771d45b19,tennis_atp_italian_open,ATP Italian Open,2026-05-09T18:50:00Z,2026-05-09T18:35:22Z,Arthur Fils @ Andrea Pellegrino,Andrea Pellegrino,9.6,8.5,9.0,8.8,7.5,8.4,8.4,11.0,8.0,7.5,7.5,9.26,11.0,,,7.78,9.8,,8.0,7.5,7.5,,8.54,8.54,,8.5,8.4,,8.0,8.1,7.0,,0.0804,0.0915,0.0926,0.0939,0.1037,0.0922,0.0922,0.0867,0.0995,0.108,0.108,0.0953,0.0867,,,0.1218,0.0881,,0.0908,0.108,0.108,,0.0956,0.0956,,0.0871,0.0966,,0.0952,0.0944,0.1041,,2026-05-09,9.0,8.0,0.0701,0.0952,8.4,,0.0922,,7.0,,0.1085,,,,,,2.0,Not Found
f56568b1afa8eb23f302c432a02cf35f,baseball_ncaa,NCAA Baseball,2026-05-09T20:00:00Z,2026-05-09T19:43:13Z,Auburn Tigers @ Mississippi St Bulldogs,Auburn Tigers,2.08,,,,2.0,,,,2.05,,,,,,,,2.25,,2.0,,2.08,,2.09,2.09,2.05,2.1,2.05,,,,,,0.4497,,,,0.4675,,,,0.4565,,,,,,,,0.4281,,0.461,,0.4428,,0.4468,0.4468,0.4565,0.4457,0.4532,,,,,,2026-05-09,,,,,,,,,,,,,,,,,2.0,Not Found
ad446d9e51f71002d9fbfe62123f0f09,baseball_ncaa,NCAA Baseball,2026-05-09T20:00:00Z,2026-05-09T19:43:13Z,Rice Owls @ East Carolina Pirates,East Carolina Pirates,,,,,1.22,,,,1.24,,,,,,,,,,,,1.2,,1.25,1.25,1.22,1.25,1.19,,,,,,,,,,0.7879,,,,0.7782,,,,,,,,,,,,0.7976,,0.7698,0.7698,0.7848,0.7649,0.8044,,,,,,2026-05-09,,,,,,,,,,,,,1.22,0.7848,,,2.0,Not Found
4cb11bc70bb01deb01ccc535f614ba59,baseball_mlb,MLB,2026-05-09T20:11:00Z,2026-05-09T21:23:43Z,Houston Astros @ Cincinnati Reds,Cincinnati Reds,2.12,1.82,2.05,,1.59,1.96,1.96,2.02,2.0,2.06,1.88,2.06,2.02,2.08,2.04,1.98,2.12,2.0,1.85,1.94,2.02,2.01,,,2.15,,,,,,,,0.4417,0.4969,0.4598,,0.6017,0.4726,0.4726,0.4618,0.4675,0.4586,0.4866,0.4618,0.4585,0.4758,0.4748,0.4793,0.4581,0.4722,0.4925,0.4875,0.4585,0.4799,,,0.4332,,,,,,,,2026-05-09,1.95,,0.4707,,,,,,,,,,2.3,0.4049,Polymarket,2.08,2.0,Not Found
9c2b6eafa8037af51c19ea2a7ea43adc,mma_mixed_martial_arts,MMA,2026-05-09T21:45:00Z,2026-05-09T21:23:43Z,Djorden Santos @ Baysangur Susurkaev,Baysangur Susurkaev,1.12,,,,,1.13,1.13,1.14,1.12,,,1.13,1.14,,,,1.14,1.13,,1.13,1.13,1.13,1.11,,1.12,,1.1,1.14,1.1,,,,0.8707,,,,,0.8656,0.8656,0.8728,0.8724,,,0.8704,0.8728,,,,0.8701,0.8705,,0.8625,0.8625,0.8721,0.879,,0.8695,,0.8726,0.877,0.8776,,,,2026-05-09,,,,,,1.11,,0.865,,,,,,,,,2.0,Not Found
6c26284a3ba72def6e7e0c9db9893fc8,baseball_mlb,MLB,2026-05-09T23:11:00Z,2026-05-09T23:02:12Z,Seattle Mariners @ Chicago White Sox,Seattle Mariners,1.75,1.74,1.74,,1.74,1.76,1.76,1.85,1.76,1.83,1.82,1.83,1.85,1.82,,1.81,1.85,1.76,1.73,1.83,1.81,1.85,1.81,1.81,1.79,1.8,1.83,1.87,1.73,1.78,1.81,,0.5521,0.5435,0.5435,,0.5493,0.5425,0.5425,0.5388,0.5449,0.5257,0.5272,0.5363,0.5388,0.5443,,0.5415,0.5388,0.5437,0.5509,0.5257,0.5262,0.5388,0.5404,0.5404,0.5366,0.5441,0.5374,,0.5509,0.5358,0.5415,,2026-05-09,1.7,,0.556,,,,,,,,,,1.77,0.5444,Polymarket,1.82,2.0,Not Found
606f3cc3b0908dbf285f4aaab451c40a,baseball_milb,MiLB,2026-05-09T23:05:00Z,2026-05-09T23:02:12Z,Salt Lake Bees @ Oklahoma City Comets,Salt Lake Bees,2.34,,,,,,,,,,,,,,,,,,,,2.25,,2.32,,2.3,,,,2.3,,,,0.3972,,,,,,,,,,,,,,,,,,,,0.4038,,0.4011,,0.4029,,,,0.3989,,,,2026-05-09,,,,,,,,,,,,,,,,,2.0,Not Found
cef1c7a0f1ba2749c23449522d418311,soccer_brazil_campeonato,Brazil Série A,2026-05-10T00:00:00Z,2026-05-09T23:59:21Z,Cruzeiro @ Bahia,Bahia,1.95,1.88,1.94,1.89,1.95,1.92,1.92,2.06,1.95,1.97,1.94,1.99,2.06,,2.13,1.97,,2.0,1.95,1.97,1.97,,1.97,1.97,1.94,1.94,2.06,,1.95,1.94,1.95,,0.4923,0.4859,0.4837,0.4883,0.4923,0.4938,0.4938,0.4823,0.4924,0.4857,0.4882,0.4914,0.4835,,0.4661,0.4858,,0.4817,0.479,0.4857,0.483,,0.4913,0.4913,0.494,0.494,0.4755,,0.479,0.4912,0.4897,,2026-05-10,1.9,2.0,0.4964,0.48,1.85,1.94,,0.494,1.92,,0.4879,,,,,,3.0,Not Found
6f2aabea3fd06ec64ea6a1a5f629db36,americanfootball_ufl,UFL,2026-05-10T00:09:00Z,2026-05-09T23:59:21Z,Dallas Renegades @ Birmingham Stallions,Dallas Renegades,1.91,,,,1.83,,,,1.89,1.8,1.8,1.88,,,,,,,,,1.8,,1.88,,1.83,1.87,,,,,,,0.5,,,,0.5232,,,,0.5055,0.5327,0.5327,0.5069,,,,,,,,,0.5327,,0.5069,,0.5232,0.5,,,,,,,2026-05-10,,,,,,1.83,,0.5232,,,,,1.89,0.5041,,,2.0,Not Found
d6eae76a881380f885722d8b7a6b0467,soccer_usa_mls,MLS,2026-05-10T02:40:00Z,2026-05-10T04:07:33Z,San Diego FC @ Seattle Sounders FC,Draw,3.0,3.0,3.1,2.98,3.0,3.05,3.05,3.45,3.25,3.0,2.95,3.05,3.5,,3.45,,,3.14,3.0,2.95,,,,,3.25,,,,,,,,0.3098,0.2898,0.2871,0.2979,0.2977,0.297,0.297,0.2856,0.2888,0.3101,0.3096,0.308,0.2804,,0.2766,,,0.2974,0.2953,0.3139,,,,,0.2838,,,,,,,,2026-05-10,3.3,,0.2692,,,,,,2.85,,0.3056,,3.15,0.2763,,,3.0,Not Found
a129e365c47beee725d61e7d253c7a08,cricket_test_match,Test Matches,2026-05-10T04:00:00Z,2026-05-10T04:07:33Z,Pakistan @ Bangladesh,Pakistan,,,,,,,,2.08,,2.1,1.92,,,,,,,,,,2.17,,,,,,,,1.25,2.03,,,,,,,,,,0.4798,,0.457,0.4884,,,,,,,,,,0.4401,,,,,,,,,0.4606,,,2026-05-10,,,,,,,,,,,,,,,,,3.0,Not Found
a040a9c3be6c04f7dbaace0ef3f8d782,baseball_npb,NPB,2026-05-10T04:30:00Z,2026-05-10T04:07:33Z,Tokyo Yakult Swallows @ Hiroshima Toyo Carp,Hiroshima Toyo Carp,1.91,,,,1.8,1.82,1.92,,1.8,1.93,1.93,1.8,,,,,,1.95,1.91,,1.93,,1.87,1.87,1.83,1.89,1.86,,1.99,,1.8,,0.4886,,,,0.5278,0.5247,0.4945,,0.5278,0.4813,0.4813,0.5408,,,,,,0.489,0.484,,0.4813,,0.511,0.511,0.5114,0.4972,0.5188,,0.481,,0.5146,,2026-05-10,1.8,,0.5146,,1.73,,0.5339,,1.93,,0.4813,,1.92,0.4872,,,2.0,Not Found
c91d5276a147d41d696f544477f2df4f,soccer_japan_j_league,J League,2026-05-10T05:00:00Z,2026-05-10T04:07:33Z,Fagiano Okayama @ Vissel Kobe,Draw,,3.6,3.75,3.7,3.7,3.7,3.7,,3.75,,,3.88,,,4.0,,,,3.5,,,,,,,,,,3.5,3.72,,,,0.2311,0.2335,0.2391,0.248,0.2423,0.2423,,0.2456,,,0.245,,,0.2428,,,,0.2501,,,,,,,,,,0.2514,0.2449,,,2026-05-10,,,,,3.7,3.7,0.2383,0.2462,,,,,,,,,3.0,Not Found
645a50b6d4ea5a9265c494f14de5dc32,cricket_ipl,IPL,2026-05-10T10:00:00Z,2026-05-10T08:31:47Z,Lucknow Super Giants @ Chennai Super Kings,Lucknow Super Giants,,,,,,,2.05,2.22,2.1,2.1,2.1,2.13,2.22,,,2.1,,,,,,,2.18,2.18,,2.03,,,2.1,2.04,,,,,,,,,0.4463,0.449,0.4507,0.4491,0.4491,0.449,0.4474,,,0.4507,,,,,,,0.4387,0.4387,,0.4522,,,0.4491,0.4492,,,2026-05-10,,,,,,,,,,,,,,,,,2.0,Not Found
52d6296f8affdbb278edee5b0813849c,tennis_wta_italian_open,WTA Italian Open,2026-05-10T09:00:00Z,2026-05-10T09:59:35Z,Hailey Baptiste @ Elina Svitolina,Elina Svitolina,1.03,1.03,1.04,1.02,1.02,1.02,1.02,1.06,1.07,1.02,1.01,1.16,1.07,,,,1.05,1.03,1.04,1.02,1.02,,,,,,,,,,,,0.9438,0.9328,0.9281,0.9346,0.9447,0.9485,0.9485,0.9317,0.9147,0.9545,0.945,0.8512,0.9256,,,,0.9277,0.9458,0.9308,0.9545,0.9502,,,,,,,,,,,,2026-05-10,1.04,,0.9219,,,,,,,,,,,,,,2.0,Not Found
98a08bf0d2fa506472ebb398a69ae72c,soccer_china_superleague,Super League - China,2026-05-10T09:30:00Z,2026-05-10T09:59:35Z,Wuhan Three Towns @ Qingdao West Coast FC,Qingdao West Coast FC,1.27,1.29,1.26,,,1.28,1.26,1.36,1.29,1.3,1.26,1.31,1.36,,1.35,,,1.29,1.3,1.29,,,,,1.31,,,,,,,,0.7565,0.739,0.7597,,,0.747,0.762,0.7328,0.7532,0.7387,0.7516,0.742,0.7328,,0.7338,,,0.7501,0.735,0.741,,,,,0.7356,,,,,,,,2026-05-10,1.25,,0.7697,,,,,,,,,,,,,,3.0,Not Found
0299f2d44c984178c8dfd01525fc2386,soccer_germany_bundesliga2,Bundesliga 2 - Germany,2026-05-10T11:30:00Z,2026-05-10T12:01:52Z,Greuther Fürth @ Hertha Berlin,Hertha Berlin,2.0,1.98,2.0,1.93,2.1,2.05,2.05,2.32,2.1,2.04,1.96,2.16,2.22,,2.17,,,2.0,2.15,2.04,,,,,2.15,,,,,,,,0.4785,0.4597,0.4613,0.4746,0.4456,0.4563,0.4563,0.4288,0.4556,0.4579,0.4649,0.4447,0.4481,,,,,0.476,0.4297,0.4579,,,,,0.4366,,,,,,,,2026-05-10,2.1,,0.4486,,,,,,1.89,2.18,,0.4324,,,,,3.0,Not Found
51741283ea54913f1900dea80af74483,soccer_china_superleague,Super League - China,2026-05-10T12:00:00Z,2026-05-10T12:01:52Z,Dalian Yingbo @ Qingdao Hainiu FC,Qingdao Hainiu FC,3.1,2.7,2.8,,,2.85,2.85,3.25,2.85,2.75,2.65,3.06,3.2,,3.23,2.96,,2.88,2.88,2.75,2.8,,3.0,3.0,2.93,3.0,2.89,,2.9,2.93,2.9,,0.3022,0.3212,0.3207,,,0.3182,0.3182,0.3049,0.3259,0.3297,0.3312,0.3137,0.307,,0.3065,0.3193,,0.3222,0.3124,0.3297,0.3267,,0.316,0.316,0.312,0.316,0.3232,,0.3141,0.3149,0.3125,,2026-05-10,2.9,2.85,0.3137,0.321,2.75,,0.3149,,,,,,,,,,3.0,Not Found
803769b6e743100e882b357ea84b358a,soccer_denmark_superliga,Denmark Superliga,2026-05-10T12:00:00Z,2026-05-10T12:01:52Z,FC Fredericia @ Vejle Boldklub,FC Fredericia,1.95,1.8,1.86,1.83,1.91,1.85,1.85,2.0,1.91,1.95,1.91,1.98,1.96,,,1.98,,1.91,1.91,1.95,,,1.88,1.88,1.91,1.91,1.93,,1.91,1.9,1.91,,0.4895,0.5078,0.5026,0.4992,0.4966,0.5041,0.5041,0.494,0.4999,0.4868,0.4913,0.4935,0.5071,,,0.4819,,0.501,0.4871,0.4868,,,0.5097,0.5097,0.4954,0.494,0.5012,,0.4942,0.5024,0.4989,,2026-05-10,,,,,1.82,1.91,0.4999,0.4954,1.79,1.9,,0.5027,,,,,3.0,Not Found
603c9ac841df33429339ad9b4035dfba,soccer_spain_la_liga,La Liga - Spain,2026-05-10T12:00:00Z,2026-05-10T12:01:52Z,Villarreal @ Mallorca,Draw,3.4,3.65,3.7,3.47,3.4,3.45,3.45,3.55,3.45,3.45,3.35,3.54,3.6,,3.7,,,3.6,,3.5,3.55,,3.5,3.5,3.5,3.45,3.59,,3.3,3.55,3.45,,0.277,0.2459,0.2488,0.2614,0.2743,0.274,0.274,0.2776,0.2693,0.2801,0.2772,0.2735,0.2749,,0.2598,,,0.264,,0.2747,0.2599,,0.274,0.274,0.2665,0.2717,0.2684,,0.2786,0.2711,0.2715,,2026-05-10,3.6,3.45,0.257,0.272,3.4,,0.2671,,3.35,,0.274,,,,,,3.0,Not Found
d17199125ad16526c2d13db5a8314f26,soccer_denmark_superliga,Denmark Superliga,2026-05-10T12:04:00Z,2026-05-10T12:01:52Z,FC Midtjylland @ FC Nordsjaelland,Draw,3.7,3.65,3.7,3.53,3.7,3.65,3.65,3.9,3.95,3.8,3.75,3.68,3.9,,,3.7,,3.85,3.5,3.8,3.85,,3.55,3.55,3.65,3.65,3.91,,3.5,3.58,3.6,,0.249,0.2265,0.2327,0.2361,0.2463,0.2537,0.2537,0.2501,0.2305,0.2419,0.2368,0.2604,0.2501,,,0.25,,0.242,0.2538,0.2419,0.2379,,0.2631,0.2631,0.2423,0.246,0.2377,,0.2538,0.2552,0.254,,2026-05-10,,,,,3.5,3.55,0.2378,0.2631,3.55,3.57,0.2354,0.257,,,,,3.0,Not Found
16b2b20f075becfc034e67d11e22448e,soccer_switzerland_superleague,Swiss Superleague,2026-05-10T14:30:00Z,2026-05-10T14:42:46Z,FC Thun @ FC Sion,FC Sion,1.54,1.52,1.54,1.52,1.53,1.55,1.55,1.63,1.59,1.53,1.48,1.56,1.64,,,1.6,,1.57,1.5,1.53,,,1.51,1.51,1.57,1.51,1.52,,1.4,1.53,,,0.627,0.6117,0.6138,0.6155,0.6095,0.6134,0.6157,0.6091,0.6047,0.6204,0.6303,0.6209,0.6093,,,0.6127,,0.614,0.629,0.6204,,,0.6418,0.6418,0.6138,0.634,0.6338,,0.6656,0.6295,,,2026-05-10,,,,,1.42,1.51,0.663,0.634,1.48,,0.6303,,,,,,3.0,Not Found
d76af7441074d0d3fba5c6c9d49162c4,soccer_netherlands_eredivisie,Dutch Eredivisie,2026-05-10T14:45:00Z,2026-05-10T14:42:46Z,FC Volendam @ Excelsior,Excelsior,1.69,1.62,1.64,1.62,1.71,1.72,1.72,1.8,1.69,1.7,1.64,1.71,1.79,,1.75,,,1.7,1.67,1.73,1.67,,1.68,1.68,1.69,1.7,1.75,,1.67,1.68,1.67,,0.5711,0.5778,0.5768,0.5846,0.5653,0.5628,0.5628,0.5552,0.5732,0.5717,0.5814,0.5707,0.5573,,0.5676,,,0.572,0.57,0.5699,0.5767,,0.5747,0.5747,0.5698,0.5681,0.5612,,0.57,0.5712,0.5745,,2026-05-10,1.67,1.69,0.5754,0.5714,1.61,1.69,0.5836,0.5698,1.62,,0.5836,,,,,,3.0,Not Found
d1aac61ad6b150ed5e0b8ef3393c2995,handball_germany_bundesliga,Handball-Bundesliga,2026-05-10T14:30:25Z,2026-05-10T15:38:05Z,VfL Gummersbach @ HC Erlangen,VfL Gummersbach,,1.13,1.16,1.14,,1.1,1.1,,,,,,,,,,,1.13,1.09,1.11,,,,,,,,,,,,,,0.8365,0.8299,0.8335,,0.8626,0.8626,,,,,,,,,,,0.8643,,0.8733,,,,,,,,,,,,,2026-05-10,1.12,,0.8612,,,,,,1.07,,0.8897,,,,,,3.0,Not Found
a9177bcc1e9540b4c1a7b29d5ff5ce72,soccer_norway_eliteserien,Eliteserien - Norway,2026-05-10T15:00:00Z,2026-05-10T15:38:05Z,Viking FK @ KFUM,KFUM,11.0,10.0,11.0,9.5,9.75,11.5,11.5,15.0,12.0,10.0,9.5,11.36,15.0,,,,,13.0,,10.0,,,,,11.0,,,,,,,,0.0645,0.0653,0.0576,0.0608,0.0649,0.0622,0.0622,0.0638,0.0616,0.0681,0.06,0.0714,0.0638,,,,,0.0656,,0.0681,,,,,0.0667,,,,,,,,2026-05-10,12.0,,0.0508,,,,,,9.0,,,,,,,,3.0,Not Found
4b71a96abfc562cf133105a2d5c87f82,soccer_austria_bundesliga,Austrian Football Bundesliga,2026-05-10T15:00:00Z,2026-05-10T15:38:05Z,RB Salzburg @ LASK,RB Salzburg,18.0,18.0,18.0,2.67,6.25,14.0,5.8,6.2,18.0,14.0,13.0,2.9,,,,,,18.0,15.0,14.0,14.0,,,,6.25,,,,,,,,0.0284,0.0311,0.0229,0.33,0.1196,0.0319,0.1322,0.1411,0.0335,0.0415,0.0322,0.3253,,,,,,0.0309,0.0357,0.0392,0.0321,,,,0.1319,,,,,,,,2026-05-10,,,,,,,,,12.5,14.0,,0.0316,,,,,3.0,Not Found
7cc6b1d552eef8615927b83203b169f7,soccer_germany_bundesliga,Bundesliga - Germany,2026-05-10T15:30:00Z,2026-05-10T16:35:13Z,1. FC Heidenheim @ 1. FC Köln,1. FC Heidenheim,1.71,1.62,1.68,1.7,1.71,1.65,1.65,1.77,1.67,1.65,1.64,1.7,1.77,,1.79,,,1.7,1.7,1.65,,,,,1.67,,,,,,,,0.5612,0.5707,0.5679,0.5622,0.5527,0.5734,0.5734,0.5628,0.5793,0.5829,0.5842,0.5704,0.5616,,0.549,,,0.5722,0.555,0.5829,,,,,0.577,,,,,,,,2026-05-10,1.6,,0.5956,,,,,,1.6,1.7,0.5919,0.569,,,,,3.0,Not Found
d75b633386ce973fb123df8b86120374,soccer_epl,EPL,2026-05-10T15:30:00Z,2026-05-10T16:35:13Z,Arsenal @ West Ham United,West Ham United,7.0,6.25,6.5,7.0,6.5,6.8,6.8,7.8,7.5,7.0,7.0,6.97,7.6,,7.69,,,7.5,6.0,7.0,,,,,7.0,,,,,,,,0.1146,0.1157,0.1251,0.1157,0.1252,0.116,0.116,0.1271,0.1157,0.1218,0.1218,0.1262,0.1283,,0.1238,,,0.1184,0.1337,0.1218,,,,,0.1178,,,,,,,,2026-05-10,7.0,,0.1134,,,,,,6.75,,0.1155,,5.75,0.1362,,,3.0,Not Found
53bcceb1e9f27758b070337669e739a8,tennis_atp_italian_open,ATP Italian Open,2026-05-10T15:59:00Z,2026-05-10T16:35:13Z,Alexander Bublik @ Learner Tien,Learner Tien,4.8,3.95,4.0,4.1,4.33,4.3,4.3,4.7,4.73,4.4,4.1,4.65,4.6,,,,4.5,4.4,4.0,4.4,4.25,,,,,,,,,,,,0.1804,0.1955,0.2013,0.1946,0.1953,0.1996,0.1996,0.2096,0.1855,0.2004,0.1982,0.201,0.2087,,,,0.1944,0.2038,0.2152,0.2004,0.2044,,,,,,,,,,,,2026-05-10,4.5,,0.1838,,,,,,4.0,,0.194,,,,,,2.0,Not Found
70174215479e48f66c76112e40f5a5bb,soccer_saudi_arabia_pro_league,Saudi Pro League,2026-05-10T16:05:00Z,2026-05-10T16:35:13Z,Al-Fateh @ Al-Riyadh,Al-Fateh,,2.6,2.75,2.7,,,,3.3,,3.15,3.05,3.03,,,3.33,,,,3.0,3.1,,,,,,,,,,,,,,,0.3266,0.3257,,,,0.2966,,0.293,0.2893,0.3055,,,0.2939,,,,,0.2909,,,,,,,,,,,,,2026-05-10,3.1,,0.2916,,,,,,2.95,,,,,,,,3.0,Not Found
4d2a59061aec314f7265432aacbe8df1,baseball_mlb,MLB,2026-05-10T17:41:00Z,2026-05-10T17:34:51Z,Minnesota Twins @ Cleveland Guardians,Minnesota Twins,2.36,2.3,2.3,,2.4,2.33,2.33,2.48,2.35,2.35,2.35,2.41,2.48,2.5,2.5,2.42,2.45,2.35,2.35,2.35,2.33,2.48,2.4,2.4,2.36,2.38,2.43,2.46,2.38,2.32,2.45,,0.4032,0.4009,0.4049,,0.3978,0.404,0.404,0.4004,0.4022,0.4041,0.4022,0.4044,0.4004,0.3951,0.3951,0.4036,0.4065,0.4003,0.4003,0.4041,0.4021,0.4004,0.4053,0.4053,0.4032,0.4071,0.4009,0.4039,0.3916,0.405,0.3954,,2026-05-10,2.4,,0.3858,,2.3,,0.4029,,,,,,2.37,0.4023,Polymarket,2.5,2.0,Not Found
2952d830c2f3230bdc3da34d5b36c80b,baseball_milb,MiLB,2026-05-10T17:35:00Z,2026-05-10T17:34:51Z,Omaha Storm Chasers @ Indianapolis Indians,Indianapolis Indians,1.78,,,,,,,,,,,,,,,,,,,,1.72,,1.77,,1.77,,1.76,,1.73,,,,0.5309,,,,,,,,,,,,,,,,,,,,0.5432,,0.5325,,0.5325,,0.5303,,0.539,,,,2026-05-10,,,,,,,,,,,,,,,,,2.0,Not Found
416553e1e955de821bff3b8d8e65ec0b,soccer_france_ligue_one,Ligue 1 - France,2026-05-10T19:00:00Z,2026-05-10T18:37:26Z,Lille @ AS Monaco,AS Monaco,2.5,2.45,2.45,2.58,2.5,2.58,2.58,2.68,2.55,2.48,2.48,2.6,2.7,,2.63,2.55,,2.6,2.45,2.48,2.4,,2.57,2.57,2.55,2.45,2.63,,2.5,2.61,2.5,,0.3817,0.3808,0.3846,0.3721,0.3816,0.3706,0.3706,0.3715,0.3765,0.391,0.391,0.3752,0.3688,,0.37,0.3827,,0.3741,0.3769,0.391,0.3943,,0.3773,0.3773,0.3717,0.3908,0.3752,,0.3714,0.3724,0.3727,,2026-05-10,2.45,2.55,0.3846,0.3752,2.45,,0.3846,,2.43,2.49,0.3908,0.3769,,,,,3.0,Not Found
24f0fb743655b2176ff9d2f1d17bc2d0,baseball_mlb,MLB,2026-05-10T20:06:00Z,2026-05-10T22:25:22Z,Pittsburgh Pirates @ San Francisco Giants,Pittsburgh Pirates,2.34,2.3,2.45,,2.5,2.29,2.29,1.96,2.36,2.28,2.2,1.43,2.2,2.44,2.44,2.16,2.38,2.45,2.25,2.28,2.23,2.4,,,1.91,,,,,,,,0.3972,0.3841,0.3794,,0.3732,0.3999,0.3999,0.5,0.3934,0.4107,0.4068,0.6742,0.4088,0.4055,0.4055,0.4374,0.4052,0.3815,0.4038,0.4107,0.4117,0.4053,,,0.4886,,,,,,,,2026-05-10,2.25,,0.3996,,,,,,,,,,2.1,0.444,Polymarket,2.44,2.0,Not Found
e88e5d1919680e9466af2e8bb793f654,soccer_brazil_serie_b,Brazil Série B,2026-05-10T22:30:00Z,2026-05-10T22:25:22Z,Botafogo @ Grêmio Novorizontino,Draw,3.2,,,,3.1,3.1,3.1,3.35,3.2,3.35,3.25,3.21,3.35,,,,,3.25,3.0,3.35,3.35,,3.1,3.1,,3.1,3.1,,3.0,3.15,,,0.284,,,,0.2888,0.2945,0.2945,0.293,0.2931,0.2767,0.2771,0.2975,0.293,,,,,0.2837,0.3041,0.2767,0.2756,,0.3002,0.3002,,0.2951,0.299,,0.2977,0.2909,,,2026-05-10,3.2,3.1,0.2769,0.2926,,,,,,,,,,,,,3.0,Not Found
abaf14a5ebd6bddc8831def206dcd026,soccer_brazil_campeonato,Brazil Série A,2026-05-10T23:30:00Z,2026-05-10T22:25:22Z,Atletico Paranaense @ Vasco da Gama,Atletico Paranaense,4.9,4.1,4.3,4.6,,4.7,,5.3,4.6,4.5,4.4,4.97,5.3,,5.0,4.51,,4.8,4.6,4.5,4.5,,4.6,4.6,4.8,4.6,4.83,,4.6,4.7,4.75,,0.1801,0.1973,0.2009,0.1844,,0.1884,,0.1856,0.1966,0.2007,0.1995,0.1895,0.1856,,0.1931,0.1982,,0.1916,0.1889,0.2007,0.1997,,0.2009,0.2009,0.1865,0.2009,0.193,,0.1889,0.1892,0.1875,,2026-05-10,4.7,4.7,0.1837,0.193,4.3,4.6,0.1853,0.2009,4.35,,0.1966,,,,,,3.0,Not Found
a94e8910dbab85c40d2a5a1977eb588b,basketball_wnba,WNBA,2026-05-10T22:11:24Z,2026-05-10T23:26:15Z,Las Vegas Aces @ Los Angeles Sparks,Los Angeles Sparks,2.24,,,,2.45,2.15,2.15,2.2,2.3,2.23,2.14,2.15,,2.22,2.27,2.1,1.98,2.1,2.1,2.23,2.3,2.18,,,2.1,,,,,,,,0.4146,,,,0.3773,0.4201,0.4201,0.4332,0.4049,0.4175,0.4152,0.4419,,0.4345,0.4296,0.4457,0.4361,0.4351,0.4491,0.4175,0.3906,0.4317,,,0.4422,,,,,,,,2026-05-10,,,,,,,,,2.15,,,,2.1,0.444,Polymarket,2.22,2.0,Not Found
0f8eb89f92a99199947f8c5acbb318f7,soccer_argentina_primera_division,Primera División - Argentina,2026-05-10T22:00:00Z,2026-05-10T23:26:15Z,San Lorenzo @ River Plate,Draw,2.4,2.2,2.25,2.18,2.38,2.55,2.2,2.46,2.25,2.7,2.63,2.63,2.46,,2.5,,,,,,,,,,2.5,,,,,,,,0.393,0.4135,0.4127,0.4125,0.3893,0.3607,0.4189,0.4043,0.418,0.3456,0.3438,0.3602,0.4047,,0.3895,,,,,,,,,,0.3785,,,,,,,,2026-05-10,,,,,,,,,,,,,,,,,3.0,Not Found
7446eb56388e5fa4c9c327938f642350,soccer_usa_mls,MLS,2026-05-10T23:12:00Z,2026-05-10T23:26:15Z,Austin FC @ Minnesota United FC,Minnesota United FC,1.8,1.72,1.76,1.63,,1.78,1.78,2.88,3.15,2.95,2.9,1.75,1.87,,3.45,,,1.8,1.75,2.95,,,,,1.8,,,,1.73,,,,0.5323,0.537,0.5328,0.5673,,0.5313,0.5313,,0.2973,0.3151,0.3141,0.5523,0.5303,,0.2433,,,0.5341,0.5329,0.3151,,,,,0.5373,,,,0.5492,,,,2026-05-10,1.75,,0.5415,,,,,,2.75,,0.3174,,1.7,0.5518,,,3.0,Not Found
7243493b967ea121382f01977404fa49,soccer_usa_mls,MLS,2026-05-11T01:00:00Z,2026-05-10T23:26:15Z,Houston Dynamo @ Los Angeles FC,Draw,4.1,3.8,4.0,3.88,4.0,4.15,,4.3,3.9,4.0,4.1,4.21,4.3,,4.35,3.94,,4.2,3.75,4.0,4.0,,4.06,4.06,4.05,4.05,4.21,,3.75,4.05,4.0,,0.2209,0.2157,0.2159,0.2244,0.2241,0.2246,,0.2306,0.2276,0.2276,0.2292,0.2252,0.2306,,0.2236,0.2332,,0.2234,0.2366,0.2276,0.2263,,0.2314,0.2314,0.2261,0.2255,0.2266,,0.2366,0.2229,0.2276,,2026-05-11,3.9,,0.2265,,3.85,4.06,0.2236,0.2314,3.9,,0.2239,,4.0,0.2298,,,3.0,Not Found
3776ee946c8362a601b07e8dfde2204a,basketball_wnba,WNBA,2026-05-11T00:33:00Z,2026-05-11T01:23:12Z,Phoenix Mercury @ Golden State Valkyries,Phoenix Mercury,10.0,,,,10.0,11.5,11.5,9.6,12.0,12.0,9.5,7.05,,10.0,10.0,,9.35,9.0,11.0,12.0,9.5,,,,8.0,,,,,,,,0.0692,,,,0.0692,,,0.0891,0.0609,0.0515,0.0576,0.108,,0.0955,0.0955,,0.0905,0.0701,0.0647,0.0515,0.0624,,,,0.0908,,,,,,,,2026-05-11,,,,,,,,,,,,,8.0,0.0952,Polymarket,10.0,2.0,Not Found
00db33deaaa33a0b608ca6e14b65cf05,soccer_argentina_primera_division,Primera División - Argentina,2026-05-11T00:28:00Z,2026-05-11T01:23:12Z,Gimnasia La Plata @ Velez Sarsfield BA,Velez Sarsfield BA,4.8,4.3,4.5,4.45,4.8,4.85,4.85,5.3,4.9,5.6,5.4,5.04,5.4,,5.0,,,,,,,,,,5.5,,,,,,,,0.1864,0.184,0.1872,0.1819,0.1701,0.1773,0.1773,0.1866,0.1819,0.154,0.148,0.1788,0.1842,,0.1932,,,,,,,,,,0.1621,,,,,,,,2026-05-11,,,,,,,,,,,,,,,,,3.0,Not Found
509257532ec98ac4f3797db1e694f8cf,boxing_boxing,Boxing,2026-05-11T02:00:00Z,2026-05-11T01:23:12Z,James Perella @ Julian Rodriguez,James Perella,,,,,6.5,7.2,7.2,6.8,8.0,,,,,,,,,,7.6,,,,7.0,7.0,,,6.75,,8.0,,,,,,,,0.1182,0.0977,0.0977,0.1349,0.0952,,,,,,,,,,0.1028,,,,0.1127,0.1127,,,0.1195,,0.0952,,,,2026-05-11,,,,,,6.55,,0.1176,,,,,,,,,2.0,Not Found
ba62fa120d9300fc1d62f4e6b6bf706c,tennis_atp_italian_open,ATP Italian Open,2026-05-11T09:00:00Z,2026-05-11T01:23:12Z,Martin Landaluce @ Mattia Bellucci,Martin Landaluce,1.96,1.92,1.96,1.92,1.95,1.94,1.94,2.04,1.93,1.92,1.92,2.0,2.04,,,1.97,2.03,1.98,1.95,1.92,1.92,,1.96,1.96,,1.87,1.96,,1.95,1.94,1.9,,0.4877,0.4916,0.4919,0.4916,0.4832,0.4918,0.4918,0.4874,0.4931,0.4945,0.4945,0.4854,0.4874,,,0.4821,0.4818,0.4894,0.4861,0.4945,0.4945,,0.4863,0.4863,,0.5,0.4891,,0.4861,0.4889,0.4854,,2026-05-11,1.95,1.92,0.4707,0.4916,1.9,,0.4914,,1.89,,0.4943,,,,,,2.0,Not Found
403ad0b65e21d971af81ed860293a393,tennis_wta_italian_open,WTA Italian Open,2026-05-11T10:30:00Z,2026-05-11T05:12:46Z,Iva Jović @ Coco Gauff,Iva Jović,3.7,3.95,4.1,3.75,3.7,3.8,3.8,4.0,3.66,3.7,3.7,4.04,4.0,,,3.66,3.8,4.0,3.6,3.7,3.7,,3.96,3.96,,4.02,3.79,,3.6,3.74,3.5,,0.2475,0.2266,0.2251,0.2365,0.2414,0.2379,0.2379,0.2462,0.249,0.2445,0.2445,0.2362,0.2462,,,0.2549,0.2499,0.2344,0.2513,0.2445,0.2445,,0.2326,0.2326,,0.2244,0.2443,,0.2513,0.24,0.2429,,2026-05-11,3.8,,0.2217,,3.75,,0.2365,,3.7,,0.2383,,,,,,2.0,Not Found
dd0493648a9f1f0fb11d7d462455478a,tennis_atp_italian_open,ATP Italian Open,2026-05-11T10:10:00Z,2026-05-11T08:37:48Z,Nikoloz Basilashvili @ Brandon Nakashima,Brandon Nakashima,1.59,1.66,1.68,1.65,1.65,1.6,1.6,1.7,1.65,1.62,1.62,1.69,1.7,,,1.58,1.69,1.67,1.67,1.62,1.62,,1.67,1.67,,1.65,1.63,,1.67,1.61,1.6,,0.6061,0.5739,0.5754,0.5875,0.5758,0.5997,0.5997,0.584,0.5808,0.5913,0.5913,0.5794,0.584,,,0.6064,0.5813,0.5839,0.5721,0.5913,0.5913,,0.582,0.582,,0.5808,0.5931,,0.5721,0.5941,0.5852,,2026-05-11,1.52,1.59,0.6162,0.5989,1.6,,0.5951,,1.61,,0.5913,,,,,,2.0,Not Found
e7662243c026b2687fdaef1f6e28a89c,tennis_atp_italian_open,ATP Italian Open,2026-05-11T12:25:00Z,2026-05-11T14:13:44Z,Hamad Medjedovic @ Mariano Navone,Hamad Medjedovic,2.2,1.94,1.92,1.95,1.98,,,2.36,2.1,2.18,2.1,2.39,2.34,,,,2.19,2.1,2.1,2.25,2.15,,,,,,,,,,,,0.4279,0.4565,0.4795,0.4707,0.47,,,0.4228,0.4474,0.4317,0.4313,0.3986,0.4213,,,,0.4253,0.4524,0.4387,0.4173,0.4332,,,,,,,,,,,,2026-05-11,2.0,,0.4643,,,,,,2.06,,0.4302,,,,,,2.0,Not Found
c67feb81e1c55e9d5567497c1b5fefa5,icehockey_liiga,Liiga,2026-05-11T15:30:00Z,2026-05-11T14:13:44Z,Tappara @ KooKoo,KooKoo,,2.3,2.4,2.38,,1.9,1.9,,1.89,2.55,2.65,1.95,,,,,,2.65,1.91,2.55,1.89,,,,,,2.51,,1.91,,2.45,,,,,,,0.5,0.5,,0.5055,,,0.489,,,,,,,0.5,,0.5041,,,,,,,,0.5,,,,2026-05-11,,,,,2.4,,,,2.43,,,,,,,,2.0,Not Found
739f8ce058f519697a3be18bb231dd1d,soccer_poland_ekstraklasa,Ekstraklasa - Poland,2026-05-11T17:00:00Z,2026-05-11T14:13:44Z,Radomiak Radom @ Cracovia Kraków,Cracovia Kraków,1.95,1.88,1.94,1.91,1.98,,,2.0,1.95,2.04,1.96,1.97,2.0,,2.04,,,2.0,1.95,2.04,2.02,,1.92,1.92,1.9,1.9,1.94,,,1.92,,,0.4899,0.4857,0.4836,0.4863,0.4801,,,0.4953,0.4942,0.468,0.4757,0.494,0.4953,,0.4868,,,0.4825,0.4833,0.468,0.4685,,0.4981,0.4981,0.4973,0.4973,0.4907,,,0.4942,,,2026-05-11,1.87,1.96,0.5055,0.4796,1.84,,0.4959,,1.91,,0.4771,,,,,,3.0,Not Found
5e17040145952cb08f60c54082c44f73,soccer_saudi_arabia_pro_league,Saudi Pro League,2026-05-11T16:50:00Z,2026-05-11T16:48:36Z,Al-Shabab @ Neom,Neom,,2.05,2.1,2.0,,,,2.22,,2.1,2.08,2.15,,,2.17,,,,2.05,2.1,,,,,,,2.17,,2.05,,,,,0.4482,0.4437,0.4667,,,,0.4445,,0.4471,0.447,0.4485,,,0.454,,,,0.4414,0.4471,,,,,,,0.4505,,0.4414,,,,2026-05-11,2.05,,0.4578,,1.99,,0.4527,,2.0,,0.4543,,,,,,3.0,Not Found
03fd861ec29a083c8bd16c509d38f80d,soccer_russia_premier_league,Premier League - Russia,2026-05-11T17:00:00Z,2026-05-11T16:48:36Z,FC Krasnodar @ Dinamo Moscow,Draw,,,,,,,,,,,,4.02,,,,,,,,,,,3.8,,3.85,,4.0,,,4.0,,,,,,,,,,,,,,0.2367,,,,,,,,,,,0.2409,,0.2291,,0.2394,,,0.2385,,,2026-05-11,,,,,,,,,,,,,,,,,3.0,Not Found
a41980cb1e591b483c84c78a06cb3236,tennis_atp_italian_open,ATP Italian Open,2026-05-11T17:00:00Z,2026-05-11T16:48:36Z,Thiago Agustin Tirante @ Flavio Cobolli,Thiago Agustin Tirante,3.2,3.0,3.1,3.1,2.85,3.05,3.05,3.25,3.04,2.9,2.9,3.1,3.3,,,2.9,3.15,3.05,2.9,2.9,2.9,,3.03,3.03,,3.09,2.98,,2.9,2.94,2.9,,0.2886,0.3043,0.3041,0.3016,0.3258,0.3042,0.3042,0.3017,0.3048,0.3178,0.3178,0.3116,0.2994,,,0.3101,0.3115,0.3118,0.3153,0.3178,0.3178,,0.3079,0.3079,,0.3047,0.3157,,0.3153,0.3129,0.3048,,2026-05-11,3.1,3.0,0.2825,0.3043,3.0,,0.3043,,2.88,,0.3165,,,,,,2.0,Not Found
f12a856914943f99077311d5d533eca3,soccer_denmark_superliga,Denmark Superliga,2026-05-11T17:00:00Z,2026-05-11T18:29:13Z,OB Odense BK @ Randers FC,Draw,,2.75,2.85,2.8,2.8,2.88,2.88,2.96,3.0,2.75,2.65,3.01,2.94,,,,,3.0,2.8,2.7,,,,,2.9,,,,,,,,,0.3145,0.3162,0.314,0.3147,0.3123,0.3123,0.3337,0.3126,0.3408,0.3444,0.3102,0.3335,,,,,0.3094,0.3223,0.344,,,,,0.3164,,,,,,,,2026-05-11,,,,,,,,,2.48,2.9,,0.315,,,,,3.0,Not Found
9856db1a35db5769d0b35e75fd3ddf00,soccer_saudi_arabia_pro_league,Saudi Pro League,2026-05-11T18:00:00Z,2026-05-11T18:29:13Z,Al-Ahli @ Al-Taawoun,Al-Ahli,,1.38,1.41,1.36,,,,1.49,,1.38,1.34,2.29,,,,,,,1.44,1.35,,,,,,,,,,,,,,0.6765,0.6736,0.6886,,,,0.6675,,0.7007,0.707,0.4121,,,,,,,0.6468,0.7061,,,,,,,,,,,,,2026-05-11,1.4,,0.6817,,,,,,1.26,,,,,,,,3.0,Not Found
157189c91b8cdd9f8753a8c4d196c8d1,soccer_spain_la_liga,La Liga - Spain,2026-05-11T19:00:00Z,2026-05-11T18:29:13Z,Girona @ Rayo Vallecano,Rayo Vallecano,2.3,2.2,2.25,2.27,2.25,2.28,,2.34,2.3,2.45,2.35,2.41,2.34,,2.38,,,2.35,,2.38,2.35,,2.35,2.35,2.24,2.28,2.39,,2.25,2.34,2.25,,0.4147,0.4227,0.4208,0.4203,0.4245,0.4206,,0.425,0.4196,0.4001,0.4036,0.4057,0.425,,0.4167,,,0.4162,,0.411,0.4017,,0.4139,0.4139,0.4274,0.4206,0.4133,,0.4175,0.4174,0.4261,,2026-05-11,2.25,2.32,0.4245,0.414,2.2,,0.4312,,2.28,,0.4136,,,,,,3.0,Not Found
5058a52208f300b86ae178b9da64d51e,icehockey_nhl,NHL,2026-05-12T00:10:00Z,2026-05-11T20:20:08Z,Colorado Avalanche @ Minnesota Wild,Minnesota Wild,2.2,2.8,2.85,,2.2,2.17,2.17,,2.24,2.88,2.88,2.23,2.3,2.27,2.27,2.25,2.31,2.85,,2.8,2.14,2.32,2.23,2.23,2.2,2.25,2.92,2.32,2.2,2.88,,,0.4314,,,,0.4314,0.4346,0.4346,,0.4256,,,0.4369,0.4317,0.4346,0.4346,0.4264,0.4307,,,,0.4446,0.4282,0.4318,0.4318,0.4349,0.4264,,,0.4279,,,,2026-05-12,2.85,,,,2.8,2.2,,0.4349,2.63,,,,2.21,0.4286,Polymarket,2.27,2.0,Not Found
5469c15e3925b64e5437f4ebe23e9b60,baseball_mlb,MLB,2026-05-11T22:11:00Z,2026-05-11T20:20:08Z,Los Angeles Angels @ Cleveland Guardians,Cleveland Guardians,1.6,1.56,1.56,,1.61,1.58,,1.65,1.58,1.61,1.6,1.65,1.65,1.67,1.64,1.62,1.67,1.58,1.57,1.61,1.6,1.65,1.62,1.62,1.61,1.62,1.62,1.67,1.57,1.57,1.61,,0.6059,0.6077,0.6122,,0.6022,0.6055,,0.6014,0.609,0.6005,0.5997,0.5964,0.603,0.5945,0.6049,0.6046,0.5978,0.6081,0.6101,0.6005,0.5997,0.603,0.6046,0.6046,0.5996,0.602,0.607,,0.6084,0.6101,0.6089,,2026-05-11,1.55,,0.6142,,1.58,,0.6081,,,,,,1.6,0.605,Polymarket,1.67,2.0,Not Found
a791d6e0ffc153a41d1246d3c5de9c87,soccer_portugal_primeira_liga,Primeira Liga - Portugal,2026-05-11T19:18:00Z,2026-05-11T20:20:08Z,Arouca @ Gil Vicente,Draw,2.6,2.5,2.55,2.67,2.45,2.6,2.6,2.82,2.75,2.5,2.43,2.58,2.82,,2.78,,,2.7,2.62,2.5,,,,,2.58,,,,,,,,0.3618,0.3523,0.3538,0.3473,0.3704,0.3501,0.3501,0.353,0.3424,0.3672,0.3669,0.3653,0.353,,0.3529,,,0.357,0.347,0.3672,,,,,0.3602,,,,,,,,2026-05-11,2.7,,0.3427,,,,,,2.43,,0.3669,,,,,,3.0,Not Found
1a4df12a4047b24a3f45ab7bc8debdb5,tennis_wta_french_open,WTA French Open,2026-06-01T10:10:00Z,2026-06-01T02:02:12Z,Diana Shnaider @ Madison Keys,Madison Keys,1.64,1.64,1.66,1.62,1.65,1.62,1.62,1.69,1.65,1.65,1.65,1.67,1.69,,,1.57,1.69,1.67,1.67,1.65,1.65,,1.65,1.65,1.61,,1.69,,1.67,1.64,1.62,,0.5875,0.5875,0.5838,0.5864,0.5758,0.5854,0.5854,0.5909,0.5808,0.5837,0.5837,0.5857,0.5909,,,0.6001,0.584,0.5839,0.5721,0.5837,0.5837,,0.5884,0.5884,0.5978,,0.5794,,0.5721,0.5827,0.5864,,2026-06-01,1.57,1.65,0.6057,0.5856,1.62,1.61,0.5864,0.6022,1.63,,0.5825,,1.64,0.5856,,,2.0,Not Found
4ecd789babad984fbf1fe22fb068751d,tennis_atp_french_open,ATP French Open,2026-06-01T09:00:00Z,2026-06-01T07:18:09Z,Zachary Svajda @ Flavio Cobolli,Flavio Cobolli,1.12,1.12,1.13,1.13,1.13,1.12,1.12,1.14,1.13,1.14,1.14,1.15,1.14,,,1.17,1.16,1.14,1.11,1.14,1.14,,1.13,1.13,1.12,,1.15,,1.11,1.13,1.12,,0.8695,0.8664,0.8656,0.8644,0.8555,0.8658,0.8658,0.8728,0.8622,0.8553,0.8553,0.8574,0.8728,,,0.8463,0.8525,0.8617,0.8735,0.8553,0.8553,,0.8636,0.8636,0.8664,,0.8581,,0.8735,0.8563,0.8631,,2026-06-01,1.1,1.13,0.8776,0.8644,1.13,1.12,0.8656,0.8631,1.13,,0.8532,,1.12,0.8658,,,2.0,Not Found
4bdd3b8ac0ff46440842af47ff3d56e3,tennis_atp_french_open,ATP French Open,2026-06-01T15:00:00Z,2026-06-01T07:18:09Z,Matteo Arnaldi @ Frances Tiafoe,Frances Tiafoe,1.93,1.94,1.94,1.96,1.91,1.92,1.92,2.06,1.93,1.94,1.94,1.99,2.04,,,1.91,2.01,1.96,1.95,1.94,1.94,,1.96,1.96,1.95,,1.98,,1.95,1.93,1.9,,0.4959,0.4946,0.4973,0.4906,0.4915,0.4959,0.4959,0.485,0.4931,0.4904,0.4904,0.4908,0.4874,,,0.504,0.491,0.4947,0.4861,0.4904,0.4904,,0.4863,0.4863,0.489,,0.4921,,0.4861,0.4917,0.4929,,2026-06-01,1.83,1.94,0.5142,0.496,1.95,2.0,0.4933,0.4768,1.92,,0.4872,,1.93,0.4931,,,2.0,Not Found
47cd9adcfcca11368ae255ac7e58954f,tennis_atp_french_open,ATP French Open,2026-06-01T13:45:00Z,2026-06-01T13:03:52Z,Matteo Berrettini @ Juan Manuel Cerundolo,Juan Manuel Cerundolo,2.3,2.45,2.45,2.47,2.45,2.37,2.37,2.56,2.47,2.48,2.48,2.52,2.56,,,2.34,2.56,2.5,2.38,2.48,2.48,,2.55,2.55,2.4,,2.44,,2.38,,2.4,,0.4125,0.3876,0.3876,0.3798,0.3773,0.3965,0.3965,0.3886,0.3798,0.379,0.379,0.3859,0.3886,,,0.3972,0.3886,0.3855,0.3916,0.379,0.379,,0.3756,0.3756,0.3939,,0.3963,,0.3916,,0.3858,,2026-06-01,2.35,2.4,0.3943,0.3978,2.4,2.45,0.3978,0.3896,2.43,,0.379,,2.37,0.3985,,,2.0,Not Found
df5b7638d95d71fbdc4d085f0f27c46c,baseball_ncaa,NCAA Baseball,2026-06-01T19:00:00Z,2026-06-01T13:03:52Z,Georgia Tech Yellow Jackets @ Oklahoma Sooners,Oklahoma Sooners,4.4,,,,4.25,,,,4.0,,,4.11,,,,,,,4.0,,,,4.54,4.54,4.0,4.35,4.58,,,,,,0.197,,,,0.2044,,,,0.2218,,,0.2118,,,,,,,0.2152,,,,0.19,0.19,0.2152,0.1948,0.1959,,,,,,2026-06-01,,,,,,,,,,,,,4.2,0.2092,,,2.0,Not Found
3d7f63e022bde2dd7ac9c739a6be19bf,soccer_brazil_serie_b,Brazil Série B,2026-06-01T22:00:00Z,2026-06-01T13:03:52Z,Botafogo @ Ponte Preta,Botafogo,2.8,,,,2.75,2.78,2.78,3.0,2.9,2.9,2.85,2.97,3.0,,,,,2.8,2.75,2.9,2.9,,2.94,2.94,2.85,2.94,2.86,,2.75,2.86,,,0.3312,,,,0.3318,0.3324,0.3324,0.3295,0.325,0.323,0.3203,0.3238,0.3303,,,,,0.333,0.3311,0.323,0.323,,0.3193,0.3193,0.3234,0.3193,0.3231,,0.3311,0.3231,,,2026-06-01,2.55,2.75,0.3567,0.3333,,,,,,,,,,,,,3.0,Not Found
c49d57a0f27c1800a2c7bbdabba612fe,baseball_mlb,MLB,2026-06-01T23:11:00Z,2026-06-01T21:54:43Z,Kansas City Royals @ Cincinnati Reds,Kansas City Royals,2.08,2.0,2.05,,2.1,2.03,2.03,2.18,2.09,2.14,2.14,2.16,2.18,2.17,2.22,2.16,2.2,2.08,2.1,2.14,2.12,2.18,2.14,2.14,2.1,2.15,2.15,2.2,2.0,2.08,2.17,,0.4611,0.4626,0.4598,,0.4507,0.4654,0.4654,0.4546,0.4551,0.4463,0.4446,0.4537,0.4561,0.4557,0.4459,0.4522,0.4525,0.4563,0.4491,0.4463,0.4452,0.4561,0.4543,0.4543,0.454,0.4532,0.4548,0.3939,0.4722,0.4547,0.4511,,2026-06-01,2.1,,0.444,,2.1,2.15,0.454,0.4532,,,,,2.09,0.4583,Polymarket,2.17,2.0,Not Found
2787e023f11e64827987a41be824a63b,baseball_mlb,MLB,2026-06-01T22:41:00Z,2026-06-01T21:54:43Z,Detroit Tigers @ Tampa Bay Rays,Tampa Bay Rays,1.63,1.6,1.6,,1.61,1.63,1.63,1.67,1.62,1.63,1.62,1.67,1.67,1.67,1.64,1.67,1.68,1.61,1.62,1.63,1.61,1.68,1.67,1.67,1.63,1.65,1.68,1.68,1.62,1.63,1.65,,0.5931,0.5903,0.5951,,0.5978,0.5865,0.5865,0.5945,0.595,0.5922,0.5931,0.5884,0.5945,0.5945,0.6,0.5884,0.5935,0.596,0.5913,0.5922,0.5932,0.591,0.5866,0.5866,0.5912,0.5921,0.5849,,0.5913,0.5875,0.5929,,2026-06-01,1.6,,0.5951,,1.61,1.66,0.5978,0.5902,,,,,1.62,0.5959,Polymarket,1.67,2.0,Not Found
da38fe03578a54149327482e5c97aab4,baseball_ncaa,NCAA Baseball,2026-06-01T22:05:00Z,2026-06-01T21:54:43Z,Troy Trojans @ Florida Gators,Florida Gators,1.3,,,,1.33,,,,1.34,,,1.34,,,,,1.36,,1.33,,1.26,,1.34,1.34,1.31,1.34,1.32,,,,,,0.7376,,,,0.7221,,,,0.7169,,,0.7183,,,,,0.7332,,0.7197,,0.754,,0.7144,0.7144,0.7302,0.7097,0.7343,,,,,,2026-06-01,,,,,,,,,,,,,1.33,0.7226,,,2.0,Not Found
f2e11191da4c1bb89d2c6b19a7536d9d,baseball_mlb,MLB,2026-06-02T01:41:00Z,2026-06-01T23:26:47Z,Los Angeles Dodgers @ Arizona Diamondbacks,Arizona Diamondbacks,2.36,2.3,2.35,,2.4,2.33,2.33,2.5,2.4,2.35,2.35,2.44,2.48,2.44,2.5,2.46,2.53,2.37,2.35,2.35,2.33,2.48,2.46,2.46,2.4,2.41,2.41,2.5,2.38,2.34,,,0.4032,0.4009,0.3963,,0.3939,0.404,0.404,0.3988,0.3939,0.4041,0.4022,0.4,0.4022,0.4055,0.3951,0.3946,0.3946,0.3965,0.4003,0.4041,0.4021,0.3986,0.3946,0.3946,0.3958,0.4007,0.4044,,0.3916,0.4012,,,2026-06-02,2.4,,0.3858,,2.45,2.45,0.3836,0.3954,,,,,2.37,0.4023,Polymarket,2.44,2.0,Not Found
05d72d7bf55653292200aa8a6848aec3,baseball_mlb,MLB,2026-06-01T23:41:00Z,2026-06-01T23:26:47Z,San Francisco Giants @ Milwaukee Brewers,Milwaukee Brewers,1.63,1.58,1.6,,1.62,1.61,1.61,1.68,1.61,1.6,1.6,1.65,1.68,1.67,1.67,1.64,1.68,1.61,1.62,1.6,1.57,1.68,1.64,1.64,1.61,1.63,1.66,1.65,1.67,1.61,1.62,,0.5931,0.5942,0.5951,,0.5959,0.596,0.596,0.5927,0.5978,0.6042,0.6024,0.5956,0.5927,0.5945,0.5945,0.6,0.5935,0.596,0.5913,0.6042,0.6084,0.5944,0.5983,0.5983,0.5996,0.5993,0.592,0.5866,0.5721,0.595,0.6046,,2026-06-01,1.6,,0.5951,,1.6,1.62,0.5951,0.6046,,,,,1.61,0.6005,Polymarket,1.67,2.0,Not Found
59fc9f929c57723e26aff1369fbce4bb,basketball_wnba,WNBA,2026-06-02T00:00:00Z,2026-06-01T23:26:47Z,Seattle Storm @ Dallas Wings,Dallas Wings,1.15,,,,1.15,1.13,1.13,1.17,1.15,1.15,1.15,1.15,,1.16,1.16,1.15,1.16,,1.14,1.15,1.15,1.17,1.16,1.16,1.14,1.16,1.16,,,,,,0.8422,,,,0.8478,0.8516,0.8516,0.8516,0.8471,0.8455,0.8455,0.852,,0.8561,0.851,0.8478,0.859,,0.8477,0.8455,0.8404,0.8527,0.8427,0.8427,0.8516,0.8456,0.8403,,,,,,2026-06-02,,,,,,1.14,,0.8553,1.09,,0.8545,,1.15,0.8435,Polymarket,1.16,2.0,Not Found
75af153d222bc664a2050573ba0e28c5,baseball_ncaa,NCAA Baseball,2026-06-01T22:06:35Z,2026-06-01T23:26:47Z,Kentucky Wildcats @ West Virginia Mountaineers,West Virginia Mountaineers,1.27,,,,1.25,,,,1.38,,,,,,,,,,,,1.33,,,,1.28,,,,,,,,0.7548,,,,0.7611,,,,0.6928,,,,,,,,,,,,0.7093,,,,0.7391,,,,,,,,2026-06-01,,,,,,,,,,,,,1.25,0.763,,,2.0,Not Found
94e3a100350f42226e7dff90c84029fb,icehockey_ahl,AHL,2026-06-01T23:08:00Z,2026-06-01T23:26:47Z,W-B/Scranton Penguins @ Toronto Marlies,W-B/Scranton Penguins,,2.0,2.05,2.03,,,,,,,,,,,1.54,1.68,,,,2.23,1.67,,,,,,,,,,,,,,,,,,,,,,,,,,,0.564,,,,,0.5494,,,,,,,,,,,,2026-06-01,,,,,,,,,2.12,,,,,,,,2.0,Not Found
daef1f1e03324e709f683a56a6ad0487,baseball_mlb,MLB,2026-06-02T01:41:00Z,2026-06-02T01:59:46Z,New York Mets @ Seattle Mariners,New York Mets,2.16,2.15,2.25,,2.3,2.25,2.25,2.08,2.27,2.28,2.18,2.02,2.26,2.33,2.33,,2.31,2.3,2.15,2.28,2.23,2.36,,,2.1,,,,,,,,0.4339,0.412,0.4136,,0.4087,0.4078,0.4078,0.4445,0.4078,0.4125,0.4109,0.4758,0.4218,0.4239,0.4239,,0.4307,0.4144,0.422,0.4125,0.4137,0.4195,,,0.4422,,,,,,,,2026-06-02,2.25,,0.3996,,,,,,,,,,2.15,0.4295,Polymarket,2.33,2.0,Not Found
bf4e9b86468873af5d3e3d7707e6b10f,baseball_ncaa,NCAA Baseball,2026-06-02T01:05:53Z,2026-06-02T01:59:46Z,USC Trojans @ Texas A&M Aggies,Texas A&M Aggies,1.47,,,,1.48,,,,1.48,,,,,,,,1.33,,,,1.35,,,,,,,,,,,,0.6493,,,,0.6338,,,,0.6455,,,,,,,,,,,,0.6704,,,,,,,,,,,,2026-06-02,,,,,,,,,,,,,1.5,0.6333,,,2.0,Not Found
2b70d713ba99d389c5708d35cbebe885,baseball_npb,NPB,2026-06-02T09:00:00Z,2026-06-02T01:59:46Z,Chiba Lotte Marines @ Tokyo Yakult Swallows,Tokyo Yakult Swallows,1.83,,,,1.83,1.82,1.82,,1.83,1.88,1.88,1.85,,,,,,1.87,1.8,,1.88,,1.85,1.85,1.77,1.85,1.84,,1.85,,1.75,,0.5207,,,,0.5168,0.5247,0.5247,,0.5168,0.5014,0.5014,0.5264,,,,,,0.511,0.516,,0.5014,,0.5177,0.5177,0.5325,0.5057,0.5242,,0.519,,0.5293,,2026-06-02,,,,,1.73,,0.5231,,1.88,,0.5014,,1.81,0.5224,,,2.0,Not Found
245cafbe2a6bce786c84e8ac687234ba,baseball_npb,NPB,2026-06-02T09:00:00Z,2026-06-02T06:51:29Z,Fukuoka SoftBank Hawks @ Chunichi Dragons,Fukuoka SoftBank Hawks,1.58,,,,1.61,1.62,1.62,,1.57,1.57,1.57,1.58,,,,,,1.59,1.57,,1.57,,1.6,1.6,1.54,1.58,1.63,,1.61,,1.55,,0.6081,,,,0.5932,0.5913,0.5913,,0.6144,0.6039,0.6039,0.6165,,,,,,0.6035,0.5962,,0.6039,,0.6109,0.6109,0.6163,0.609,0.5958,,0.6005,,0.6052,,2026-06-02,,,,,1.53,,0.6046,,1.57,,0.6039,,1.57,0.6066,,,2.0,Not Found
688a71cba0f2f30ff5fb556e614251e0,baseball_npb,NPB,2026-06-02T09:00:00Z,2026-06-02T06:51:29Z,Saitama Seibu Lions @ Hanshin Tigers,Hanshin Tigers,1.89,,,,1.91,1.9,1.9,,1.91,1.79,1.79,1.98,,,,,,1.89,1.85,,1.79,,1.91,1.91,1.91,1.87,1.93,,1.91,,1.85,,0.5055,,,,0.4944,0.5,0.5,,0.5,0.5293,0.5293,0.4907,,,,,,0.5041,0.5,,0.5293,,0.5,0.5,0.4886,0.5056,0.5,,0.5,,0.5,,2026-06-02,,,,,1.81,,0.503,,1.79,,0.5293,,1.87,0.5042,,,2.0,Not Found
cd7dbdf6086ac551e2fa013ced999af2,baseball_npb,NPB,2026-06-02T09:00:00Z,2026-06-02T06:51:29Z,Orix Buffaloes @ Yomiuri Giants,Orix Buffaloes,1.82,,,,1.87,1.82,1.82,,1.83,1.89,1.89,1.84,,,,,,1.82,1.8,,1.89,,1.85,1.85,1.77,1.84,1.86,,1.85,,1.8,,0.5247,,,,0.5056,0.5247,0.5247,,0.5168,0.4986,0.4986,0.529,,,,,,0.5247,0.516,,0.4986,,0.5177,0.5177,0.5325,0.5086,0.5188,,0.519,,0.5146,,2026-06-02,,,,,1.75,,0.5226,,1.89,,0.4986,,1.81,0.5224,,,2.0,Not Found
507ec1a59ca1a2aa1386a2dbe2fbfa7b,baseball_mlb,MLB,2026-06-02T22:40:00Z,2026-06-02T15:11:38Z,Detroit Tigers @ Tampa Bay Rays,Detroit Tigers,2.18,2.1,2.15,2.13,2.18,2.16,2.16,2.26,2.19,2.2,2.2,2.22,2.24,2.22,2.27,2.3,2.28,2.17,2.15,2.2,2.18,2.28,2.27,2.27,2.17,2.25,2.22,2.32,2.1,2.15,2.26,,0.4387,0.4405,0.4384,0.4389,0.4335,0.4356,0.4356,0.4388,0.4342,0.4332,0.4297,0.4411,0.4375,0.4459,0.4346,0.425,0.4352,0.4363,0.4402,0.4332,0.4317,0.4384,0.4279,0.4279,0.438,0.4315,0.4395,0.4231,0.4491,0.4384,0.4339,,2026-06-02,2.2,,0.4242,,2.1,2.24,0.4405,0.4342,,,,,2.18,0.4387,Polymarket,2.22,2.0,Not Found
5e3b2062b65bb237b07e3f815e5ee0e1,baseball_milb,MiLB,2026-06-02T22:35:00Z,2026-06-02T18:55:34Z,Scranton/Wilkes-Barre RailRiders @ Syracuse Mets,Syracuse Mets,1.85,,,,,,,,,,,,,,,,,,,,1.81,,1.8,,,,1.83,,1.8,,,,0.5112,,,,,,,,,,,,,,,,,,,,0.5145,,0.5214,,,,0.5087,,0.516,,,,2026-06-02,,,,,,,,,,,,,,,,,2.0,Not Found
b5e04f40eefba99c0d6ca711bb81a10d,baseball_milb,MiLB,2026-06-02T22:45:00Z,2026-06-02T18:55:34Z,Charlotte Knights @ Durham Bulls,Durham Bulls,2.06,,,,,,,,,,,,,,,,,,,,2.08,,2.05,,2.05,,2.02,,,,,,0.457,,,,,,,,,,,,,,,,,,,,0.4428,,0.4565,,0.4565,,0.4585,,,,,,2026-06-02,,,,,,,,,,,,,,,,,2.0,Not Found
eed04b61f2d842473dfb24ead68efe3e,baseball_milb,MiLB,2026-06-02T22:35:00Z,2026-06-02T21:48:22Z,Norfolk Tides @ Gwinnett Stripers,Norfolk Tides,2.2,,,,,,,,,,,,,,,,,,,,2.2,,2.17,,2.15,,2.13,,2.1,,,,0.4261,,,,,,,,,,,,,,,,,,,,0.4148,,0.431,,0.4332,,0.4317,,0.4387,,,,2026-06-02,,,,,,,,,,,,,,,,,2.0,Not Found
8a03c584b84c2b4b4c197a904f0c628b,baseball_milb,MiLB,2026-06-02T22:45:00Z,2026-06-02T21:48:22Z,Rochester Red Wings @ Lehigh Valley IronPigs,Rochester Red Wings,1.7,,,,,,,,,,,,,,,,,,,,1.61,,1.8,,1.67,,1.65,,1.7,,,,0.5583,,,,,,,,,,,,,,,,,,,,0.5833,,0.5214,,0.5668,,0.5683,,0.5502,,,,2026-06-02,,,,,,,,,,,,,,,,,2.0,Not Found
b84399295651497ab1b5785ed039e360,basketball_wnba,WNBA,2026-06-02T23:30:00Z,2026-06-02T23:23:52Z,Connecticut Sun @ Atlanta Dream,Connecticut Sun,7.3,,,,8.0,7.5,7.5,9.8,8.0,6.75,6.75,8.88,,9.09,9.09,8.1,9.62,,7.5,6.75,6.75,9.7,8.32,8.32,8.0,8.25,,,,,,,0.1139,,,,0.1038,0.1037,0.1037,0.0965,0.1038,0.1195,0.1195,0.0976,,0.1046,0.1005,0.1072,0.1015,,0.1037,0.1195,0.1195,0.097,0.1014,0.1014,0.0995,0.1019,,,,,,,2026-06-02,,,,,,8.25,,0.1019,6.0,,0.1071,,7.8,0.1011,Polymarket,9.09,2.0,Not Found
d151ae8d551dafc26e657e34d0b4cff3,baseball_mlb,MLB,2026-06-02T23:16:24Z,2026-06-02T23:23:52Z,Toronto Blue Jays @ Atlanta Braves,Toronto Blue Jays,2.34,2.35,2.4,2.15,2.35,2.1,2.1,2.24,2.44,2.38,2.25,2.04,2.38,2.56,2.44,2.47,2.45,2.45,,2.45,2.38,2.42,2.02,2.02,2.2,2.03,,2.0,2.0,1.95,2.0,,0.3972,0.3794,0.3837,0.4295,0.3983,0.4387,0.4387,0.4342,0.3781,0.3916,0.3975,0.4658,0.3976,0.3848,0.4055,0.3798,0.3896,0.3815,,0.3794,0.379,0.3921,0.483,0.483,0.4242,0.4803,,0.4826,0.4722,0.4861,0.4882,,2026-06-02,2.5,,0.3552,,1.94,2.02,0.4845,0.483,,,,,2.15,0.4384,Polymarket,2.56,2.0,Not Found
74f3bd29e00a7932dfcd53369f030251,baseball_mlb,MLB,2026-06-02T22:41:55Z,2026-06-02T23:23:52Z,San Diego Padres @ Philadelphia Phillies,San Diego Padres,2.24,2.15,2.35,2.15,2.35,2.25,2.29,2.28,2.49,2.38,2.35,2.15,2.38,2.44,2.44,2.27,2.42,2.3,2.25,2.38,2.3,2.42,,,2.2,,,,,,,,0.4165,0.4161,0.3963,0.4201,0.3983,0.4078,0.3999,0.4144,0.3697,0.3916,0.3794,0.4452,0.3976,0.4055,0.4055,0.4154,0.4054,0.4144,0.4038,0.3916,0.3969,0.409,,,0.4242,,,,,,,,2026-06-02,2.2,,0.4148,,,,,,,,,,2.15,0.4384,Polymarket,2.44,2.0,Not Found
e73fadc7fb7502608603de6dfce34fac,baseball_mlb,MLB,2026-06-03T00:10:14Z,2026-06-03T02:07:32Z,Pittsburgh Pirates @ Houston Astros,Pittsburgh Pirates,1.16,1.21,1.21,1.19,1.18,1.2,1.2,1.22,1.18,1.17,1.16,1.24,1.19,1.2,1.2,1.19,1.2,1.2,1.15,1.15,1.17,1.19,,,1.17,,,,,,,,0.831,0.7913,0.7996,0.7952,0.8185,0.7944,0.7944,0.8057,0.8164,0.8253,0.8199,0.7836,0.8138,0.8267,0.8267,0.8156,0.8251,0.8114,0.8237,0.8422,0.8187,0.8149,,,0.8221,,,,,,,,2026-06-03,1.17,,0.8111,,,,,,,,,,1.18,0.8138,Polymarket,1.2,2.0,Not Found
6c525054ef6bbee384a6400f05a7ef19,baseball_mlb,MLB,2026-06-02T23:41:17Z,2026-06-03T02:07:32Z,Chicago White Sox @ Minnesota Twins,Minnesota Twins,1.1,1.1,1.09,1.08,1.09,1.08,1.08,1.11,1.09,1.09,1.07,1.07,,1.12,,,1.12,1.1,1.08,1.09,1.08,1.11,,,1.15,,,,,,,,0.8788,0.8805,0.8898,0.886,0.8898,0.8901,0.8901,0.8698,0.8832,0.892,0.8904,0.9158,,0.8864,,,0.8849,0.8856,0.886,0.892,0.8889,0.879,,,0.8348,,,,,,,,2026-06-02,1.1,,0.8668,,,,,,,,,,1.05,0.9236,Polymarket,1.12,2.0,Not Found
e8effa19d91453a4c9757e6a4725bbc4,baseball_kbo,KBO,2026-06-03T08:00:00Z,2026-06-03T02:07:32Z,NC Dinos @ Samsung Lions,NC Dinos,2.32,,,2.13,2.3,2.25,2.25,,2.3,2.3,2.3,2.3,,,,,,2.3,,,2.3,,2.35,2.35,2.25,,2.33,,2.25,,2.25,,0.4069,,,0.4142,0.4068,0.4192,0.4192,,0.4087,0.4049,0.4049,0.4106,,,,,,0.4087,,,0.4049,,0.4097,0.4097,0.4117,,0.417,,0.4097,,0.4038,,2026-06-03,2.25,,0.4038,,2.1,,0.4155,,,,,,2.26,0.4126,,,2.0,Not Found
3b66d862f77459e14d28a667b0c49146,baseball_kbo,KBO,2026-06-03T08:00:00Z,2026-06-03T07:06:25Z,Hanwha Eagles @ Doosan Bears,Doosan Bears,2.76,,,2.6,2.5,2.7,2.7,,2.75,2.65,2.65,2.74,,,,,,2.78,,,2.65,,2.95,2.95,2.65,,2.76,,2.62,,2.6,,0.3363,,,0.3402,0.3667,0.3473,0.3473,,0.3417,0.3439,0.3439,0.34,,,,,,0.335,,,0.3439,,0.3198,0.3198,0.3439,,0.35,,0.3436,,0.3451,,2026-06-03,2.7,,0.328,,2.5,,0.3429,,,,,,2.7,0.3404,,,2.0,Not Found
0da3a022dc871df9d446d725023090ce,baseball_kbo,KBO,2026-06-03T08:00:00Z,2026-06-03T07:06:25Z,LG Twins @ KT Wiz,KT Wiz,1.68,,,1.64,1.69,1.7,1.7,,1.67,1.68,1.68,1.68,,,,,,1.7,,,1.68,,1.67,1.67,1.67,,1.74,,1.67,,1.65,,0.5703,,,0.5656,0.5578,0.5616,0.5616,,0.5721,0.5651,0.5651,0.5714,,,,,,0.5637,,,0.5651,,0.582,0.582,0.5668,,0.5621,,0.5613,,0.5649,,2026-06-03,1.7,,0.5502,,1.61,,0.5667,,,,,,1.68,0.5661,,,2.0,Not Found
00d415358f32d33a2b8d98e6fc96ffb0,baseball_kbo,KBO,2026-06-03T08:00:00Z,2026-06-03T07:06:25Z,Lotte Giants @ Kia Tigers,Lotte Giants,2.18,,,2.08,2.2,2.15,2.15,,2.15,,,2.2,,,,,,2.15,,,,,2.3,2.3,2.15,,2.19,,2.1,,2.1,,0.4335,,,0.4355,0.4314,0.4384,0.4384,,0.4367,,,0.4297,,,,,,0.4402,,,,,0.418,0.418,0.4332,,0.4442,,0.4387,,0.4351,,2026-06-03,2.2,,0.4148,,2.05,,0.4353,,,,,,2.15,0.4349,,,2.0,Not Found
81346c79b9b66c2f9c829dbcfd2c8d99,baseball_kbo,KBO,2026-06-03T08:00:00Z,2026-06-03T07:06:25Z,Kiwoom Heroes @ SSG Landers,SSG Landers,1.96,,,1.9,1.95,1.95,1.95,,1.95,,,1.98,,,,,,1.96,,,,,2.05,2.05,1.91,,1.99,,1.91,,1.9,,0.4848,,,0.4823,0.4832,0.4861,0.4861,,0.4832,,,0.4808,,,,,,0.4848,,,,,0.4661,0.4661,0.4886,,0.4895,,0.484,,0.4854,,2026-06-03,1.85,,0.5,,1.86,,0.4831,,,,,,1.95,0.4832,,,2.0,Not Found
b781e505a41d7c380041f6fbf1e65be6,baseball_npb,NPB,2026-06-03T09:00:27Z,2026-06-03T12:06:51Z,Fukuoka SoftBank Hawks @ Chunichi Dragons,Fukuoka SoftBank Hawks,1.96,,,1.8,1.74,2.6,1.8,,2.05,2.02,,1.63,,,,,,1.77,2.15,,2.14,,,,1.83,,,,,,,,0.4804,,,0.4921,0.5309,0.3545,0.524,,0.4515,0.4499,,0.5815,,,,,,0.5248,0.422,,0.409,,,,0.5114,,,,,,,,2026-06-03,,,,,,,,,2.06,,,,1.3,0.7308,,,2.0,Not Found
82e09c833f76f59f4e640b27b7d2f275,tennis_atp_french_open,ATP French Open,2026-06-03T13:21:00Z,2026-06-03T12:06:51Z,Flavio Cobolli @ Felix Auger-Aliassime,Felix Auger-Aliassime,1.98,1.92,1.94,1.92,1.91,1.91,1.91,2.04,1.93,1.89,1.89,1.98,2.04,,,1.93,2.05,1.94,,1.89,1.88,,1.95,2.0,2.0,,1.96,,1.83,1.93,1.88,,0.4823,0.4973,0.4973,0.5,0.5,0.4986,0.4986,0.4887,0.4931,0.5055,0.5055,0.4935,0.4887,,,0.4931,0.4848,0.5,,0.5055,0.5069,,0.489,0.4797,0.4768,,0.4987,,0.5,0.4987,0.5,,2026-06-03,1.87,1.92,0.5042,0.5,1.92,2.0,0.5027,0.4768,1.91,,0.504,,1.99,0.478,,,2.0,Not Found
bee59a7dbd5441cad240f0571973b255,baseball_mlb,MLB,2026-06-03T17:41:00Z,2026-06-03T17:14:13Z,Chicago White Sox @ Minnesota Twins,Chicago White Sox,2.3,2.2,2.2,2.21,,2.22,2.22,2.32,,2.25,2.23,2.32,2.32,2.27,,2.28,2.33,2.25,2.25,2.25,2.23,2.32,2.25,2.25,,2.29,2.33,2.36,2.2,2.26,2.3,,0.4144,0.4224,0.4224,0.4232,,0.424,0.424,0.4298,,0.4228,0.4248,0.4197,0.4298,0.4346,,0.4286,0.4272,0.4192,0.4192,0.4228,0.423,0.4298,0.4315,0.4315,,0.4242,0.4187,0.4142,0.4279,0.4164,0.425,,2026-06-03,2.3,,0.4049,,,2.29,,0.4242,,,,,2.26,0.4218,Polymarket,2.27,2.0,Not Found
db044fdc746fbc96eecdec74de78a2e2,handball_germany_bundesliga,Handball-Bundesliga,2026-06-03T17:00:28Z,2026-06-03T17:14:13Z,TVB Stuttgart @ Frisch Auf Göppingen,Frisch Auf Göppingen,,1.58,1.68,1.65,,1.57,,,,,,1.41,,,,,,1.91,1.53,1.68,,,,,,,,,,1.56,,,,,0.5599,0.5628,,0.6022,,,,,,,,,,,,0.5004,,0.5697,,,,,,,,,,0.6107,,,2026-06-03,1.65,,0.575,,,,,,1.62,,0.5722,,,,,,3.0,Not Found
304f7b78a9778dc325ac931d43380852,cricket_odi,One Day Internationals,2026-06-03T14:30:00Z,2026-06-03T20:30:08Z,Sri Lanka @ West Indies,Sri Lanka,,,,,,1.52,1.52,1.63,1.59,1.54,1.5,,,,,,,,,,,,,,,,,,,,,,,,,,,0.6116,0.6116,0.6114,0.5971,0.6189,0.6178,,,,,,,,,,,,,,,,,,,,,,2026-06-03,,,,,,,,,,,,,,,,,2.0,Not Found
4e85167bd9712cd0b65e8feae60412ff,tennis_atp_french_open,ATP French Open,2026-06-03T18:25:00Z,2026-06-03T20:30:08Z,Matteo Arnaldi @ Matteo Berrettini,Matteo Arnaldi,1.06,1.02,1.03,1.1,1.06,1.03,1.03,1.07,1.27,1.02,1.01,1.18,1.04,,,,,1.1,,1.02,,,,,1.11,,,,,,,,0.9161,0.9485,0.9454,0.8698,0.9072,0.94,0.94,0.9303,0.7658,0.9402,0.9362,0.8259,0.958,,,,,0.8856,,0.9447,,,,,0.879,,,,,,,,2026-06-03,1.04,,0.9252,,,,,,1.05,,0.8892,,1.25,0.7718,,,2.0,Not Found
94a6962e86b12a2cc4f6e0cd72d4d426,baseball_milb,MiLB,2026-06-03T22:45:00Z,2026-06-03T20:30:08Z,Charlotte Knights @ Durham Bulls,Durham Bulls,2.14,,,,,,,,,,,,,,,,,,,,2.14,,2.09,,2.15,,2.09,,2.1,,,,0.436,,,,,,,,,,,,,,,,,,,,0.4306,,0.4468,,0.4332,,0.4416,,0.4387,,,,2026-06-03,,,,,,,,,,,,,,,,,2.0,Not Found
47ba81d29d6be644bfa8ada5ea469493,baseball_milb,MiLB,2026-06-03T23:05:00Z,2026-06-03T20:30:08Z,Nashville Sounds @ Jacksonville Jumbo Shrimp,Jacksonville Jumbo Shrimp,1.93,,,,,,,,,,,,,,,,,,,,1.92,,1.91,,1.91,,1.89,,1.91,,,,0.4888,,,,,,,,,,,,,,,,,,,,0.4826,,0.4886,,0.4886,,0.4913,,0.484,,,,2026-06-03,,,,,,,,,,,,,,,,,2.0,Not Found
859f56a081b813c2f16240bc2687f241,baseball_mlb,MLB,2026-06-03T23:06:00Z,2026-06-03T22:39:42Z,Cleveland Guardians @ New York Yankees,Cleveland Guardians,2.16,2.1,2.1,2.06,,2.07,2.07,2.24,,2.18,2.18,2.21,2.22,2.22,2.22,2.19,2.25,,2.2,2.18,2.16,2.23,2.17,2.17,,2.19,2.18,2.18,2.2,2.11,2.19,,0.4441,0.444,0.4474,0.4451,,0.4575,0.4575,0.4439,,0.437,0.4352,0.4422,0.449,0.4459,0.4395,0.4474,0.4429,,0.4279,0.437,0.4374,0.448,0.4495,0.4495,,0.4442,0.4485,0.437,0.4279,0.4479,0.4474,,2026-06-03,2.1,,0.444,,2.1,2.18,0.4491,0.4453,,,,,2.15,0.4452,Polymarket,2.22,2.0,Not Found
31eba8fe40243a3e0e029a8b9949d756,baseball_mlb,MLB,2026-06-03T22:41:00Z,2026-06-03T22:39:42Z,San Diego Padres @ Philadelphia Phillies,Philadelphia Phillies,1.43,1.4,1.41,1.39,,1.43,1.43,1.48,,1.43,1.43,1.45,1.46,1.49,1.47,1.44,1.48,1.43,1.4,1.43,1.43,1.47,1.44,1.44,,1.43,1.46,1.47,1.4,1.42,1.44,,0.6772,0.6817,0.6792,0.6779,,0.6736,0.6736,0.6712,,0.6742,0.6742,0.6782,0.6812,0.6655,0.6751,0.6783,0.6744,0.6742,0.6817,0.6742,0.6742,0.6762,0.6817,0.6817,,0.6819,0.6735,0.6729,0.6847,0.6785,0.6777,,2026-06-03,1.4,,0.6847,,1.41,1.42,0.6792,0.6854,,,,,1.44,0.6754,Polymarket,1.49,2.0,Not Found
b4808548fb02c7ca4b53ca5b4872652e,baseball_milb,MiLB,2026-06-03T23:05:00Z,2026-06-03T22:39:42Z,Omaha Storm Chasers @ Columbus Clippers,Omaha Storm Chasers,2.18,,,,,,,,,,,,,,,,,,,,2.1,,2.21,,,,2.09,,2.1,,,,0.43,,,,,,,,,,,,,,,,,,,,0.4387,,0.4232,,,,0.4416,,0.4387,,,,2026-06-03,,,,,,,,,,,,,,,,,2.0,Not Found
e01073f39d1a2ad9064b3367d93ae2d1,baseball_npb,NPB,2026-06-04T09:00:00Z,2026-06-04T05:16:36Z,Chiba Lotte Marines @ Tokyo Yakult Swallows,Chiba Lotte Marines,2.06,,,1.95,2.0,2.05,2.05,,2.05,2.0,2.0,2.1,,,,,,2.05,2.0,,2.0,,2.1,2.1,2.05,1.94,2.05,,2.08,,1.95,,0.4602,,,0.4623,0.4675,0.463,0.463,,0.4661,0.4691,0.4691,0.4619,,,,,,0.463,0.461,,0.4691,,0.4556,0.4556,0.4565,0.4815,0.4707,,0.4595,,0.4707,,2026-06-04,,,,,1.94,,0.4619,,2.0,,0.4691,,2.04,0.461,,,2.0,Not Found
1879f9a9ee1925232095f8ed1b3d00e6,aussierules_afl,AFL,2026-06-04T09:30:00Z,2026-06-04T05:16:36Z,Geelong Cats @ Adelaide Crows,Geelong Cats,,,,,,1.5,1.5,1.53,1.5,,,1.5,,,,,,1.53,,1.51,,,,,,1.61,,,,1.48,1.45,,,,,,,0.6206,0.6206,0.652,0.6373,,,0.6403,,,,,,0.6284,,0.635,,,,,,0.5978,,,,0.6378,0.6487,,2026-06-04,1.45,,0.6487,,1.48,,0.6204,,,,,,,,,,2.0,Not Found
f77b2a6be5ec277a751fcda44ea021f2,baseball_kbo,KBO,2026-06-04T09:30:00Z,2026-06-04T05:16:36Z,Hanwha Eagles @ Doosan Bears,Doosan Bears,1.82,,,1.73,1.83,1.82,1.82,,1.83,1.76,1.76,1.82,,,,,,1.8,,,1.76,,1.91,1.91,1.8,,1.87,,1.8,,1.8,,0.5247,,,0.5231,0.5168,0.5247,0.5247,,0.5232,0.539,0.539,0.526,,,,,,0.5303,,,0.539,,0.5,0.5,0.5214,,0.5211,,0.516,,0.5146,,2026-06-04,1.8,,0.5146,,1.72,,0.5219,,,,,,1.81,0.5224,,,2.0,Not Found
1a39ebb076d04dc1b536d50316e4ea6f,baseball_npb,NPB,2026-06-04T09:00:00Z,2026-06-04T09:05:32Z,Fukuoka SoftBank Hawks @ Chunichi Dragons,Chunichi Dragons,1.83,,,1.8,1.85,1.97,1.97,,1.8,2.02,1.94,1.85,,,,,,1.94,1.91,,1.97,,1.88,1.88,1.8,1.88,,,1.91,,1.8,,0.5207,,,0.4921,0.5,0.476,0.476,,0.5214,0.4499,0.4845,0.5252,,,,,,0.4752,0.4761,,0.4489,,0.5069,0.5069,0.5214,0.4986,,,0.5,,0.5146,,2026-06-04,,,,,1.74,,0.52,,1.85,,,,1.82,0.5196,,,2.0,Not Found
ff018e07a66b9a7362e936c3f5bd750f,baseball_npb,NPB,2026-06-04T09:00:00Z,2026-06-04T09:05:32Z,Orix Buffaloes @ Yomiuri Giants,Yomiuri Giants,2.18,,,2.05,2.0,2.12,2.12,,2.1,2.04,1.97,2.22,,,,,,2.11,2.05,,2.0,,2.25,2.25,2.15,2.04,,,2.12,,2.1,,0.4335,,,0.4314,0.4576,0.4382,0.4382,,0.4422,0.4475,0.476,0.4345,,,,,,0.4339,0.4445,,0.4451,,0.4264,0.4264,0.4332,0.4594,,,0.4501,,0.4351,,2026-06-04,,,,,2.0,,0.4433,,1.93,,,,2.12,0.4417,,,2.0,Not Found
d5e2b3deed0b8e2ce6da47b6932fba66,baseball_kbo,KBO,2026-06-04T09:30:00Z,2026-06-04T09:05:32Z,Kiwoom Heroes @ SSG Landers,Kiwoom Heroes,2.38,,,2.2,2.35,2.35,2.35,,2.4,2.32,2.32,2.4,,,,,,2.35,,,2.32,,2.42,2.42,2.35,,2.42,,2.3,,2.3,,0.3956,,,0.3983,0.3943,0.4003,0.4003,,0.3939,0.397,0.397,0.3919,,,,,,0.4003,,,0.397,,0.398,0.398,0.3943,,0.4017,,0.3989,,0.3948,,2026-06-04,2.35,,0.3838,,2.2,,0.3983,,,,,,2.33,0.3981,,,2.0,Not Found
eb15a586875e6fe72e3c37ced33d1e76,baseball_kbo,KBO,2026-06-04T09:30:00Z,2026-06-04T09:05:32Z,NC Dinos @ Samsung Lions,Samsung Lions,1.69,,,1.61,1.65,1.68,1.68,,1.65,1.7,1.7,1.63,,,,,,1.68,,,1.7,,1.64,1.64,1.61,,1.69,,1.67,,1.62,,0.5665,,,0.5655,0.5758,0.5703,0.5703,,0.5808,0.5583,0.5583,0.5894,,,,,,0.5703,,,0.5583,,0.5939,0.5939,0.5883,,0.5794,,0.5613,,0.5761,,2026-06-04,1.62,,0.5761,,1.62,,0.5647,,,,,,1.68,0.5651,,,2.0,Not Found
39325eb1324310df2d045349a1f14379,baseball_kbo,KBO,2026-06-04T09:31:45Z,2026-06-04T12:14:48Z,LG Twins @ KT Wiz,KT Wiz,14.0,,,8.0,16.0,,11.0,,,9.5,,11.75,,,,,,10.0,,,9.0,,,,11.0,,,,,,,,0.0455,,,0.0675,0.0362,,0.06,,,0.0719,,0.0571,,,,,,0.0598,,,0.0605,,,,0.0553,,,,,,,,2026-06-04,11.0,,0.0504,,,,,,,,,,8.75,0.0764,,,2.0,Not Found
c4aadeb306fe6353dc07eadb7c63a28c,cricket_test_match,Test Matches,2026-06-04T10:00:00Z,2026-06-04T12:14:48Z,New Zealand @ England,New Zealand,,,,,,,3.05,3.35,3.1,3.0,2.9,,3.35,,,,,,3.1,,,,,,,,,,1.8,,,,,,,,,,0.2971,0.2973,0.2959,0.3127,0.3129,,0.2973,,,,,,0.2972,,,,,,,,,,,,,,2026-06-04,,,,,,,,,,,,,,,,,3.0,Not Found
36c7e4b73886bc861d39df8f6b409354,handball_germany_bundesliga,Handball-Bundesliga,2026-06-04T17:00:00Z,2026-06-04T12:14:48Z,ThSV Eisenach @ SG Flensburg-Handewitt,ThSV Eisenach,,8.5,11.0,9.7,,9.6,9.6,,,,,7.38,,,,,,,,8.0,,,,,,,,,,8.5,,,,0.0735,0.0668,0.0734,,0.0704,0.0704,,,,,,,,,,,,,0.0926,,,,,,,,,,0.0865,,,2026-06-04,12.0,10.0,0.0539,0.0689,,,,,7.5,,0.0869,,,,,,3.0,Not Found
8ba83a5fb0f9d2b93807e073204a5850,baseball_mlb,MLB,2026-06-04T17:36:00Z,2026-06-04T15:48:22Z,Baltimore Orioles @ Boston Red Sox,Boston Red Sox,1.86,1.8,1.82,1.81,1.83,1.83,1.83,1.89,1.82,1.85,1.85,1.86,1.89,1.89,1.92,1.86,1.91,1.82,1.8,1.85,1.83,1.88,1.86,1.86,1.81,1.86,1.86,1.94,1.8,1.8,1.85,,0.5163,0.5227,0.5222,0.5237,0.5232,0.5207,0.5207,0.5265,0.526,0.5165,0.5152,0.5273,0.5265,0.5242,0.5153,0.5261,0.5225,0.5247,0.5278,0.5165,0.5168,0.5279,0.5249,0.5249,0.5299,0.5261,0.5273,0.5126,0.5278,0.529,0.5287,,2026-06-04,1.75,,0.5418,,1.82,1.85,0.5235,0.5287,,,,,1.84,0.5242,Polymarket,1.89,2.0,Not Found
8f76a0f8197d7420bf1e1eb9f5d94159,baseball_mlb,MLB,2026-06-04T17:06:00Z,2026-06-04T18:04:11Z,San Diego Padres @ Philadelphia Phillies,San Diego Padres,4.2,4.0,4.2,4.05,3.5,3.64,3.64,2.48,3.88,4.1,3.95,3.89,3.55,4.35,4.17,4.23,4.17,4.3,4.1,4.25,3.85,,,,4.2,,,,,,,,0.2092,0.2152,0.2092,0.2068,0.2612,0.2374,0.2374,0.3705,0.2256,0.2154,0.2099,0.2317,0.2343,0.2243,0.2293,0.2117,0.2293,0.2064,0.1982,0.2078,0.22,,,,0.2058,,,,,,,,2026-06-04,4.1,,0.2053,,,,,,,,,,2.8,0.3214,Polymarket,4.35,2.0,Not Found
a0dbb7bbd28b837d0732bfad7f975e9f,baseball_mlb,MLB,2026-06-04T17:36:00Z,2026-06-04T18:04:11Z,Cleveland Guardians @ New York Yankees,Cleveland Guardians,2.44,2.45,2.5,2.5,2.5,2.51,2.51,2.54,2.39,2.48,2.48,2.48,2.54,2.63,2.56,2.51,2.6,2.6,2.25,2.48,2.48,2.6,,,2.5,,,,2.38,,,,0.3802,0.3616,0.3711,0.3599,0.3732,0.3614,0.3614,0.3824,0.3866,0.3748,0.3568,0.379,0.3701,0.3756,0.3808,0.3724,0.3778,0.359,0.4038,0.3748,0.3615,0.3738,,,0.3667,,,,0.3916,,,,2026-06-04,2.5,,0.3552,,,,,,,,,,2.7,0.3404,Polymarket,2.63,2.0,Not Found
05db23b82d06c7b5a49c0b8be8bed745,handball_germany_bundesliga,Handball-Bundesliga,2026-06-04T17:00:20Z,2026-06-04T18:04:11Z,HSG Wetzlar @ HSV Hamburg,HSV Hamburg,,1.76,2.1,2.05,,2.1,2.1,,,,,,,,,,,2.1,1.8,,,,,,,,,,,,,,,,0.4392,0.4437,,0.4291,0.4291,,,,,,,,,,,0.4517,0.5075,,,,,,,,,,,,,,2026-06-04,2.0,,0.4672,,,,,,,,,,,,,,3.0,Not Found
6ebe3a5d818d5b4c2b1a49ad12fd9e5b,cricket_t20_blast,T20 Blast,2026-06-04T18:00:00Z,2026-06-04T18:04:11Z,Glamorgan @ Somerset,Somerset,,,,,,1.55,1.55,1.68,,1.62,1.56,1.6,1.69,,,,,,,,,,1.67,,,,,,,1.61,,,,,,,,0.6004,0.6004,0.5944,,0.5864,0.5912,0.5893,0.5892,,,,,,,,,,0.569,,,,,,,0.5801,,,2026-06-04,,,,,,,,,,,,,,,,,2.0,Not Found
af6ef1366153948a6c889ab26efb9f71,baseball_milb,MiLB,2026-06-04T22:35:00Z,2026-06-04T18:04:11Z,Scranton/Wilkes-Barre RailRiders @ Syracuse Mets,Syracuse Mets,1.93,,,,,,,,,,,,,,,,,,,,1.91,,1.91,,1.91,,1.9,,1.91,,,,0.4888,,,,,,,,,,,,,,,,,,,,0.4871,,0.4886,,0.4886,,0.4884,,0.484,,,,2026-06-04,,,,,,,,,,,,,,,,,2.0,Not Found
43a2965b2817fec59969c0015f2d31b0,baseball_milb,MiLB,2026-06-04T22:05:00Z,2026-06-04T20:20:59Z,Buffalo Bisons @ Worcester Red Sox,Buffalo Bisons,1.89,,,,,,,,,,,,,,,,,,,,1.92,,1.77,,1.91,,1.89,,1.85,,,,0.5,,,,,,,,,,,,,,,,,,,,0.4826,,0.5325,,0.4886,,0.4913,,0.5,,,,2026-06-04,,,,,,,,,,,,,,,,,2.0,Not Found
265fbc96020851a7318a7eb33ce124d8,baseball_milb,MiLB,2026-06-04T22:45:00Z,2026-06-04T20:20:59Z,Charlotte Knights @ Durham Bulls,Durham Bulls,2.2,,,,,,,,,,,,,,,,,,,,2.16,,2.17,,2.15,,2.14,,2.1,,,,0.4261,,,,,,,,,,,,,,,,,,,,0.4247,,0.431,,0.4332,,0.4306,,0.4387,,,,2026-06-04,,,,,,,,,,,,,,,,,2.0,Not Found
383b1a772380618363f4a8f9d6017931,baseball_milb,MiLB,2026-06-04T23:05:00Z,2026-06-04T20:20:59Z,Norfolk Tides @ Gwinnett Stripers,Norfolk Tides,2.2,,,,,,,,,,,,,,,,,,,,2.2,,2.13,,2.15,,2.13,,2.1,,,,0.4261,,,,,,,,,,,,,,,,,,,,0.4148,,0.4389,,0.4332,,0.4317,,0.4387,,,,2026-06-04,,,,,,,,,,,,,,,,,2.0,Not Found
a00904436ffc808c3b03c32d685dde11,baseball_milb,MiLB,2026-06-04T23:05:00Z,2026-06-04T20:20:59Z,Nashville Sounds @ Jacksonville Jumbo Shrimp,Nashville Sounds,1.85,,,,,,,,,,,,,,,,,,,,1.82,,1.83,,1.83,,1.83,,1.8,,,,0.5112,,,,,,,,,,,,,,,,,,,,0.5102,,0.5114,,0.5114,,0.5087,,0.516,,,,2026-06-04,,,,,,,,,,,,,,,,,2.0,Not Found
a43e98e0c9478ae1dfb875e1f2dd6966,basketball_wnba,WNBA,2026-06-04T23:00:00Z,2026-06-04T21:57:56Z,Atlanta Dream @ Indiana Fever,Indiana Fever,1.88,,,,1.85,1.82,1.82,1.98,1.89,1.88,1.88,1.93,,2.0,1.96,1.91,2.0,,1.8,1.88,1.88,2.01,,,1.91,1.91,,,,,,,0.5069,,,,0.5177,0.5183,0.5183,0.5025,0.5055,0.5069,0.5069,0.5,,0.4949,0.5,0.5,0.4949,,0.5278,0.5069,0.5069,0.4937,,,0.5,0.5,,,,,,,2026-06-04,,,,,,,,,1.76,,0.5063,,1.85,0.5152,Polymarket,2.0,2.0,Not Found
5017da00c4eff1bf4703737d8d1a86de,baseball_milb,MiLB,2026-06-04T22:45:00Z,2026-06-04T21:57:56Z,Rochester Red Wings @ Lehigh Valley IronPigs,Rochester Red Wings,1.6,,,,,,,,,,,,,,,,,,,,1.57,,1.65,,1.62,,1.59,,1.6,,,,0.5932,,,,,,,,,,,,,,,,,,,,0.5962,,0.5768,,0.5814,,0.5903,,0.5903,,,,2026-06-04,,,,,,,,,,,,,,,,,2.0,Not Found
8f979d224c2b4b29b8e4f48e66ef7e8b,baseball_milb,MiLB,2026-06-05T00:05:00Z,2026-06-04T23:18:52Z,Round Rock Express @ Oklahoma City Comets,Oklahoma City Comets,1.6,,,,,,,,,,,,,,,,,,,,1.57,,1.61,,1.62,,,,1.6,,,,0.5932,,,,,,,,,,,,,,,,,,,,0.5962,,0.5913,,0.5814,,,,0.5903,,,,2026-06-05,,,,,,,,,,,,,,,,,2.0,Not Found
c6644744e3068b8ab6c300f10f471970,baseball_milb,MiLB,2026-06-05T00:07:00Z,2026-06-04T23:18:52Z,Indianapolis Indians @ St. Paul Saints,St. Paul Saints,1.66,,,,,,,,,,,,,,,,,,,,1.65,,1.65,,1.67,,1.65,,1.67,,,,0.5739,,,,,,,,,,,,,,,,,,,,0.5694,,0.5768,,0.5668,,0.5683,,0.5613,,,,2026-06-05,,,,,,,,,,,,,,,,,2.0,Not Found
d045db5051907a9f3163048a555e4c95,rugbyleague_nrl,NRL,2026-06-05T10:06:00Z,2026-06-05T10:12:32Z,Sydney Roosters @ Canberra Raiders,Draw,,18.0,18.0,,,25.0,25.0,,,,,,,,,,,,,,,,,,,,,,,28.0,,,,0.0113,0.0226,,,0.0179,0.016,,,,,,,,,,,,,,,,,,,,,,,0.0064,,,2026-06-05,20.0,,0.0194,,,,,,,,,,,,,,3.0,Not Found
a4c247a3021a7854b7dc23b9d67524c6,tennis_atp_french_open,ATP French Open,2026-06-05T12:30:00Z,2026-06-05T10:12:32Z,Alexander Zverev @ Jakub Mensik,Jakub Mensik,3.75,3.75,3.85,3.8,3.75,3.65,3.65,4.0,3.76,3.9,3.9,3.8,4.0,,,3.78,4.07,,,3.9,3.9,,3.74,3.74,3.9,,3.83,,3.6,3.7,3.55,,0.2457,0.2427,0.2423,0.244,0.2457,0.2494,0.2494,0.2462,0.2424,0.2345,0.2345,0.2499,0.2462,,,0.2323,0.2412,,,0.2345,0.2314,,0.2461,0.2461,0.2345,,0.2489,,0.2513,0.2505,0.2502,,2026-06-05,3.8,3.75,0.2316,0.2457,3.8,3.65,0.244,0.2494,3.95,,0.236,,3.65,0.2494,,,2.0,Not Found
a0f8618df8661fbde8d9b7ffdb9af036,cricket_t20_blast,T20 Blast,2026-06-05T16:30:00Z,2026-06-05T10:12:32Z,Glamorgan @ Worcestershire,Glamorgan,,,,,,,,1.75,,2.05,2.05,1.96,1.98,,,,,,,,,,,,,,,,2.0,1.94,,,,,,,,,,0.514,,0.4565,0.4565,0.4742,0.4837,,,,,,,,,,,,,,,,0.4722,0.4752,,,2026-06-05,,,,,,,,,,,,,,,,,2.0,Not Found
d0c290da96578add1f9531c15c9eac16,cricket_t20_blast,T20 Blast,2026-06-05T18:00:00Z,2026-06-05T16:13:28Z,Somerset @ Gloucestershire,Somerset,,,,,,,,1.74,,1.57,1.57,1.65,1.75,,,,,,,,,,,,,,,,1.67,,,,,,,,,,,0.558,,0.6011,0.6011,0.5715,0.5584,,,,,,,,,,,,,,,,0.5721,,,,2026-06-05,,,,,,,,,,,,,,,,,2.0,Not Found
66ea890e18af0833c92b1b73b4f70b31,baseball_mlb,MLB,2026-06-05T22:41:00Z,2026-06-05T21:48:49Z,Chicago White Sox @ Philadelphia Phillies,Chicago White Sox,2.6,2.45,2.5,2.49,2.55,2.48,2.48,2.7,2.57,2.6,2.6,2.64,2.7,2.7,,2.62,2.67,2.55,2.55,2.6,2.6,2.68,2.64,2.64,2.56,2.6,2.61,2.72,2.5,2.53,2.6,,0.3655,0.3707,0.3711,0.3719,0.3693,0.3769,0.3769,0.3667,0.3656,0.3612,0.3612,0.3689,0.3667,0.3647,,0.3683,0.3708,0.3671,0.3627,0.3612,0.359,0.3681,0.3668,0.3668,0.3685,0.3697,0.3731,0.3654,0.3732,0.3687,0.3718,,2026-06-05,2.55,,0.3627,,2.55,2.59,0.3693,0.3725,,,,,2.56,0.3706,Polymarket,2.7,2.0,Not Found
6d1a337b5f35129eac5b4f426bfc4a4f,baseball_milb,MiLB,2026-06-05T22:05:00Z,2026-06-05T21:48:49Z,Buffalo Bisons @ Worcester Red Sox,Worcester Red Sox,1.85,,,,,,,,,,,,,,,,,,,,1.8,,1.83,,1.83,,1.82,,1.8,,,,0.5112,,,,,,,,,,,,,,,,,,,,0.5174,,0.5114,,0.5114,,0.5116,,0.516,,,,2026-06-05,,,,,,,,,,,,,,,,,2.0,Not Found
ac5c8ba08539b91eda4c611af496f1f9,baseball_milb,MiLB,2026-06-05T22:35:00Z,2026-06-05T21:48:49Z,Scranton/Wilkes-Barre RailRiders @ Syracuse Mets,Scranton/Wilkes-Barre RailRiders,1.89,,,,,,,,,,,,,,,,,,,,1.85,,1.91,,,,1.86,,1.85,,,,0.5,,,,,,,,,,,,,,,,,,,,0.5,,0.4886,,,,0.5,,0.5,,,,2026-06-05,,,,,,,,,,,,,,,,,2.0,Not Found
3017532baf3b1684dbd61a6fe522963f,baseball_mlb,MLB,2026-06-05T23:11:00Z,2026-06-05T22:52:59Z,Tampa Bay Rays @ Miami Marlins,Miami Marlins,2.14,2.05,2.05,2.03,2.05,2.07,2.07,2.22,2.09,2.14,2.12,2.15,2.2,2.17,2.17,2.13,2.21,2.1,2.1,2.14,2.12,2.19,2.12,2.12,2.09,2.14,2.15,2.18,2.1,2.08,2.13,,0.4479,0.4532,0.4565,0.4539,0.4614,0.4575,0.4575,0.449,0.4551,0.4463,0.4468,0.4563,0.4525,0.4557,0.4511,0.4585,0.4515,0.4524,0.4491,0.4463,0.4468,0.4536,0.4596,0.4596,0.4551,0.4559,0.4548,0.4453,0.4491,0.4547,0.4585,,2026-06-05,2.1,,0.444,,2.1,2.15,0.4524,0.4532,,,,,2.11,0.4529,Polymarket,2.17,2.0,Not Found
61be630678b155cf69cedc7df6691776,baseball_mlb,MLB,2026-06-05T22:41:00Z,2026-06-05T22:52:59Z,Seattle Mariners @ Detroit Tigers,Seattle Mariners,1.58,1.56,1.62,1.57,1.57,1.67,1.57,1.2,1.63,1.57,1.54,1.85,1.6,1.75,1.69,1.57,1.77,1.6,1.57,1.57,1.56,,1.85,1.85,1.81,1.85,,1.82,1.8,1.8,1.83,,0.6028,0.588,0.5864,0.5962,0.6101,0.5613,0.6001,,0.5805,0.6057,0.6025,0.531,0.597,0.5654,0.5858,0.611,0.5622,0.5951,0.5962,0.6057,0.6012,,0.5287,0.5287,0.5299,0.5299,,0.532,0.5278,0.529,0.5351,,2026-06-05,1.55,,0.6004,,1.8,1.83,0.5253,0.5351,,,,,1.6,0.5951,Polymarket,1.75,2.0,Not Found
9f62999128a2b96c92475c3cf744811d,baseball_ncaa,NCAA Baseball,2026-06-05T21:00:00Z,2026-06-05T22:52:59Z,Arkansas-Little Rock Trojans @ Troy Trojans,Troy Trojans,1.01,,,,1.01,,,,1.02,,,,,,,,1.06,,,,,,,,,,,,,,,,0.9656,,,,0.9606,,,,0.9589,,,,,,,,0.9267,,,,,,,,,,,,,,,,2026-06-05,,,,,,,,,,,,,1.03,0.942,,,2.0,Not Found
eec9577be787049daba72c5c033dab3c,baseball_kbo,KBO,2026-06-06T05:00:00Z,2026-06-06T04:15:52Z,KT Wiz @ SSG Landers,SSG Landers,2.02,,,1.94,2.05,2.0,2.0,,2.05,1.96,1.96,2.1,,,,,,2.02,,,1.96,,2.1,2.1,2.05,,2.1,,1.91,,2.0,,0.4713,,,0.4704,0.4565,0.4722,0.4722,,0.4614,0.4804,0.4804,0.4524,,,,,,0.4697,,,0.4804,,0.4556,0.4556,0.4565,,0.4634,,0.484,,0.4559,,2026-06-06,2.0,,0.4593,,1.9,,0.4708,,,,,,2.0,0.4707,,,2.0,Not Found
24b26ae6991c6dcfa987c672dfe7c402,soccer_japan_j_league,J League,2026-06-06T06:00:00Z,2026-06-06T07:27:08Z,V-Varen Nagasaki @ Mito HollyHock,Draw,,3.3,3.4,3.02,3.1,3.1,3.05,,3.4,,,3.46,,,3.85,,,,3.25,,,,,,,,,,,,,,,0.263,0.2609,,0.2839,,0.2784,,0.2702,,,0.2691,,,0.2528,,,,0.2746,,,,,,,,,,,,,,2026-06-06,,,,,,,,,,,,,,,,,3.0,Not Found
2fdf5df350bff326017e98bf4eddaec0,baseball_kbo,KBO,2026-06-06T08:02:29Z,2026-06-06T09:34:47Z,Hanwha Eagles @ Lotte Giants,Hanwha Eagles,3.55,,,3.02,3.0,,3.15,,3.3,2.7,,3.14,,,,,,3.05,,,2.65,,,,3.2,,,,,,,,0.2532,,,0.2749,0.2935,,0.2856,,0.2698,0.328,,0.2889,,,,,,0.288,,,0.321,,,,0.2746,,,,,,,,2026-06-06,2.9,,0.302,,,,,,,,,,3.55,0.2408,,,2.0,Not Found
f3b507e4c14b0315a77cfc9e73dc04da,soccer_japan_j_league,J League,2026-06-06T09:00:00Z,2026-06-06T09:34:47Z,Kyoto Purple Sanga @ Kashiwa Reysol,Kyoto Purple Sanga,,3.05,3.15,3.07,3.4,3.3,3.3,,3.4,,,3.8,,,3.57,,,,3.3,,,,,,,,,,,,,,,0.2803,0.281,,0.2509,0.2628,0.2628,,0.2734,,,0.2399,,,0.2701,,,,0.2637,,,,,,,,,,,,,,2026-06-06,,,,,,,,,,,,,,,,,3.0,Not Found
8309afce2b15670cdf1f4f19185876eb,baseball_npb,NPB,2026-06-06T09:00:54Z,2026-06-06T09:34:47Z,Chiba Lotte Marines @ Yomiuri Giants,Chiba Lotte Marines,1.68,,,1.62,1.53,1.62,1.6,,1.56,1.61,,2.14,,,,,,1.62,1.57,,1.56,,,,1.61,,,,2.28,,,,0.564,,,0.5586,0.614,0.5864,0.5932,,0.6077,0.578,,0.4342,,,,,,0.5761,0.5912,,0.5824,,,,0.5883,,,,0.4181,,,,2026-06-06,,,,,,,,,1.47,,,,2.05,0.4498,,,2.0,Not Found
69fde123c71acd8bcf4d957dba6f97b3,tennis_wta_french_open,WTA French Open,2026-06-06T13:00:00Z,2026-06-06T09:34:47Z,Mirra Andreeva @ Maja Chwalinska,Mirra Andreeva,1.22,1.2,1.21,1.21,1.24,1.21,1.21,1.24,1.19,1.22,1.22,1.21,1.23,,,1.23,1.24,1.21,1.25,1.22,1.21,,1.22,1.22,1.2,,1.24,,1.25,1.22,1.18,,0.7962,0.8146,0.8152,0.8112,0.7856,0.795,0.795,0.8052,0.8149,0.8011,0.8011,0.8136,0.8085,,,0.7848,0.7993,0.8112,0.781,0.8011,0.8021,,0.7987,0.7987,0.8114,,0.7938,,0.781,0.7999,0.8185,,2026-06-06,,1.23,,0.7929,1.22,1.2,0.8035,0.808,1.22,,0.8011,,1.22,0.7936,,,2.0,Not Found
468d40850db8507bc33dcc0acc63239a,soccer_brazil_serie_b,Brazil Série B,2026-06-06T14:00:00Z,2026-06-06T09:34:47Z,Londrina @ Criciuma,Criciuma,1.59,,,,,1.55,1.55,1.6,1.61,1.64,1.57,1.59,1.61,,,,,1.62,1.61,1.64,1.61,,1.56,1.56,1.54,1.59,1.59,,1.62,1.56,,,0.6064,,,,,0.6181,0.6181,0.618,0.6006,0.5866,0.5946,0.6139,0.6165,,,,,0.5954,0.5888,0.5866,0.5887,,0.6168,0.6168,0.6203,0.6063,0.6042,,0.5862,0.6145,,,2026-06-06,1.47,,0.6454,,,,,,,,,,,,,,3.0,Not Found
bd2a16410d9ce6c1b219fe9d463aabec,baseball_kbo,KBO,2026-06-06T08:01:15Z,2026-06-06T11:07:57Z,Samsung Lions @ Kia Tigers,Kia Tigers,1.5,,,2.25,1.48,,1.2,,1.49,1.34,,1.75,,,,,,1.18,,,1.3,,,,2.25,,,,,,,,0.6365,,,0.3821,0.6338,,0.8017,,0.6395,0.7007,,0.5332,,,,,,0.8074,,,0.711,,,,0.4078,,,,,,,,2026-06-06,1.2,,0.7917,,,,,,,,,,,,,,2.0,Not Found
999f09b5931411b7cf71d2b954cfe9dd,soccer_japan_j_league,J League,2026-06-06T10:00:00Z,2026-06-06T11:07:57Z,Hiroshima Sanfrecce FC @ Kawasaki Frontale,Kawasaki Frontale,,9.5,10.5,9.25,11.0,10.5,10.5,,11.0,,,11.24,,,11.11,,,,9.5,,,,,,,,,,,,,,,0.0677,0.0627,,0.0557,0.0635,0.0598,,0.0657,,,0.0668,,,0.0701,,,,0.0746,,,,,,,,,,,,,,2026-06-06,,,,,,,,,,,,,,,,,3.0,Not Found
2c901d81c9188cbc1d23326d05075c64,baseball_ncaa,NCAA Baseball,2026-06-06T15:00:00Z,2026-06-06T11:07:57Z,Mississippi St Bulldogs @ Georgia Bulldogs,Mississippi St Bulldogs,2.0,,,,2.0,,,,2.0,,,,,,,,2.13,,2.0,,1.94,,2.0,2.0,1.95,2.0,2.03,,,,,,0.4691,,,,0.4675,,,,0.4675,,,,,,,,0.4538,,0.461,,0.472,,0.4675,0.4675,0.4786,0.4675,0.4685,,,,,,2026-06-06,,,,,,,,,,,,,2.0,0.4707,,,2.0,Not Found
5d56d7bc8e07f9dd9a440c554bcaba58,baseball_mlb,MLB,2026-06-06T17:11:00Z,2026-06-06T14:12:44Z,Seattle Mariners @ Detroit Tigers,Detroit Tigers,2.16,2.1,2.1,2.1,2.15,2.12,2.12,2.2,2.13,2.18,2.17,2.17,2.2,2.22,2.17,2.2,2.2,2.12,2.1,2.18,2.16,2.21,2.18,2.18,2.12,2.18,2.16,2.23,2.1,2.09,2.18,,0.4441,0.444,0.4474,0.4457,0.4402,0.4452,0.4452,0.4525,0.4474,0.4387,0.438,0.4511,0.4525,0.4459,0.4511,0.4448,0.4525,0.4468,0.4491,0.4387,0.4374,0.4515,0.4469,0.4469,0.4501,0.4469,0.4537,,0.4491,0.4519,0.4485,,2026-06-06,2.1,,0.444,,2.1,2.17,0.4491,0.4495,,,,,2.15,0.4452,Polymarket,2.22,2.0,Not Found
c46f63d2a4bc4c02e80578b8ba26683c,baseball_ncaa,NCAA Baseball,2026-06-06T16:00:00Z,2026-06-06T14:12:44Z,West Virginia Mountaineers @ Cal Poly Mustangs,Cal Poly Mustangs,3.8,,,,3.75,,,,3.6,,,3.59,,,,,3.8,,3.5,,3.7,,3.57,3.57,3.6,3.4,3.9,,,,,,0.2348,,,,0.2396,,,,0.2483,,,0.2487,,,,,0.2316,,0.2553,,0.2319,,0.2494,0.2494,0.2452,0.2595,0.2314,,,,,,2026-06-06,,,,,,,,,,,,,3.6,0.2483,,,2.0,Not Found
1b2ba990352e1855979d183947fb9880,boxing_boxing,Boxing,2026-06-06T18:00:00Z,2026-06-06T15:41:52Z,Troy Coleman @ Aaron Bowen,Troy Coleman,3.9,,,,,4.55,4.55,,,,,4.28,,,,,,,4.9,,,,4.13,4.13,,4.75,4.38,,,,,,0.2217,,,,,0.1789,0.1789,,,,,0.2168,,,,,,,0.1854,,,,0.2112,0.2112,,0.1815,0.2043,,,,,,2026-06-06,,,,,,,,,,,,,,,,,2.0,Not Found
95b032dd2f7f1df3880db49f2dc690ec,basketball_wnba,WNBA,2026-06-06T17:03:00Z,2026-06-06T17:56:00Z,Seattle Storm @ Minnesota Lynx,Seattle Storm,6.2,,,,5.5,5.6,5.6,6.4,5.5,8.0,6.75,6.57,,6.67,6.67,,5.85,,6.5,8.0,6.75,6.2,,,5.4,,,,,,,,0.1302,,,,0.1484,0.1347,0.1347,0.1433,0.1523,0.0952,0.1024,0.1216,,0.1439,0.1439,,0.1581,,0.1265,0.0952,0.1068,0.1459,,,0.1501,,,,,,,,2026-06-06,,,,,,,,,5.8,,,,6.25,0.1255,Polymarket,6.67,2.0,Not Found
3f55bbc0bb0b771f14a1eb341ff8229f,cricket_t20_blast,T20 Blast,2026-06-06T18:00:00Z,2026-06-06T17:56:00Z,Northamptonshire @ Durham,Durham,,,,,,,,2.0,,1.91,1.91,1.96,1.98,,,,,,,,,,1.87,,,,,,,1.98,,,,,,,,,,0.4975,,0.5,0.5,0.4742,0.5025,,,,,,,,,,0.5,,,,,,,0.4652,,,2026-06-06,,,,,,,,,,,,,,,,,2.0,Not Found
c8486564e402714866628d13fb394279,soccer_spain_segunda_division,La Liga 2 - Spain,2026-06-06T19:00:00Z,2026-06-06T17:56:00Z,Almería @ CD Castellón,CD Castellón,1.77,,,1.78,1.77,1.8,1.8,1.9,1.87,1.74,1.7,1.86,1.91,,1.92,,,1.8,,1.74,,,1.85,1.85,1.8,,1.84,,1.8,1.86,,,0.5412,,,0.5353,0.5297,0.5281,0.5281,0.5251,0.5166,0.5527,0.5576,0.5258,0.5233,,0.5206,,,0.537,,0.5527,,,0.519,0.519,0.5278,,0.5292,,0.523,0.5269,,,2026-06-06,,,,,1.74,1.85,0.5421,0.519,1.63,,0.5668,,,,,,3.0,Not Found
3cc24e5cbd47294ce618f37fb85b6a6b,baseball_mlb,MLB,2026-06-06T20:06:00Z,2026-06-06T19:43:23Z,Chicago White Sox @ Philadelphia Phillies,Chicago White Sox,2.16,2.05,2.1,2.04,2.2,2.12,2.12,2.28,2.17,2.17,2.16,2.21,2.24,2.22,,2.29,2.26,2.12,2.15,2.17,2.15,2.24,2.26,2.26,2.17,2.25,2.16,2.27,2.1,2.09,2.25,,0.4458,0.4532,0.4507,0.451,0.4314,0.4452,0.4452,0.4384,0.438,0.4397,0.4391,0.4422,0.4423,0.4459,,0.4276,0.4403,0.4468,0.4402,0.4397,0.4384,0.4454,0.4305,0.4305,0.438,0.4315,0.4537,0.4362,0.4491,0.4519,0.4349,,2026-06-06,2.1,,0.444,,2.1,2.25,0.4507,0.4315,,,,,2.18,0.4387,Polymarket,2.22,2.0,Not Found
bad30008f1838625ea9ec0604b8cf654,baseball_mlb,MLB,2026-06-06T18:21:00Z,2026-06-06T19:43:23Z,San Francisco Giants @ Chicago Cubs,Chicago Cubs,1.63,1.62,1.68,1.75,1.67,1.67,1.67,1.89,1.62,1.73,1.56,1.71,1.66,1.72,1.72,1.68,1.72,1.7,1.61,1.61,1.7,1.71,,,1.67,,,,,,,,0.5835,0.5647,0.5651,0.5357,0.5721,0.5613,0.5613,0.5195,0.5854,0.5509,0.5932,0.562,0.5697,0.5761,0.5761,0.5714,0.5733,0.5668,0.578,0.5932,0.5502,0.575,,,0.5668,,,,,,,,2026-06-06,1.7,,0.5502,,,,,,,,,,1.75,0.5418,Polymarket,1.72,2.0,Not Found
aeccef3b9be7563d3b8fbc89c0ad6329,baseball_ncaa,NCAA Baseball,2026-06-06T18:06:51Z,2026-06-06T19:43:23Z,North Carolina Tar Heels @ USC Trojans,USC Trojans,5.7,,,,5.5,,,,6.0,,,,,,,,2.5,,,,6.25,,,,7.0,,,,,,,,0.1413,,,,0.1405,,,,0.1369,,,,,,,,,,,,0.117,,,,0.1085,,,,,,,,2026-06-06,,,,,,,,,,,,,5.0,0.169,,,2.0,Not Found
9e45a1f71cc1d06204894cf5a853af5c,baseball_ncaa,NCAA Baseball,2026-06-06T21:06:20Z,2026-06-06T21:47:27Z,Auburn Tigers @ Ole Miss Rebels,Ole Miss Rebels,1.88,,,,1.98,,,,1.95,,,,,,,,2.1,,,,1.92,,,,1.87,,,,,,,,0.5,,,,0.4652,,,,0.4786,,,,,,,,,,,,0.4811,,,,0.4896,,,,,,,,2026-06-06,,,,,,,,,,,,,2.15,0.4384,,,2.0,Not Found
669ade27f37d517a034e6670e3326416,baseball_milb,MiLB,2026-06-06T22:35:00Z,2026-06-06T22:48:12Z,Scranton/Wilkes-Barre RailRiders @ Syracuse Mets,Scranton/Wilkes-Barre RailRiders,1.85,,,,,,,,,,,,,,,,,,,,1.79,,1.83,,,,1.82,,1.8,,,,0.5112,,,,,,,,,,,,,,,,,,,,0.5203,,0.5114,,,,0.5116,,0.516,,,,2026-06-06,,,,,,,,,,,,,,,,,2.0,Not Found
deecebaa4f01235d840b93831fa79e0f,baseball_milb,MiLB,2026-06-06T23:05:00Z,2026-06-06T22:48:12Z,Omaha Storm Chasers @ Columbus Clippers,Omaha Storm Chasers,2.06,,,,,,,,,,,,,,,,,,,,2.06,,2.07,,2.0,,2.0,,2.0,,,,0.457,,,,,,,,,,,,,,,,,,,,0.4486,,0.4525,,0.4675,,0.4626,,0.461,,,,2026-06-06,,,,,,,,,,,,,,,,,2.0,Not Found
25554ee7fbb7765f77c910d20b453f0f,mma_mixed_martial_arts,MMA,2026-06-06T23:15:00Z,2026-06-06T22:48:12Z,John Yannis @ Marcus McGhee,Marcus McGhee,1.26,,,,,1.26,1.26,1.28,1.24,,,1.26,1.27,,1.28,,1.27,1.25,1.22,,,1.27,1.24,,1.24,1.25,1.22,1.28,,,,,0.7749,,,,,0.7718,0.7718,0.777,0.7869,,,0.7781,0.7826,,0.7757,,0.7782,0.7824,0.7908,,,0.7747,0.7856,,0.7883,0.7778,0.7882,0.78,,,,,2026-06-06,,,,,,1.25,,0.763,,,,,,,,,2.0,Not Found
5b241f4b94bf0db775608f15ddea4fc2,baseball_mlb,MLB,2026-06-07T00:06:00Z,2026-06-06T23:51:40Z,Boston Red Sox @ New York Yankees,New York Yankees,1.89,,,,1.91,1.88,1.88,1.96,1.85,1.82,1.82,1.95,1.96,1.96,1.96,2.0,,1.87,1.85,1.82,1.81,1.94,2.0,2.0,1.88,1.98,,,1.8,,1.95,,0.5094,,,,0.5,0.5055,0.5055,0.5051,0.5177,0.5247,0.5247,0.5026,0.5038,0.5051,0.5051,0.4882,,0.511,0.5085,0.5247,0.5262,0.5052,0.4882,0.4882,0.5082,0.4935,,,0.5278,,0.5,,2026-06-07,,,,,,1.98,,0.4935,,,,,1.89,0.5094,Polymarket,1.96,2.0,Not Found
33c14afc1c11682959f3089d5f7fa4e3,icehockey_nhl,NHL,2026-06-07T00:15:00Z,2026-06-06T23:51:40Z,Carolina Hurricanes @ Vegas Golden Knights,Carolina Hurricanes,1.91,2.4,2.45,2.4,1.91,1.9,1.9,,1.93,2.43,2.43,1.93,1.97,1.96,1.96,1.91,1.94,2.45,,2.38,1.83,1.95,1.95,1.95,1.93,1.91,2.42,1.93,1.91,2.46,,,0.5,,,,0.5,0.5,0.5,,0.4945,,,0.5053,0.5038,0.5051,0.5051,0.5,0.5126,,,,0.5194,0.5089,0.496,0.496,0.4945,0.5,,0.5027,0.5,,,,2026-06-07,2.45,,,,2.45,1.93,,0.4945,2.23,,,,1.92,0.5013,Polymarket,1.96,2.0,Not Found
560ea803bc0e84f2cbb41fd61f3f1b6c,basketball_wnba,WNBA,2026-06-07T00:00:00Z,2026-06-06T23:51:40Z,Indiana Fever @ New York Liberty,New York Liberty,1.67,,,,1.67,1.62,1.62,1.73,1.68,1.67,1.67,1.66,,1.72,1.72,1.67,1.72,,1.61,1.67,1.66,1.7,1.67,1.67,1.69,1.67,,,,,,,0.5742,,,,0.5772,0.5864,0.5864,0.5753,0.5744,0.5752,0.5752,0.5838,,0.5761,0.5761,0.582,0.5788,,0.5932,0.5752,0.577,0.5804,0.582,0.582,0.5736,0.582,,,,,,,2026-06-07,,,,,,1.62,,0.6003,1.56,,0.5801,,1.63,0.5884,Polymarket,1.72,2.0,Not Found
1598b231f7bee989302179e978dd0206,baseball_milb,MiLB,2026-06-07T00:35:00Z,2026-06-06T23:51:40Z,Albuquerque Isotopes @ Salt Lake Bees,Salt Lake Bees,1.93,,,,,,,,,,,,,,,,,,,,1.91,,1.91,,1.91,,1.89,,1.91,,,,0.4888,,,,,,,,,,,,,,,,,,,,0.4855,,0.4886,,0.4886,,0.4913,,0.484,,,,2026-06-07,,,,,,,,,,,,,,,,,2.0,Not Found
52693f76ccfb60247e03984ec91cecfc,baseball_npb,NPB,2026-06-07T05:00:00Z,2026-06-07T02:36:55Z,Fukuoka SoftBank Hawks @ Yokohama DeNA BayStars,Yokohama DeNA BayStars,2.22,,,2.09,2.15,2.2,2.2,,2.2,2.23,2.23,2.22,,,,,,2.23,2.2,,2.23,,2.3,2.3,2.15,2.08,2.2,,2.28,,2.15,,0.4258,,,0.4287,0.4367,0.4297,0.4297,,0.4314,0.4212,0.4212,0.4345,,,,,,0.423,0.4167,,0.4212,,0.418,0.418,0.4332,0.4497,0.4366,,0.4181,,0.4239,,2026-06-07,,,,,2.1,,0.4275,,2.23,,0.4212,,2.19,0.4271,,,2.0,Not Found
c2ad161fd1ae6bd3bf94134340b3cf32,baseball_npb,NPB,2026-06-07T05:00:00Z,2026-06-07T02:36:55Z,Hokkaido Nippon-Ham Fighters @ Tokyo Yakult Swallows,Tokyo Yakult Swallows,2.42,,,2.27,2.4,2.4,2.4,,2.4,2.45,2.45,2.45,,,,,,2.42,2.38,,2.45,,2.49,2.49,2.35,2.35,2.42,,2.48,,2.35,,0.3881,,,0.3891,0.3899,0.3919,0.3919,,0.3939,0.3773,0.3773,0.3935,,,,,,0.3881,0.3833,,0.3773,,0.3863,0.3863,0.3943,0.4022,0.3941,,0.3831,,0.386,,2026-06-07,,,,,2.25,,0.3911,,2.45,,0.3773,,2.39,0.3887,,,2.0,Not Found
15c397db674d2072f9b182546eccddde,handball_germany_bundesliga,Handball-Bundesliga,2026-06-07T13:00:00Z,2026-06-07T09:52:58Z,Frisch Auf Göppingen @ Bergischer HC,Bergischer HC,,2.2,2.35,2.3,,2.3,2.3,,,,,2.13,,,,,,2.35,2.25,2.32,,,,,,,,,,2.28,,,,0.4052,0.3999,0.4012,,0.4012,0.4012,,,,,,,,,,,0.398,0.403,0.4054,,,,,,,,,,0.4086,,,2026-06-07,2.35,2.32,0.3957,0.4008,,,,,2.2,,0.4098,,,,,,3.0,Not Found
f075c2f11ba7651c3d4d8df952e24ea0,handball_germany_bundesliga,Handball-Bundesliga,2026-06-07T13:00:00Z,2026-06-07T09:52:58Z,HSV Hamburg @ ThSV Eisenach,ThSV Eisenach,,1.52,1.6,1.59,,1.59,1.59,,,,,1.49,,,,,,1.6,1.57,1.67,,,,,,,,,,1.61,,,,,0.5972,0.596,,0.596,0.596,,,,,,,,,,,0.5985,0.5978,0.5699,,,,,,,,,,0.5904,,,2026-06-07,1.55,,0.6153,,,,,,1.6,,0.5801,,,,,,3.0,Not Found
cefc741c49a7205902a2f7041fddabe6,handball_germany_bundesliga,Handball-Bundesliga,2026-06-07T13:00:00Z,2026-06-07T11:44:20Z,GWD Minden @ SC DHfK Leipzig,Draw,,7.5,8.0,7.7,,8.4,8.4,,,,,,,,,,,9.0,7.5,8.5,,,,,,,,,,8.8,,,,0.0881,0.0971,0.0961,,0.0861,0.0861,,,,,,,,,,,0.0945,0.0954,0.0899,,,,,,,,,,0.0836,,,2026-06-07,8.0,,0.0948,,,,,,8.0,,0.0814,,,,,,3.0,Not Found
4b95e6de32c69dc11ab8bbdaf7929253,tennis_atp_french_open,ATP French Open,2026-06-07T13:10:00Z,2026-06-07T13:10:26Z,Alexander Zverev @ Flavio Cobolli,Flavio Cobolli,4.75,5.0,5.2,5.0,4.5,4.9,4.9,5.6,5.2,5.0,5.0,5.05,5.6,,,4.86,5.05,4.75,4.2,5.0,,,5.05,5.05,5.25,,4.24,,4.2,5.1,4.75,,0.1886,0.1798,0.1795,0.1833,0.2013,0.1783,0.1783,0.1761,0.1688,0.1798,0.1798,0.1858,0.1761,,,0.1964,0.1925,0.1954,0.2024,0.1798,,,0.1823,0.1823,0.1751,,0.2114,,0.2024,0.1814,0.1815,,2026-06-07,4.6,5.0,0.185,0.1798,5.0,,0.1833,,5.0,,0.1833,,4.9,0.1783,,,2.0,Not Found
fca2f98d9da1890fece20db2276adcf0,cricket_t20_blast,T20 Blast,2026-06-07T13:30:00Z,2026-06-07T13:10:26Z,Yorkshire @ Leicestershire,Yorkshire,,,,,,,,1.64,,1.57,1.57,1.55,1.67,,,,,,,,,,1.57,,,,,,1.62,1.53,,,,,,,,,,0.6016,,0.6011,0.6011,0.608,0.5945,,,,,,,,,,0.6066,,,,,,0.5913,0.6122,,,2026-06-07,,,,,,,,,,,,,,,,,2.0,Not Found
f5c495c9cd529d69135613d3edb926c6,cricket_t20_blast,T20 Blast,2026-06-07T14:30:00Z,2026-06-07T13:10:26Z,Essex @ Middlesex,Middlesex,,,,,,,,2.14,,2.15,2.15,,2.16,,,,,,,,,,2.11,,,,,,2.1,2.04,,,,,,,,,,0.4619,,0.4332,0.4332,,0.4597,,,,,,,,,,0.4428,,,,,,0.4491,0.4492,,,2026-06-07,,,,,,,,,,,,,,,,,2.0,Not Found
f91ff54cd666533469d39021d32ba971,baseball_milb,MiLB,2026-06-07T17:05:00Z,2026-06-07T15:01:20Z,Omaha Storm Chasers @ Columbus Clippers,Omaha Storm Chasers,2.1,,,,,,,,,,,,,,,,,,,,2.08,,2.09,,2.05,,2.04,,2.05,,,,0.4457,,,,,,,,,,,,,,,,,,,,0.4428,,0.4468,,0.4565,,0.4527,,0.4498,,,,2026-06-07,,,,,,,,,,,,,,,,,2.0,Not Found
0bdd39d18462b55a70fafde517bc6ca1,baseball_mlb,MLB,2026-06-07T17:36:00Z,2026-06-07T16:40:38Z,Chicago White Sox @ Philadelphia Phillies,Chicago White Sox,2.44,2.35,2.4,2.38,2.4,2.37,2.37,2.5,2.43,2.4,2.38,2.49,2.5,2.44,,2.48,2.51,2.42,2.4,2.4,2.38,2.52,2.46,2.46,2.44,2.44,2.48,2.53,2.38,2.4,2.48,,0.3885,0.3923,0.3878,0.3896,0.3939,0.3945,0.3945,0.397,0.3893,0.3958,0.3976,0.3922,0.397,0.4055,,0.3911,0.398,0.3881,0.3899,0.3958,0.3916,0.3954,0.3946,0.3946,0.3864,0.3963,0.393,0.3946,0.3916,0.3899,0.3911,,2026-06-07,2.4,,0.3858,,2.4,2.46,0.3899,0.3946,,,,,2.44,0.3885,Polymarket,2.44,2.0,Not Found
0c9073ff60d325df0ede2bf827106ff1,baseball_ncaa,NCAA Baseball,2026-06-07T16:06:41Z,2026-06-07T16:40:38Z,Georgia Bulldogs @ Mississippi St Bulldogs,Georgia Bulldogs,1.38,,,,1.24,,,,1.29,,,,,,,,,,,,1.24,,,,1.25,,,,,,,,0.6928,,,,0.7681,,,,0.7447,,,,,,,,,,,,0.7662,,,,0.7571,,,,,,,,2026-06-07,,,,,,,,,,,,,1.4,0.6817,,,2.0,Not Found
51ce832e8b00dd127188a3d21d3d813a,baseball_milb,MiLB,2026-06-07T17:15:00Z,2026-06-07T16:40:38Z,Rochester Red Wings @ Lehigh Valley IronPigs,Rochester Red Wings,2.0,,,,,,,,,,,,,,,,,,,,2.04,,2.0,,2.0,,1.97,,2.0,,,,0.4691,,,,,,,,,,,,,,,,,,,,0.4527,,0.4675,,0.4675,,0.4697,,0.461,,,,2026-06-07,,,,,,,,,,,,,,,,,2.0,Not Found
15c75c47103668bfc0470b51dc6b86b5,baseball_milb,MiLB,2026-06-07T21:05:00Z,2026-06-07T19:09:58Z,Charlotte Knights @ Durham Bulls,Charlotte Knights,1.56,,,,,,,,,,,,,,,,,,,,1.51,,1.56,,1.56,,1.56,,1.53,,,,0.6122,,,,,,,,,,,,,,,,,,,,0.6228,,0.6113,,0.6077,,0.6031,,0.6167,,,,2026-06-07,,,,,,,,,,,,,,,,,2.0,Not Found
e22becf3fbbfcd27db6a919d195edd6f,basketball_wnba,WNBA,2026-06-07T23:00:00Z,2026-06-07T21:49:32Z,Portland Fire @ Los Angeles Sparks,Los Angeles Sparks,1.34,,,,1.33,1.3,1.3,1.38,1.36,1.36,1.36,1.35,,1.37,1.35,1.34,1.36,,1.3,1.36,1.36,1.38,1.33,1.33,1.35,1.36,,,,,,,0.7193,,,,0.7289,0.7376,0.7376,0.7215,0.7138,0.7089,0.7089,0.7207,,0.7249,0.7303,0.7239,0.7325,,0.7418,0.7089,0.7064,0.7215,0.7327,0.7327,0.7211,0.7161,,,,,,,2026-06-07,,,,,,1.36,,0.7138,1.28,,0.7182,,1.34,0.7202,Polymarket,1.37,2.0,Not Found
9502e5e082874b731dceeef49cda8e90,americanfootball_ufl,UFL,2026-06-07T19:06:00Z,2026-06-07T21:49:32Z,DC Defenders @ Orlando Storm,DC Defenders,,,,,1.08,,,,1.06,1.1,,,,,,,,,,,1.08,,,,1.06,,,,,,,,,,,,0.8915,,,,0.9161,0.8831,,,,,,,,,,,0.886,,,,0.9111,,,,,,,,2026-06-07,,,,,,,,,,,,,,,,,2.0,Not Found
993f3150616abb8dc714207f82f531fb,baseball_ncaa,NCAA Baseball,2026-06-07T20:06:02Z,2026-06-07T21:49:32Z,Alabama Crimson Tide @ St. John's Red Storm,Alabama Crimson Tide,1.08,,,,1.1,,,,1.1,,,,,,,,,,,,1.1,,,,,,,,,,,,0.8945,,,,0.8676,,,,0.8831,,,,,,,,,,,,0.8683,,,,,,,,,,,,2026-06-07,,,,,,,,,,,,,1.08,0.894,,,2.0,Not Found
be815ecf22bfe282ffadc30a1fe6186c,americanfootball_ufl,UFL,2026-06-07T22:00:00Z,2026-06-07T21:49:32Z,Louisville Kings @ St. Louis Battlehawks,St. Louis Battlehawks,1.83,,,,1.74,,,,1.74,1.79,1.79,,,,,,,,,,1.79,,1.8,,1.71,1.8,,,,,,,0.5232,,,,0.5548,,,,0.5537,0.5354,0.5354,,,,,,,,,,0.5354,,0.5339,,0.5651,0.5214,,,,,,,2026-06-07,,,,,,1.8,,0.5339,,,,,1.82,0.5247,,,2.0,Not Found
9ee9abd5a130bbc1df0aa293e85fa86f,baseball_mlb,MLB,2026-06-07T20:11:00Z,2026-06-07T22:51:32Z,Los Angeles Angels @ Los Angeles Dodgers,Los Angeles Dodgers,19.0,26.0,28.0,11.0,26.0,30.0,30.0,1.2,,,,,,20.0,20.0,,20.83,15.0,17.0,,,,,,,,,,,,,,0.0313,0.029,0.0228,0.0504,0.0242,0.0265,0.0265,,,,,,,0.0442,0.0442,,0.0338,0.0431,,,,,,,,,,,,,,,2026-06-07,,,,,,,,,,,,,,,Polymarket,20.0,2.0,Not Found
ba37f84054fbb9291030106f33cf91d1,icehockey_ahl,AHL,2026-06-07T22:05:00Z,2026-06-07T22:51:32Z,Toronto Marlies @ W-B/Scranton Penguins,Draw,,4.1,4.4,4.0,,,,,,,,,,,,,,,,4.4,,,,,,,,,,,,,,0.1943,0.19,,,,,,,,,,,,,,,,,0.2003,,,,,,,,,,,,,2026-06-07,,,,,,,,,4.2,,0.193,,,,,,3.0,Not Found
9ee498eab28a6c8051b8901d4cdca8fa,baseball_ncaa,NCAA Baseball,2026-06-08T01:00:00Z,2026-06-07T22:51:32Z,Texas Longhorns @ Oregon Ducks,Texas Longhorns,1.4,,,,1.35,,,,1.4,,,1.49,,,,,1.45,,1.36,,1.32,,1.42,1.42,1.38,1.41,1.5,,,,,,0.6847,,,,0.7091,,,,0.6847,,,0.6462,,,,,0.6753,,0.701,,0.7175,,0.6742,0.6742,0.6899,0.6741,0.6432,,,,,,2026-06-08,,,,,,,,,,,,,1.4,0.6853,,,2.0,Not Found
71e562fa330b4eacc2f60368fc9fb4e0,aussierules_afl,AFL,2026-06-08T05:15:33Z,2026-06-08T04:57:18Z,Melbourne Demons @ Collingwood Magpies,Collingwood Magpies,,,,,,1.8,1.8,2.02,1.95,,,1.97,,,,,,1.89,,1.89,,,,,,,,,,1.94,1.9,,,,,,,0.5146,0.5146,0.4937,0.4832,,,0.4864,,,,,,0.5041,,0.5,,,,,,,,,,0.4784,0.4854,,2026-06-08,1.85,,0.5,,1.77,,0.5151,,,,,,,,,,2.0,Not Found
819cc37eafafce8fabb477facb50acc7,tennis_wta_queens_club_champ,WTA Queen's Club Championships,2026-06-08T11:00:00Z,2026-06-08T09:52:21Z,McCartney Kessler @ Karolina Pliskova,Karolina Pliskova,1.68,1.64,1.68,,1.67,1.68,1.68,1.79,1.67,1.7,1.7,1.75,1.79,,,,1.73,1.7,1.67,1.7,1.7,,1.67,1.67,1.69,,1.69,,1.67,,1.65,,0.5703,0.5776,0.5754,,0.5668,0.5651,0.5651,0.5561,0.5752,0.5616,0.5616,0.5574,0.5561,,,,0.5726,0.5637,0.5721,0.5616,0.5616,,0.5801,0.5801,0.5686,,0.5675,,0.5721,,0.5649,,2026-06-08,1.6,,0.5852,,1.64,1.67,0.5827,0.582,1.66,,0.5631,,,,,,2.0,Not Found
124941f545bbc0a354313c2aefc0c27a,cricket_odi,One Day Internationals,2026-06-08T19:30:00Z,2026-06-08T09:52:21Z,Sri Lanka @ West Indies,West Indies,,,,,,2.0,2.0,2.18,2.05,2.1,2.1,2.04,,,,2.02,,,,,,,,,,,,,2.1,1.99,2.0,,,,,,,0.4593,0.4593,0.4546,0.4565,0.4474,0.4474,0.4719,,,,0.4634,,,,,,,,,,,,,0.4491,0.4622,0.4722,,2026-06-08,,,,,,,,,,,,,,,,,2.0,Not Found
b0255c634de25907419670a9c90426df,baseball_mlb,MLB,2026-06-08T22:36:00Z,2026-06-08T14:00:39Z,Seattle Mariners @ Baltimore Orioles,Baltimore Orioles,2.1,2.05,2.05,2.08,2.1,2.12,2.12,2.18,2.13,2.14,2.12,2.17,2.16,2.17,2.17,,2.21,2.1,2.1,2.14,2.1,2.18,,,2.09,,2.15,2.23,2.1,2.08,,,0.4556,0.4532,0.4565,0.4514,0.4507,0.4452,0.4452,0.4546,0.4474,0.4479,0.4485,0.4479,0.4537,0.4557,0.4557,,0.45,0.4524,0.4491,0.4479,0.4491,0.4531,,,0.4551,,0.4548,0.448,0.4491,0.4547,,,2026-06-08,2.1,,0.4474,,2.05,2.08,0.4515,0.4595,,,,,2.12,0.4518,Polymarket,2.17,2.0,Not Found
26f443e27615890669a90bbd17aa4751,tennis_wta_queens_club_champ,WTA Queen's Club Championships,2026-06-08T14:00:00Z,2026-06-08T14:00:39Z,Jaqueline Cristian @ Qinwen Zheng,Jaqueline Cristian,3.5,3.1,2.95,,3.3,3.3,3.3,3.55,3.72,3.2,3.3,3.48,3.5,,,,3.57,3.29,3.75,3.45,3.35,,,,3.2,,3.23,,3.3,,,,0.2612,0.2645,0.2907,,0.2698,0.2669,0.2669,0.2785,0.2438,0.2859,0.2639,0.2733,0.2669,,,,0.2525,0.2788,0.2333,0.2661,0.2646,,,,0.2886,,0.2844,,0.2756,,,,2026-06-08,3.4,,0.2534,,3.35,3.2,0.2733,0.2913,3.2,,0.2594,,,,,,2.0,Not Found
6c59c405300d92e1f033fac395596942,tennis_wta_queens_club_champ,WTA Queen's Club Championships,2026-06-08T14:45:00Z,2026-06-08T14:00:39Z,Leylah Fernandez @ Katie Boulter,Katie Boulter,1.83,1.84,1.88,,1.83,1.83,1.83,1.91,1.83,1.88,1.88,1.87,1.91,,,,1.86,1.85,1.85,1.88,1.88,,,,1.8,,1.84,,1.85,,1.8,,0.5232,0.5166,0.516,,0.5168,0.5155,0.5155,0.5191,0.522,0.5055,0.5055,0.5211,0.5191,,,,0.5319,0.5152,0.5139,0.5055,0.5055,,,,0.5339,,0.5192,,0.5139,,0.5146,,2026-06-08,,,,,1.85,1.84,0.5152,0.5205,1.83,,0.5058,,,,,,2.0,Not Found
6ed93fc75dd01a730ea85844112a93de,soccer_brazil_serie_b,Brazil Série B,2026-06-08T23:00:00Z,2026-06-08T14:00:39Z,Atletico Goianiense @ América Mineiro,América Mineiro,2.4,,,,2.38,2.38,2.38,2.54,2.45,2.3,2.2,2.51,2.54,,,,,2.4,2.4,2.3,2.25,,2.48,2.48,2.41,2.48,,,2.4,,,,0.3889,,,,0.3875,0.3941,0.3941,0.3874,0.3885,0.4097,0.4121,0.3857,0.3874,,,,,0.3925,0.3845,0.4097,0.411,,0.3822,0.3822,0.3875,0.3822,,,0.3845,,,,2026-06-08,2.45,2.35,0.3715,0.3965,,,,,,,,,,,,,3.0,Not Found
18efb9afbb0874aa11d7e420ed9c1e5f,basketball_wnba,WNBA,2026-06-08T23:00:00Z,2026-06-08T19:40:18Z,New York Liberty @ Connecticut Sun,Connecticut Sun,7.8,,,,8.0,7.0,7.0,7.8,7.25,6.75,6.75,7.36,,7.69,7.69,7.3,8.13,,6.5,6.75,6.4,8.0,7.13,7.13,7.5,7.0,,,,,,,0.1011,,,,0.1038,0.1127,0.1127,0.1255,0.1185,0.1236,0.1236,0.1175,,0.1264,0.1186,0.118,0.119,,0.1265,0.1236,0.1277,0.12,0.1197,0.1197,0.108,0.121,,,,,,,2026-06-08,,,,,,7.0,,0.121,5.75,,0.1153,,6.45,0.1311,Polymarket,7.69,2.0,Not Found
fe4a6df006bf19b0c063b0188fa7361b,baseball_mlb,MLB,2026-06-08T23:08:00Z,2026-06-08T21:27:27Z,Philadelphia Phillies @ Toronto Blue Jays,Philadelphia Phillies,1.57,1.54,1.56,1.56,1.57,1.54,1.54,1.61,1.57,1.53,1.51,1.6,1.61,1.61,1.61,1.6,1.62,1.57,1.57,1.53,1.51,1.62,1.6,1.6,1.56,1.6,1.63,1.62,1.57,1.58,1.61,,0.6169,0.6119,0.6122,0.6122,0.6144,0.6231,0.6231,0.6183,0.6136,0.6307,0.635,0.6149,0.6183,0.6152,0.6152,0.6133,0.6163,0.6119,0.6101,0.6307,0.635,0.6148,0.6125,0.6125,0.6173,0.6101,0.6035,0.6118,0.6084,0.6064,0.6106,,2026-06-08,1.55,,0.6142,,1.57,1.6,0.6144,0.6133,,,,,1.58,0.6132,Polymarket,1.61,2.0,Not Found
572962f6837758b62d98ab379bcbe3c5,baseball_mlb,MLB,2026-06-09T01:46:00Z,2026-06-09T00:13:04Z,Washington Nationals @ San Francisco Giants,Washington Nationals,2.26,2.2,2.25,2.23,2.25,2.22,2.22,2.38,2.29,2.28,2.25,2.33,2.4,2.38,2.33,2.31,2.39,2.23,2.25,2.28,2.25,2.38,2.3,2.3,2.26,2.3,2.29,2.38,2.2,2.22,2.33,,0.4236,0.4186,0.4173,0.4193,0.4192,0.424,0.424,0.4177,0.4135,0.4181,0.4192,0.4187,0.4142,0.4142,0.4187,0.4223,0.4168,0.423,0.4192,0.4181,0.4173,0.416,0.4233,0.4233,0.4218,0.4215,0.4259,0.4125,0.4279,0.424,0.4187,,2026-06-09,2.3,,0.4049,,2.25,2.29,0.4192,0.4242,,,,,2.28,0.4181,Polymarket,2.38,2.0,Not Found
daa279b72aed6d97b05cef9440c3242f,tennis_wta_queens_club_champ,WTA Queen's Club Championships,2026-06-09T08:00:00Z,2026-06-09T04:37:43Z,Francesca Jones @ Laura Siegemund,Francesca Jones,3.05,3.05,3.15,,2.95,2.95,2.95,3.15,3.01,3.05,3.05,2.99,3.2,,,,3.04,3.0,2.9,3.05,3.05,,3.03,3.03,,,3.06,,2.9,,,,0.299,0.3016,0.3016,,0.3123,0.3072,0.3072,0.3115,0.309,0.3016,0.3016,0.32,0.309,,,,0.3124,0.3095,0.3153,0.3016,0.3016,,0.3079,0.3079,,,0.3037,,0.3153,,,,2026-06-09,2.95,,0.2991,,3.0,3.0,0.307,0.3095,2.95,,0.2991,,,,,,2.0,Not Found
bb5e5e766f2b533bb60b5e7deb08e264,baseball_npb,NPB,2026-06-09T09:00:00Z,2026-06-09T04:37:43Z,Yomiuri Giants @ Tohoku Rakuten Golden Eagles,Tohoku Rakuten Golden Eagles,1.65,,,1.59,1.61,1.65,1.65,,1.65,1.63,1.63,1.68,,,,,,1.65,1.61,,1.63,,1.67,1.67,1.65,1.68,1.68,,1.66,,1.6,,0.5818,,,0.5786,0.5932,0.5808,0.5808,,0.5808,0.5845,0.5845,0.5802,,,,,,0.5808,0.5833,,0.5845,,0.582,0.582,0.5758,0.5672,0.5774,,0.5819,,0.5852,,2026-06-09,,,,,1.59,,0.5764,,1.63,,0.5845,,1.64,0.5797,,,2.0,Not Found
3e6dd6a16a51b7f7caa10e2d07613e14,baseball_npb,NPB,2026-06-09T09:01:13Z,2026-06-09T11:34:32Z,Tokyo Yakult Swallows @ Orix Buffaloes,Tokyo Yakult Swallows,2.12,,,1.95,2.15,2.08,2.08,,2.45,1.96,,2.53,,,,,,2.11,2.05,,1.93,,,,2.4,,,,,,,,0.4417,,,0.4534,0.4239,0.4497,0.4497,,0.373,0.4644,,0.3621,,,,,,0.4339,0.4445,,0.4614,,,,0.3837,,,,,,,,2026-06-09,,,,,,,,,1.85,,,,2.4,0.375,,,2.0,Not Found
21cb90c961271db50f721971d4a58970,tennis_wta_queens_club_champ,WTA Queen's Club Championships,2026-06-09T10:07:00Z,2026-06-09T14:02:31Z,Maddison Inglis @ Sorana Cirstea,Maddison Inglis,11.0,14.0,14.5,,9.75,12.0,11.0,22.0,16.6,13.0,11.5,13.66,27.0,,,,15.38,17.0,10.0,13.0,14.0,,,,,,,,,,,,0.0693,0.0455,0.0443,,0.0658,0.0466,0.0553,0.042,0.0447,0.053,0.0484,0.0693,0.0283,,,,0.0423,0.0344,0.0692,0.053,0.0407,,,,,,,,,,,,2026-06-09,8.5,,0.0734,,,,,,,,,,,,,,2.0,Not Found
7caf549cae65d3adbd653eb046e61d1e,tennis_wta_queens_club_champ,WTA Queen's Club Championships,2026-06-09T14:15:00Z,2026-06-09T14:02:31Z,Alexandra Eala @ Shuai Zhang,Alexandra Eala,1.53,1.52,1.54,,1.5,1.52,1.52,1.58,1.47,1.51,1.51,1.54,1.58,,,,1.53,1.52,1.53,1.51,1.51,,1.56,1.56,,,1.52,,1.53,,1.5,,0.6299,0.6289,0.6286,,0.6365,0.6281,0.6281,0.6313,0.6563,0.635,0.635,0.6353,0.6313,,,,0.6416,0.6329,0.6268,0.635,0.635,,0.6229,0.6229,,,0.6344,,0.6268,,0.625,,2026-06-09,1.47,,0.6401,,1.53,1.56,0.6268,0.6229,1.48,,0.6362,,,,,,2.0,Not Found
54579f52d9aedbff93e65fae71b2dcd9,soccer_sweden_superettan,Superettan - Sweden,2026-06-09T17:00:00Z,2026-06-09T14:02:31Z,IFK Norrkoping @ IK Oddevold,Draw,3.6,,,,3.4,3.45,3.45,3.65,3.5,3.55,3.55,3.61,3.7,,,,,3.6,3.3,3.5,3.45,,3.55,3.55,3.45,3.55,3.52,,3.3,3.52,3.4,,0.2567,,,,0.2618,0.2663,0.2663,0.2689,0.267,0.2581,0.2581,0.261,0.2682,,,,,0.2613,0.2622,0.2567,0.2582,,0.262,0.262,0.2595,0.262,0.2579,,0.2622,0.2579,0.2618,,2026-06-09,3.4,,0.2578,,,3.55,,0.262,,,,,,,,,3.0,Not Found
e3ed1ca33d762c2e348c8865a6c7c3b2,soccer_sweden_superettan,Superettan - Sweden,2026-06-09T17:00:00Z,2026-06-09T16:40:19Z,Falkenbergs FF @ Sandvikens IF,Draw,3.4,,,,3.4,3.45,3.45,3.6,3.35,3.5,3.5,3.56,3.6,,,,,3.55,3.2,3.45,3.4,,3.3,3.3,3.3,3.3,3.3,,3.2,3.3,3.15,,0.2721,,,,0.2623,0.2663,0.2663,0.2762,0.2778,0.2632,0.2632,0.2652,0.2762,,,,,0.2646,0.2746,0.2598,0.2626,,0.2821,0.2821,0.2707,0.2821,0.2769,,0.2746,0.2769,0.2831,,2026-06-09,3.4,,0.26,,,,,,,,,,,,,,3.0,Not Found
eab0ad141593276c78f3edc5a97d7c80,soccer_sweden_superettan,Superettan - Sweden,2026-06-09T17:00:00Z,2026-06-09T16:40:19Z,Ljungskile SK @ IK Brage,Ljungskile SK,2.7,,,,2.6,2.78,2.78,3.0,2.85,2.75,2.75,2.86,3.0,,,,,2.69,2.75,2.7,2.7,,2.94,2.94,2.75,2.94,2.85,,2.75,2.82,2.8,,0.3488,,,,0.3516,0.3376,0.3376,0.3298,0.3303,0.342,0.342,0.3332,0.3298,,,,,0.3555,0.3233,0.3404,0.3404,,0.3198,0.3198,0.3344,0.3198,0.3268,,0.3233,0.3287,0.3238,,2026-06-09,2.9,,0.3101,,,2.75,,0.3344,,,,,,,,,3.0,Not Found
766993d85f5335c456583d8ceebba18c,cricket_t20_blast,T20 Blast,2026-06-09T17:30:00Z,2026-06-09T16:40:19Z,Worcestershire @ Northamptonshire,Northamptonshire,,,,,,,,1.65,,1.5,1.5,1.54,1.65,,,,,,,,,,1.53,,,,,,1.5,1.51,,,,,,,,,,0.6014,,0.6333,0.6333,0.6119,0.6014,,,,,,,,,,0.6235,,,,,,0.641,0.6219,,,2026-06-09,,,,,,,,,,,,,,,,,2.0,Not Found
54e430dfd6622d6fcad84f9e439ad2a0,soccer_brazil_serie_b,Brazil Série B,2026-06-09T22:00:00Z,2026-06-09T18:59:04Z,Fortaleza @ Nautico PE,Fortaleza,3.2,,,,,3.2,3.2,3.4,3.2,3.2,3.05,3.32,3.45,,,,,3.15,3.1,3.2,3.1,,3.3,3.3,3.15,3.3,,,3.1,3.18,,,0.2856,,,,,0.2844,0.2844,0.287,0.294,0.2877,0.2872,0.2884,0.2874,,,,,0.2942,0.2885,0.2877,0.2896,,0.2836,0.2836,0.2877,0.2836,,,0.2885,0.2883,,,2026-06-09,,3.2,,0.2824,,,,,,,,,,,,,3.0,Not Found
c4d4cce67008409b6416dc0e03e55471,baseball_mlb,MLB,2026-06-09T22:41:00Z,2026-06-09T21:04:58Z,Arizona Diamondbacks @ Miami Marlins,Miami Marlins,1.72,1.72,1.72,1.72,1.71,1.72,1.72,1.78,1.76,1.72,1.71,1.74,1.77,1.79,1.72,1.74,1.77,1.71,1.71,1.72,1.7,1.78,1.74,1.74,1.69,1.74,1.74,1.79,1.73,1.69,1.75,,0.5613,0.5468,0.5526,0.5515,0.5598,0.5548,0.5548,0.5597,0.5449,0.5603,0.5609,0.5641,0.5612,0.5541,0.5761,0.5651,0.5641,0.5598,0.5598,0.5603,0.5616,0.5606,0.5621,0.5621,0.5696,0.5621,0.5641,0.5457,0.5509,0.5654,0.5615,,2026-06-09,1.7,,0.556,,1.73,1.74,0.5509,0.5631,,,,,1.75,0.551,Polymarket,1.79,2.0,Not Found
6a05d1cdde0f4b3e56a40af59b04ec25,soccer_brazil_serie_b,Brazil Série B,2026-06-09T22:00:00Z,2026-06-09T21:04:58Z,Cuiabá @ Ponte Preta,Ponte Preta,3.6,,,,3.3,3.5,3.5,3.8,3.6,3.15,3.0,3.76,3.85,,,,,3.3,3.4,3.15,3.05,,3.55,3.55,3.6,3.55,3.59,,3.4,3.56,,,0.2555,,,,0.2692,0.259,0.259,0.2591,0.2576,0.2932,0.2925,0.2529,0.2579,,,,,0.2795,0.2621,0.2932,0.294,,0.2608,0.2608,0.2505,0.2608,0.2544,,0.2621,0.2548,,,2026-06-09,,3.45,,0.2598,,,,,,,,,,,,,3.0,Not Found
0c88d2bdeba8f0ee490c31bb4913148d,baseball_milb,MiLB,2026-06-09T22:05:00Z,2026-06-09T21:04:58Z,Oklahoma City Comets @ Charlotte Knights,Charlotte Knights,1.89,,,,,,,,,,,,,,,,,,,,1.85,,1.87,,1.87,,,,1.85,,,,0.5,,,,,,,,,,,,,,,,,,,,0.5029,,0.5,,0.5,,,,0.5,,,,2026-06-09,,,,,,,,,,,,,,,,,2.0,Not Found
4f53a7e940cd9f2b06e15f5a937cc224,baseball_milb,MiLB,2026-06-09T22:35:00Z,2026-06-09T21:04:58Z,Memphis Redbirds @ Norfolk Tides,Norfolk Tides,2.2,,,,,,,,,,,,,,,,,,,,2.16,,2.21,,2.2,,2.13,,2.1,,,,0.4261,,,,,,,,,,,,,,,,,,,,0.4247,,0.4232,,0.4186,,0.4317,,0.4387,,,,2026-06-09,,,,,,,,,,,,,,,,,2.0,Not Found
65036e67b5aea5d1efb20c275381e2c4,baseball_mlb,MLB,2026-06-09T23:08:00Z,2026-06-10T00:00:47Z,Philadelphia Phillies @ Toronto Blue Jays,Toronto Blue Jays,2.62,2.35,2.45,2.58,2.65,2.61,2.61,2.68,2.55,2.65,2.55,2.76,2.66,2.78,2.63,2.93,2.74,2.6,2.5,2.65,2.63,2.72,,,2.6,,,,1.91,,,,0.353,0.3772,0.3751,0.3417,0.3508,0.3443,0.3443,0.3576,0.3605,0.3485,0.3464,0.3433,0.3568,0.3552,0.3756,0.316,0.362,0.359,0.3528,0.3485,0.3405,0.346,,,0.3545,,,,0.5,,,,2026-06-09,2.5,,0.3552,,,,,,,,,,2.5,0.3667,Polymarket,2.78,2.0,Not Found
b400caea65ac57f7ed21fc091b8aade3,icehockey_nhl,NHL,2026-06-10T00:20:00Z,2026-06-10T00:00:47Z,Carolina Hurricanes @ Vegas Golden Knights,Carolina Hurricanes,1.85,2.4,2.45,2.38,1.87,1.85,1.85,,1.87,2.45,2.45,1.92,1.92,1.92,1.92,1.87,1.92,2.42,,2.4,,1.92,1.89,1.89,1.83,1.87,2.4,1.96,1.91,2.42,,,0.5177,,,,0.511,0.5152,0.5152,,0.511,,,0.5092,0.5177,0.5153,0.5153,0.511,0.5177,,,,,0.5177,0.512,0.512,0.5232,0.511,,0.4426,0.5,,,,2026-06-10,2.45,,,,2.4,1.83,,0.5232,2.25,,,,1.84,0.523,Polymarket,1.92,2.0,Not Found
1ca04df3ce70b1f02075d8e4a5b2cb52,baseball_mlb,MLB,2026-06-09T22:36:00Z,2026-06-10T00:00:47Z,Seattle Mariners @ Baltimore Orioles,Seattle Mariners,1.32,1.29,1.3,1.23,1.34,1.3,1.3,1.35,1.34,1.32,1.29,1.29,1.31,1.35,1.33,,1.33,1.32,1.29,1.32,1.3,1.33,,,1.3,,,,,,,,0.7273,0.7361,0.7397,0.7676,0.7193,0.7331,0.7331,0.7334,0.7154,0.7317,0.7313,0.7514,0.7229,0.7352,0.7408,,0.7284,0.7339,0.7338,0.7317,0.7308,0.7221,,,0.7376,,,,,,,,2026-06-09,1.25,,0.7571,,,,,,,,,,1.3,0.7397,Polymarket,1.35,2.0,Not Found
31194d6f0e627d128cfbb883ea4a4133,baseball_milb,MiLB,2026-06-10T00:05:00Z,2026-06-10T00:00:47Z,Las Vegas Aviators @ Omaha Storm Chasers,Las Vegas Aviators,1.82,,,,,,,,,,,,,,,,,,,,1.61,,1.8,,1.74,,1.73,,1.8,,,,0.517,,,,,,,,,,,,,,,,,,,,0.5833,,0.5214,,0.5435,,0.5415,,0.516,,,,2026-06-10,,,,,,,,,,,,,,,,,2.0,Not Found
2af0c5fa9fdeb5bd5879a08d453a98d7,baseball_milb,MiLB,2026-06-10T00:05:00Z,2026-06-10T00:00:47Z,Sacramento River Cats @ Sugar Land Space Cowboys,Sugar Land Space Cowboys,2.24,,,,,,,,,,,,,,,,,,,,2.1,,2.21,,2.2,,2.18,,2.2,,,,0.4165,,,,,,,,,,,,,,,,,,,,0.4387,,0.4232,,0.4186,,0.4207,,0.4186,,,,2026-06-10,,,,,,,,,,,,,,,,,2.0,Not Found
f2761470e60cb7a1fa947535ccba356f,baseball_mlb,MLB,2026-06-10T01:46:00Z,2026-06-10T04:40:08Z,Washington Nationals @ San Francisco Giants,San Francisco Giants,10.0,11.0,12.0,9.25,10.5,9.74,9.74,1.01,8.6,11.5,9.5,8.01,10.0,14.29,12.5,,11.11,11.0,10.0,11.5,10.0,10.8,,,10.0,,,,,,,,0.0646,0.0693,0.0609,0.0779,0.0668,0.0659,0.0659,,0.0819,0.0627,0.0624,0.1037,0.0598,0.0633,0.077,,0.0733,0.0647,0.0646,0.0627,0.0646,0.0701,,,0.0738,,,,,,,,2026-06-10,11.0,,0.0504,,,,,,,,,,10.25,0.068,Polymarket,14.29,2.0,Not Found
e2d199125ede80ca2e35bc0c0669f294,baseball_mlb,MLB,2026-06-10T01:41:00Z,2026-06-10T04:40:08Z,Cincinnati Reds @ San Diego Padres,Cincinnati Reds,2.64,2.45,2.55,2.33,2.45,2.71,2.81,2.86,2.68,2.55,2.8,4.37,2.88,3.03,2.94,2.47,2.56,2.3,2.5,2.55,2.48,2.82,,,2.6,,,,,,,,0.3493,0.3616,0.3627,0.392,0.3794,0.3324,0.3182,0.3393,0.3417,0.365,0.3109,0.2046,0.3288,0.3249,0.3345,0.3798,0.3552,0.4144,0.3528,0.365,0.3683,0.3417,,,0.3545,,,,,,,,2026-06-10,2.5,,0.3552,,,,,,,,,,,,Polymarket,3.03,2.0,Not Found
9a5d1eb6ae61bb589c5b56e0552810fa,baseball_npb,NPB,2026-06-10T09:00:00Z,2026-06-10T04:40:08Z,Chunichi Dragons @ Chiba Lotte Marines,Chiba Lotte Marines,1.72,,,,1.77,1.75,1.75,,1.83,1.74,1.74,1.77,,,,,,1.73,1.67,,1.74,,1.74,1.74,1.69,1.76,1.76,,1.71,,1.65,,0.5548,,,,0.5325,0.5476,0.5476,,0.5168,0.547,0.547,0.551,,,,,,0.5532,0.5613,,0.547,,0.5559,0.5559,0.5578,0.5353,0.5493,,0.5641,,0.5649,,2026-06-10,,,,,1.67,,0.5494,,1.74,,0.547,,1.72,0.5503,,,2.0,Not Found
e4f45aacc1107e05fd41dafcb3d8f6b6,baseball_npb,NPB,2026-06-10T09:00:00Z,2026-06-10T04:40:08Z,Yomiuri Giants @ Tohoku Rakuten Golden Eagles,Yomiuri Giants,1.91,,,,1.95,1.9,1.9,,1.95,1.89,1.89,1.94,,,,,,1.91,1.85,,1.89,,1.89,1.89,1.87,1.87,1.93,,1.91,,1.85,,0.5,,,,0.489,0.5,0.5,,0.489,0.4986,0.4986,0.5,,,,,,0.5,0.5,,0.4986,,0.5055,0.5055,0.5,0.5,0.5,,0.5,,0.5,,2026-06-10,,,,,1.82,,0.5,,1.89,,0.4986,,1.88,0.5,,,2.0,Not Found
988425ef299c9782b7ec953f1c03211a,baseball_kbo,KBO,2026-06-10T09:30:00Z,2026-06-10T04:40:08Z,Kia Tigers @ Hanwha Eagles,Hanwha Eagles,1.72,,,1.65,1.71,1.75,1.75,,1.74,1.74,1.74,1.74,,,,,,1.73,,,1.74,,1.71,1.71,1.69,,1.79,,1.7,,1.65,,0.5548,,,0.5505,0.5543,0.5476,0.5476,,0.5493,0.5435,0.5435,0.5515,,,,,,0.5532,,,0.5435,,0.5651,0.5651,0.5578,,0.5457,,0.5502,,0.5649,,2026-06-10,1.7,,0.5502,,1.65,,0.5505,,,,,,1.72,0.5503,,,2.0,Not Found
8a568c329f6b8d99483beaf160c4ed37,baseball_npb,NPB,2026-06-10T09:00:00Z,2026-06-10T08:36:48Z,Hanshin Tigers @ Fukuoka SoftBank Hawks,Hanshin Tigers,2.1,,,1.92,2.05,2.05,2.05,,2.05,1.97,1.97,2.21,,,,,,2.05,2.0,,1.97,,2.2,2.2,2.15,2.07,2.16,,2.08,,2.0,,0.4524,,,0.4555,0.4565,0.463,0.463,,0.4614,0.4776,0.4776,0.4372,,,,,,0.463,0.461,,0.4776,,0.4349,0.4349,0.4332,0.4525,0.4441,,0.4595,,0.4559,,2026-06-10,,,,,2.0,,0.4559,,1.97,,0.4776,,2.06,0.4554,,,2.0,Not Found
7608dee106967143404103c71ad37594,baseball_npb,NPB,2026-06-10T09:00:00Z,2026-06-10T08:36:48Z,Yokohama DeNA BayStars @ Hokkaido Nippon-Ham Fighters,Yokohama DeNA BayStars,2.34,,,2.1,2.3,2.25,2.25,,2.3,2.18,2.18,2.29,,,,,,2.27,2.2,,2.18,,2.3,2.3,2.2,2.15,2.33,,2.28,,2.2,,0.4031,,,0.4113,0.4068,0.4192,0.4192,,0.4087,0.4282,0.4282,0.4225,,,,,,0.4154,0.4167,,0.4282,,0.418,0.418,0.4242,0.4367,0.4116,,0.4181,,0.4148,,2026-06-10,,,,,2.2,,0.4088,,2.18,,0.4282,,2.28,0.4087,,,2.0,Not Found
36498f4076ae0595741e693a09d20113,baseball_kbo,KBO,2026-06-10T09:30:57Z,2026-06-10T11:57:31Z,NC Dinos @ Kiwoom Heroes,Kiwoom Heroes,,,,6.0,8.0,,8.5,,7.5,8.0,,9.36,,,,,,,,,7.5,,,,8.0,,,,,,,,,,,0.1071,0.0863,,0.0871,,0.095,0.0863,,0.0772,,,,,,,,,0.0765,,,,0.0908,,,,,,,,2026-06-10,8.5,,0.0734,,,,,,,,,,7.75,0.0883,,,2.0,Not Found
99ee759cc3a1122c1c9d69a9c3196f7f,tennis_wta_queens_club_champ,WTA Queen's Club Championships,2026-06-10T13:30:00Z,2026-06-10T11:57:31Z,Karolina Pliskova @ Victoria Mboko,Victoria Mboko,1.49,1.5,1.52,,1.48,1.5,1.5,1.56,1.51,1.5,1.5,1.53,1.57,,,,1.52,,1.5,1.5,1.5,,1.54,1.54,1.51,,1.51,,1.5,,1.45,,0.6447,0.6373,0.6366,,0.6455,0.6373,0.6373,0.638,0.6396,0.641,0.641,0.6402,0.636,,,,0.6491,,0.641,0.641,0.641,,0.6331,0.6331,0.6388,,0.6388,,0.641,,0.6487,,2026-06-10,1.45,,0.6487,,1.5,1.51,0.641,0.6424,1.45,,0.6448,,,,,,2.0,Not Found
572df3391945f6e3eadb58eddaa4de15,soccer_sweden_superettan,Superettan - Sweden,2026-06-10T17:00:00Z,2026-06-10T11:57:31Z,GIF Sundsvall @ Örebro SK,Örebro SK,2.05,,,,2.0,2.1,2.1,2.14,2.05,2.02,2.02,2.08,2.16,,,,,,2.0,1.97,1.97,,2.08,2.08,2.0,2.0,2.07,,2.0,2.05,2.0,,0.4679,,,,0.4676,0.4532,0.4532,0.4634,0.4666,0.4729,0.4729,0.4639,0.4617,,,,,,0.4611,0.4756,0.4756,,0.4604,0.4604,0.469,0.469,0.4587,,0.4611,0.4616,0.4659,,2026-06-10,1.9,,0.4906,,,2.0,,0.469,,,,,,,,,3.0,Not Found
4c66d2e13ce50dd60d19e8cff8bbd7c8,baseball_mlb,MLB,2026-06-10T17:11:00Z,2026-06-10T16:00:34Z,New York Yankees @ Cleveland Guardians,Cleveland Guardians,1.83,1.8,1.82,1.81,1.85,1.83,1.83,1.91,1.84,1.88,1.87,1.88,1.92,1.89,1.92,1.9,1.92,,1.8,1.88,1.85,1.9,1.9,1.9,1.83,1.88,1.87,1.91,1.8,1.81,1.87,,0.5257,0.5227,0.5222,0.5224,0.5177,0.5207,0.5207,0.5191,0.5192,0.5109,0.511,0.5221,0.52,0.5242,0.5153,0.5144,0.5177,,0.5278,0.5109,0.5125,0.5216,0.5144,0.5144,0.5245,0.5197,0.5247,0.5202,0.5278,0.5262,0.5235,,2026-06-10,1.8,,0.524,,1.82,1.87,0.5235,0.5235,,,,,1.84,0.523,Polymarket,1.89,2.0,Not Found
0aab5b82197ba9719b652c1c1a86111d,tennis_wta_queens_club_champ,WTA Queen's Club Championships,2026-06-10T16:30:00Z,2026-06-10T16:00:34Z,Donna Vekic @ Marie Bouzkova,Donna Vekic,2.14,2.25,2.3,,2.25,2.33,2.33,2.28,2.26,2.33,2.33,2.27,2.28,,,,2.3,,2.2,2.33,2.33,,2.3,2.3,2.3,,2.4,,2.2,,2.2,,0.4412,0.4173,0.4162,,0.4136,0.4001,0.4001,0.4368,0.4182,0.404,0.404,0.4261,0.4352,,,,0.4284,,0.4279,0.404,0.404,,0.418,0.418,0.4144,,0.3919,,0.4279,,0.4148,,2026-06-10,2.35,,0.3838,,2.3,2.3,0.4106,0.418,2.25,,0.4017,,,,,,2.0,Not Found
29362793a1aaa210b819f599dc62eab9,baseball_milb,MiLB,2026-06-10T17:35:00Z,2026-06-10T16:00:34Z,Columbus Clippers @ Indianapolis Indians,Columbus Clippers,1.58,,,,,,,,,,,,,,,,,,,,1.55,,1.59,,,,1.59,,1.57,,,,0.6028,,,,,,,,,,,,,,,,,,,,0.6071,,0.5989,,,,0.5903,,0.6011,,,,2026-06-10,,,,,,,,,,,,,,,,,2.0,Not Found
e82b34680157ba45c31aef5e5160e3b9,soccer_spain_segunda_division,La Liga 2 - Spain,2026-06-10T19:00:00Z,2026-06-10T16:00:34Z,Las Palmas @ Málaga,Draw,3.2,,,3.28,3.1,,,3.45,3.25,3.35,3.25,3.33,3.45,,3.45,,,,,3.35,,,3.2,3.2,3.15,,3.38,,3.1,3.42,,,0.2877,,,0.2812,0.2886,,,0.2873,0.2882,0.2769,0.2754,0.2891,0.2873,,0.2864,,,,,0.2769,,,0.2907,0.2907,0.2881,,0.2817,,0.2877,0.2819,,,2026-06-10,,,,,3.3,3.2,0.28,0.2907,3.15,,0.2723,,,,,,3.0,Not Found
0acd1b2f0f07f7fc33d98d4a0db32b38,baseball_milb,MiLB,2026-06-10T22:35:00Z,2026-06-10T21:14:34Z,Iowa Cubs @ Louisville Bats,Louisville Bats,1.71,,,,,,,,,,,,,,,,,,,,1.67,,1.71,,1.74,,1.71,,1.7,,,,0.5543,,,,,,,,,,,,,,,,,,,,0.5613,,0.5532,,0.5435,,0.5473,,0.5502,,,,2026-06-10,,,,,,,,,,,,,,,,,2.0,Not Found
2909e12bffa578edd7122a4da383a75e,basketball_wnba,WNBA,2026-06-10T23:00:00Z,2026-06-10T22:58:16Z,Connecticut Sun @ Toronto Tempo,Connecticut Sun,3.9,,,,4.0,3.85,3.85,4.2,4.0,3.75,3.75,3.96,,4.17,4.17,4.0,4.15,,4.0,3.75,3.65,4.25,3.99,4.03,3.95,3.87,,,,,,,0.2314,,,,0.2313,0.2299,0.2299,0.2344,0.2282,0.2427,0.2427,0.2326,,0.2353,0.2293,0.2282,0.2359,,0.225,0.2427,0.2464,0.2301,0.2316,0.2272,0.2298,0.2355,,,,,,,2026-06-10,,,,,,3.9,,0.2345,3.4,,0.2338,,3.85,0.233,Polymarket,4.17,2.0,Not Found
5b5ca06821ecfe2cbf46026575ed9263,baseball_mlb,MLB,2026-06-10T22:41:00Z,2026-06-10T22:58:16Z,Arizona Diamondbacks @ Miami Marlins,Arizona Diamondbacks,2.18,2.05,2.2,2.2,2.18,2.19,2.1,2.04,2.2,2.28,2.12,1.63,2.24,2.33,2.33,,2.3,,,2.28,2.23,2.3,,,2.2,,,,1.8,,,,0.43,0.4353,0.4224,0.4148,0.43,0.4178,0.4387,0.4763,0.4224,0.4107,0.4272,0.5894,0.4238,0.4239,0.4239,,0.418,,,0.4107,0.4117,0.418,,,0.4242,,,,0.5278,,,,2026-06-10,2.25,,0.3996,,,,,,,,,,1.95,0.4861,Polymarket,2.33,2.0,Not Found
478b48f9b238961a0dab7af36795c26d,cricket_odi,One Day Internationals,2026-06-11T05:00:00Z,2026-06-11T05:09:36Z,Australia @ Bangladesh,Australia,,,,,,,,3.05,2.75,2.75,2.6,1.85,,,,1.71,,,,,,,,,,,,,,1.77,,,,,,,,,,0.3238,0.3346,0.3322,0.3377,0.5203,,,,0.5543,,,,,,,,,,,,,,0.5248,,,2026-06-11,,,,,,,,,,,,,,,,,2.0,Not Found
14a783d36d9233017783b2ab152f4051,baseball_npb,NPB,2026-06-11T09:00:00Z,2026-06-11T05:09:36Z,Tokyo Yakult Swallows @ Orix Buffaloes,Tokyo Yakult Swallows,2.4,,,2.24,2.35,2.35,2.35,,2.4,2.25,2.25,2.49,,,,,,2.37,2.25,,2.25,,2.42,2.42,2.4,,2.44,,2.38,,2.35,,0.3919,,,0.3964,0.3943,0.4003,0.4003,,0.3899,0.4136,0.4136,0.3863,,,,,,0.3965,0.4038,,0.4136,,0.398,0.398,0.3837,,0.3924,,0.3995,,0.386,,2026-06-11,,,,,2.25,,0.3954,,2.25,,0.4136,,2.35,0.3963,,,2.0,Not Found
293f6a830c3ad909e697f23783ce868d,baseball_npb,NPB,2026-06-11T09:00:36Z,2026-06-11T09:20:55Z,Hanshin Tigers @ Fukuoka SoftBank Hawks,Hanshin Tigers,2.38,,,2.1,2.25,2.25,2.25,,2.2,2.15,,2.16,,,,,,2.2,2.15,,2.1,,,,2.25,,,,2.08,,,,0.3896,,,0.4155,0.4038,0.4136,0.4136,,0.4186,0.4201,,0.4303,,,,,,0.4148,0.422,,0.4176,,,,0.4117,,,,0.4595,,,,2026-06-11,,,,,,,,,2.04,,,,2.05,0.4498,,,2.0,Not Found
5c62ae15e22903bc908c5359a0daf128,tennis_wta_queens_club_champ,WTA Queen's Club Championships,2026-06-11T10:30:00Z,2026-06-11T09:20:55Z,Emma Raducanu @ Sorana Cirstea,Emma Raducanu,1.91,1.88,1.92,,,1.88,1.88,1.93,1.91,1.94,1.94,1.89,1.94,,,,1.84,1.89,1.85,1.94,1.94,,1.87,1.87,1.8,,1.91,,1.85,,1.8,,0.5,0.5028,0.5027,,,0.5028,0.5028,0.514,0.5,0.4875,0.4875,0.5146,0.515,,,,0.5179,0.5041,0.5139,0.4875,0.4875,,0.511,0.511,0.5339,,0.5,,0.5139,,0.5146,,2026-06-11,1.9,,0.4854,,1.89,1.8,0.5041,0.5339,1.89,,0.4883,,,,,,2.0,Not Found
f9382249aa498b2f040cca0a22f38f41,tennis_wta_queens_club_champ,WTA Queen's Club Championships,2026-06-11T15:00:00Z,2026-06-11T12:58:54Z,Tatjana Maria @ Elena Rybakina,Elena Rybakina,1.18,1.18,1.2,,1.21,1.18,1.18,1.22,1.21,1.22,1.22,1.21,1.22,,,,1.21,1.19,1.2,1.22,1.22,,1.22,1.22,1.2,,1.22,,1.2,,1.18,,0.8237,0.8196,0.8167,,0.7956,0.8173,0.8173,0.8155,0.8016,0.7949,0.7949,0.8114,0.8155,,,,0.8108,0.816,0.8056,0.7949,0.7949,,0.7987,0.7987,0.8114,,0.7967,,0.8056,,0.8074,,2026-06-11,1.14,,0.8366,,1.19,1.2,0.816,0.808,1.19,,0.7982,,,,,,2.0,Not Found
6a361e2e668b6f93df3fd6c75b2f8c8c,baseball_mlb,MLB,2026-06-11T17:11:00Z,2026-06-11T17:00:00Z,Arizona Diamondbacks @ Miami Marlins,Arizona Diamondbacks,2.06,2.0,2.05,1.99,2.05,2.02,2.02,2.16,2.08,2.04,2.02,2.12,2.14,2.13,2.13,2.13,2.16,2.05,2.05,2.04,2.02,2.17,2.12,2.12,2.1,2.12,2.1,2.05,2.0,2.04,2.15,,0.4665,0.4659,0.4598,0.4622,0.4661,0.4682,0.4682,0.4612,0.4563,0.4689,0.4697,0.4626,0.4589,0.4645,0.4645,0.4585,0.4583,0.463,0.4582,0.4689,0.4682,0.4587,0.4596,0.4596,0.454,0.4596,0.4649,0.4751,0.4722,0.4642,0.4548,,2026-06-11,2.1,,0.444,,2.05,2.16,0.4598,0.4506,,,,,2.06,0.4665,Polymarket,2.13,2.0,Not Found
37297fe8c0f2b3453c8fb09bf688f48f,baseball_milb,MiLB,2026-06-11T22:35:00Z,2026-06-11T19:40:44Z,Syracuse Mets @ Buffalo Bisons,Buffalo Bisons,2.06,,,,,,,,,,,,,,,,,,,,2.06,,2.0,,2.0,,2.0,,2.0,,,,0.457,,,,,,,,,,,,,,,,,,,,0.4486,,0.4675,,0.4675,,0.4626,,0.461,,,,2026-06-11,,,,,,,,,,,,,,,,,2.0,Not Found
96167b3b77552679ce835a01a6186c65,baseball_milb,MiLB,2026-06-11T23:05:00Z,2026-06-11T19:40:44Z,Gwinnett Stripers @ Jacksonville Jumbo Shrimp,Jacksonville Jumbo Shrimp,1.85,,,,,,,,,,,,,,,,,,,,1.83,,1.83,,1.83,,1.84,,1.8,,,,0.5112,,,,,,,,,,,,,,,,,,,,0.5073,,0.5114,,0.5114,,0.5058,,0.516,,,,2026-06-11,,,,,,,,,,,,,,,,,2.0,Not Found
aa2e0973335826674bcad157006dfc14,basketball_wnba,WNBA,2026-06-11T23:00:00Z,2026-06-11T21:50:49Z,Chicago Sky @ Indiana Fever,Indiana Fever,1.24,,,,1.22,1.2,1.2,1.26,1.23,1.17,1.17,1.24,,1.27,1.25,1.22,1.25,,1.22,1.17,1.17,1.26,1.22,1.22,1.23,1.22,,,,,,,0.7813,,,,0.7987,0.8004,0.8004,0.7904,0.7929,0.8293,0.8293,0.7893,,0.7838,0.795,0.7975,0.7969,,0.7908,0.8293,0.8293,0.7881,0.7987,0.7987,0.7902,0.7962,,,,,,,2026-06-11,,,,,,1.22,,0.7962,1.11,,0.8368,,1.22,0.7962,Polymarket,1.27,2.0,Not Found
4d0a8aa2b97a1b70a276449e6e691c83,baseball_milb,MiLB,2026-06-11T23:05:00Z,2026-06-11T23:12:56Z,Lehigh Valley IronPigs @ Scranton/Wilkes-Barre RailRiders,Lehigh Valley IronPigs,2.04,,,,,,,,,,,,,,,,,,,,1.89,,2.07,,2.0,,1.96,,2.0,,,,0.461,,,,,,,,,,,,,,,,,,,,0.4898,,0.4525,,0.4675,,0.4726,,0.461,,,,2026-06-11,,,,,,,,,,,,,,,,,2.0,Not Found
99eb864a3014dcd97bef47f9028fc64a,baseball_milb,MiLB,2026-06-11T23:35:00Z,2026-06-11T23:12:56Z,Durham Bulls @ Nashville Sounds,Durham Bulls,2.5,,,,,,,,,,,,,,,,,,,,2.55,,2.32,,2.45,,2.44,,2.5,,,,0.3689,,,,,,,,,,,,,,,,,,,,0.3559,,0.4011,,0.3773,,0.3716,,0.3667,,,,2026-06-11,,,,,,,,,,,,,,,,,2.0,Not Found
6e793618820012bda7dabe54b30b9807,baseball_milb,MiLB,2026-06-11T23:45:00Z,2026-06-11T23:12:56Z,El Paso Chihuahuas @ Round Rock Express,El Paso Chihuahuas,1.89,,,,,,,,,,,,,,,,,,,,1.85,,1.87,,1.87,,1.86,,1.85,,,,0.5,,,,,,,,,,,,,,,,,,,,0.5029,,0.5,,0.5,,0.5,,0.5,,,,2026-06-11,,,,,,,,,,,,,,,,,2.0,Not Found
7e1ae8250ca00cd3a05de19103367a32,baseball_milb,MiLB,2026-06-12T00:05:00Z,2026-06-11T23:12:56Z,Las Vegas Aviators @ Omaha Storm Chasers,Las Vegas Aviators,1.66,,,,,,,,,,,,,,,,,,,,1.61,,1.67,,,,1.65,,1.67,,,,0.5739,,,,,,,,,,,,,,,,,,,,0.5833,,0.569,,,,0.5683,,0.5613,,,,2026-06-12,,,,,,,,,,,,,,,,,2.0,Not Found
b53dd8711e283112f6a03eb44ea7e926,americanfootball_cfl,CFL,2026-06-12T00:30:00Z,2026-06-11T23:12:56Z,Hamilton Tiger-Cats @ Winnipeg Blue Bombers,Winnipeg Blue Bombers,1.71,,,,1.65,1.68,1.68,1.73,1.7,1.66,1.65,1.68,,,,,,1.6,,1.66,1.65,,1.69,1.69,1.62,1.69,,,,,1.71,,0.5609,,,,0.5856,0.5651,0.5651,0.5716,0.5668,0.579,0.5788,0.5793,,,,,,0.5997,,0.579,0.5788,,0.5736,0.5736,0.5959,0.5736,,,,,0.5651,,2026-06-12,,,,,,1.69,,0.5736,,,,,1.68,0.5714,,,2.0,Not Found
efe60f8bd0a530622e07b29dccf12ab8,icehockey_nhl,NHL,2026-06-12T00:20:00Z,2026-06-12T01:40:28Z,Vegas Golden Knights @ Carolina Hurricanes,Carolina Hurricanes,1.59,2.0,2.1,2.12,1.61,1.63,1.6,,1.6,2.38,2.33,1.68,1.64,1.64,1.67,1.64,1.65,2.2,,2.38,,,,,1.59,,,,,,,,0.5989,,,,0.5932,0.5875,0.5988,,0.5951,,,0.5724,0.5965,0.6049,0.5945,0.5846,0.6006,,,,,,,,0.5971,,,,,,,,2026-06-12,1.95,,,,,,,,2.25,,,,1.65,0.5808,Polymarket,1.64,2.0,Not Found
c758fcd03265790581c339ee50a7ebb0,baseball_npb,NPB,2026-06-12T09:00:00Z,2026-06-12T01:40:28Z,Yokohama DeNA BayStars @ Chiba Lotte Marines,Chiba Lotte Marines,1.93,,,1.84,1.91,1.92,1.92,,1.91,,,1.96,,,,,,1.95,1.91,,,,1.99,1.99,1.87,1.87,1.94,,1.91,,1.9,,0.4945,,,0.494,0.4944,0.4945,0.4945,,0.4944,,,0.496,,,,,,0.489,0.484,,,,0.4795,0.4795,0.5,0.5,0.4973,,0.5,,0.4854,,2026-06-12,,,,,1.84,,0.494,,,,,,1.91,0.4944,,,2.0,Not Found
6f28be6b003fe4cf2dd6157e93e36bb6,baseball_npb,NPB,2026-06-12T09:00:00Z,2026-06-12T06:19:31Z,Hanshin Tigers @ Orix Buffaloes,Orix Buffaloes,2.28,,,2.14,2.25,2.3,2.3,,2.3,2.4,2.4,2.39,,,,,,2.3,2.2,,2.4,,2.27,2.27,2.3,2.28,2.35,,2.28,,2.2,,0.4125,,,0.4172,0.4136,0.4087,0.4087,,0.4087,0.3858,0.3858,0.4025,,,,,,0.4087,0.4167,,0.3858,,0.4226,0.4226,0.4029,0.4125,0.4079,,0.4181,,0.4148,,2026-06-12,,,,,2.15,,0.4181,,2.4,,0.3858,,2.23,0.4175,,,2.0,Not Found
cb3626877712c4823d715283fea65d15,baseball_npb,NPB,2026-06-12T09:00:00Z,2026-06-12T06:19:31Z,Hiroshima Toyo Carp @ Tohoku Rakuten Golden Eagles,Hiroshima Toyo Carp,2.0,,,1.9,1.98,2.0,2.0,,2.0,1.93,1.93,2.01,,,,,,2.05,2.0,,1.93,,2.09,2.09,1.95,1.87,2.09,,1.99,,1.95,,0.4753,,,0.4758,0.4747,0.4753,0.4753,,0.4722,0.4888,0.4888,0.4828,,,,,,0.463,0.461,,0.4888,,0.4583,0.4583,0.4786,0.5014,0.4599,,0.481,,0.4707,,2026-06-12,,,,,1.92,,0.4763,,1.93,,0.4888,,1.98,0.4747,,,2.0,Not Found
c1e4284fb7467fbd63356f6e50e18eb8,baseball_npb,NPB,2026-06-12T09:00:00Z,2026-06-12T06:19:31Z,Yomiuri Giants @ Saitama Seibu Lions,Yomiuri Giants,2.36,,,2.19,2.2,2.35,2.35,,2.35,2.25,2.25,2.45,,,,,,2.3,2.25,,2.25,,2.45,2.45,2.35,2.35,2.39,,2.34,,2.2,,0.3994,,,0.4078,0.4242,0.4003,0.4003,,0.3983,0.4136,0.4136,0.3935,,,,,,0.4087,0.4038,,0.4136,,0.3935,0.3935,0.3943,0.4022,0.4006,,0.4069,,0.4148,,2026-06-12,,,,,2.2,,0.4088,,2.25,,0.4136,,2.29,0.4058,,,2.0,Not Found
ecb8f16479f25a13c0118f5f4cf997a8,baseball_npb,NPB,2026-06-12T09:01:00Z,2026-06-12T10:44:36Z,Chunichi Dragons @ Hokkaido Nippon-Ham Fighters,Chunichi Dragons,3.1,,,2.6,2.9,2.85,2.85,,2.75,2.5,,4.47,,,,,,2.8,2.8,,2.45,,,,2.8,,,,,,,,0.2936,,,0.3219,0.3048,0.3183,0.3183,,0.3297,0.3552,,0.1917,,,,,,0.3163,0.3109,,0.352,,,,0.3265,,,,,,,,2026-06-12,,,,,,,,,2.38,,0.3478,,3.5,0.2429,,,2.0,Not Found
c160da8cb0cec3493da140c3d1c29cdd,baseball_kbo,KBO,2026-06-12T09:31:00Z,2026-06-12T10:44:36Z,Lotte Giants @ LG Twins,LG Twins,3.1,,,2.85,2.7,,2.6,,2.95,2.3,,2.53,,,,,,2.6,,,2.35,,,,2.55,,,,,,,,0.2936,,,0.2908,0.3404,,0.3545,,0.3072,0.3906,,0.3665,,,,,,0.3451,,,0.3679,,,,0.3605,,,,,,,,2026-06-12,2.5,,0.3552,,,,,,,,,,3.1,0.2767,,,2.0,Not Found
f31d60987e8ac6d49bcdf800b0a884ee,tennis_wta_queens_club_champ,WTA Queen's Club Championships,2026-06-12T15:00:00Z,2026-06-12T13:53:32Z,Katie Boulter @ Elena Rybakina,Elena Rybakina,1.24,1.22,1.22,,1.22,1.25,1.25,1.27,1.23,1.23,1.23,1.26,1.28,,,,1.24,1.24,1.22,1.23,1.23,,,,1.25,,1.24,,1.22,,1.22,,0.7813,0.7936,0.7936,,0.7879,0.7718,0.7718,0.7774,0.7883,0.7875,0.7875,0.7781,0.777,,,,0.7833,0.7813,0.7908,0.7875,0.7875,,,,0.775,,0.7833,,0.7908,,0.7765,,2026-06-12,,,,,1.22,,0.769,,1.2,,0.7917,,,,,,2.0,Not Found
c537fb6bbc53be07501dbd35e3537dd0,soccer_league_of_ireland,League of Ireland,2026-06-12T18:45:00Z,2026-06-12T13:53:32Z,Bohemians @ Derry City,Bohemians,2.45,2.25,2.3,,2.35,2.38,2.38,2.6,2.4,2.43,2.38,2.51,2.6,,,,,2.45,,2.43,2.4,,2.46,2.46,2.35,2.35,2.45,,2.45,2.43,2.4,,0.3849,0.3991,0.4004,,0.3938,0.3941,0.3941,0.3797,0.3958,0.3852,0.3872,0.3855,0.3797,,,,,0.3914,,0.3852,0.3878,,0.3851,0.3851,0.3963,0.3963,0.3857,,0.3794,0.3875,0.383,,2026-06-12,2.4,,0.387,,2.25,2.46,0.4016,0.3851,2.3,,0.389,,,,,,3.0,Not Found
6fef2d5783d5d60a0195062cca67ae1a,soccer_league_of_ireland,League of Ireland,2026-06-12T18:45:00Z,2026-06-12T13:53:32Z,Drogheda United @ St Patricks Athletic,St Patricks Athletic,1.36,1.34,1.37,,1.36,1.39,1.39,1.43,1.39,1.36,1.35,1.42,1.43,,,,,1.4,,1.36,1.36,,1.39,1.39,1.36,1.36,1.4,,1.4,1.39,1.36,,0.7118,0.7,0.6981,,0.7018,0.6936,0.6936,0.6953,0.7004,0.705,0.707,0.6895,0.696,,,,,0.6974,,0.705,0.705,,0.6945,0.6945,0.705,0.705,0.6918,,0.6857,0.6955,0.7021,,2026-06-12,1.35,,0.7108,,1.33,1.39,0.7085,0.6945,1.3,,0.7201,,,,,,3.0,Not Found
9955e3f5c02f4f44771041b335021994,baseball_ncaa,NCAA Baseball,2026-06-12T18:00:00Z,2026-06-12T16:41:35Z,Troy Trojans @ West Virginia Mountaineers,West Virginia Mountaineers,1.31,,,,1.33,,,,1.34,,,1.34,,,,,1.34,,,,1.26,,1.33,1.33,1.31,1.33,1.34,,,,,,0.7324,,,,0.7221,,,,0.7169,,,0.7169,,,,,0.7358,,,,0.7579,,0.7207,0.7207,0.7302,0.7157,0.7221,,,,,,2026-06-12,,,,,,,,,,,,,1.33,0.7207,,,2.0,Not Found
d1f4f946c70a0b4e81f5d43e9d32361c,soccer_fifa_world_cup,FIFA World Cup,2026-06-12T19:00:00Z,2026-06-12T16:41:35Z,Bosnia & Herzegovina @ Canada,Draw,3.5,3.6,3.65,3.6,3.4,3.45,3.45,3.65,3.5,3.55,3.45,3.59,3.6,,3.7,3.4,,3.55,3.25,3.55,3.45,,3.55,3.55,3.5,3.5,3.61,,3.3,,3.5,,0.2706,0.2629,0.2624,0.2669,0.2718,0.279,0.279,0.2727,0.2722,0.271,0.2722,0.27,0.2762,,0.2667,0.2754,,0.2739,0.2775,0.271,0.2722,,0.2714,0.2714,0.2697,0.2692,0.2721,,0.2761,,0.2684,,2026-06-12,3.6,3.5,0.2593,0.2679,3.6,3.49,0.2669,0.2703,3.4,,0.2738,,3.42,0.2762,,,3.0,Not Found
bd6fff211467572f42215e88e2aa338f,soccer_brazil_serie_b,Brazil Série B,2026-06-12T22:00:00Z,2026-06-12T20:38:34Z,Clube de Regatas Brasil @ Atletico Goianiense,Clube de Regatas Brasil,3.3,,,,3.1,3.2,3.2,3.6,3.25,3.25,3.1,3.42,3.6,,,,,3.25,3.25,3.25,3.15,,3.25,3.25,3.25,3.25,3.23,,3.25,,,,0.2763,,,,0.2893,0.2843,0.2843,0.2756,0.2877,0.2848,0.2819,0.2794,0.2756,,,,,0.2844,0.2758,0.2848,0.2845,,0.2868,0.2868,0.279,0.2868,0.2851,,0.2758,,,,2026-06-12,3.4,3.2,0.2586,0.2819,,,,,,,,,,,,,3.0,Not Found
03fb234cfcbb33fcbb98299bcbf0a1fc,baseball_milb,MiLB,2026-06-12T22:35:00Z,2026-06-12T22:14:24Z,Syracuse Mets @ Buffalo Bisons,Syracuse Mets,1.75,,,,,,,,,,,,,,,,,,,,,,1.8,,1.74,,1.73,,1.73,,,,0.543,,,,,,,,,,,,,,,,,,,,,,0.5214,,0.5435,,0.5415,,0.539,,,,2026-06-12,,,,,,,,,,,,,,,,,2.0,Not Found
08fbaa4e7dd69c2d861308e6908004d6,baseball_milb,MiLB,2026-06-12T23:05:00Z,2026-06-12T22:14:24Z,Columbus Clippers @ Indianapolis Indians,Indianapolis Indians,2.2,,,,,,,,,,,,,,,,,,,,2.16,,2.21,,2.15,,2.13,,2.1,,,,0.4261,,,,,,,,,,,,,,,,,,,,0.4247,,0.4232,,0.4332,,0.4317,,0.4387,,,,2026-06-12,,,,,,,,,,,,,,,,,2.0,Not Found
8ae0c782d8fc7432645385999859df31,baseball_milb,MiLB,2026-06-12T23:05:00Z,2026-06-12T22:14:24Z,Gwinnett Stripers @ Jacksonville Jumbo Shrimp,Gwinnett Stripers,1.93,,,,,,,,,,,,,,,,,,,,1.92,,1.95,,1.91,,1.89,,1.91,,,,0.4888,,,,,,,,,,,,,,,,,,,,0.4826,,0.4786,,0.4886,,0.4913,,0.484,,,,2026-06-12,,,,,,,,,,,,,,,,,2.0,Not Found
95ee6055d18281317e28c6c18e624606,baseball_mlb,MLB,2026-06-12T23:37:42Z,2026-06-12T23:54:39Z,New York Yankees @ Toronto Blue Jays,New York Yankees,5.0,4.1,4.3,4.6,5.0,4.6,4.6,5.3,4.65,5.0,4.7,5.13,4.1,5.26,5.26,5.03,4.88,4.5,,5.0,4.8,5.15,,,4.75,,,,2.0,,,,0.169,0.2087,0.2031,0.1777,0.1726,0.1813,0.1813,0.1811,0.1838,0.1726,0.1678,0.1701,0.2018,0.1852,0.1852,0.1721,0.1892,0.1944,,0.1726,0.1656,0.1769,,,0.1779,,,,0.4722,,,,2026-06-12,4.5,,0.1801,,,,,,,,,,2.95,0.3123,Polymarket,5.26,2.0,Not Found
b6419b51fefd5fa369613194085e166f,baseball_mlb,MLB,2026-06-12T23:11:00Z,2026-06-12T23:54:39Z,Detroit Tigers @ Cleveland Guardians,Cleveland Guardians,1.49,1.47,1.54,1.47,1.43,1.42,1.42,1.3,1.45,1.49,1.44,1.49,1.41,1.52,1.52,,1.45,1.52,1.44,1.49,1.47,1.44,,,1.42,,,,,,,,0.6418,0.6318,0.6206,0.6377,0.6742,0.6676,0.6676,0.7495,0.6583,0.6433,0.6472,0.6483,0.6652,0.6541,0.6541,,0.67,0.6329,0.6472,0.6433,0.6401,0.6634,,,0.6735,,,,,,,,2026-06-12,1.4,,0.672,,,,,,,,,,1.3,0.7397,Polymarket,1.52,2.0,Not Found
3c29fd81b271e3f993c9fa5fa11f5e49,baseball_milb,MiLB,2026-06-13T00:05:00Z,2026-06-12T23:54:39Z,Las Vegas Aviators @ Omaha Storm Chasers,Omaha Storm Chasers,2.12,,,,,,,,,,,,,,,,,,,,2.12,,2.05,,2.1,,2.09,,2.05,,,,0.4417,,,,,,,,,,,,,,,,,,,,0.4346,,0.4565,,0.4422,,0.4416,,0.4498,,,,2026-06-13,,,,,,,,,,,,,,,,,2.0,Not Found
d6b5a22a7f4c6e95f3f4644d0079462b,baseball_npb,NPB,2026-06-13T05:00:00Z,2026-06-13T03:38:39Z,Tokyo Yakult Swallows @ Fukuoka SoftBank Hawks,Tokyo Yakult Swallows,2.46,,,2.29,2.35,2.4,2.4,,2.45,2.43,2.43,2.52,,,,,,2.45,2.38,,2.43,,2.53,2.53,2.45,2.43,2.46,,2.38,,2.35,,0.3827,,,0.3872,0.4022,0.3919,0.3919,,0.3836,0.3832,0.3832,0.382,,,,,,0.3836,0.3833,,0.3832,,0.3792,0.3792,0.3773,0.3893,0.3888,,0.3995,,0.386,,2026-06-13,,,,,2.3,,0.3884,,2.43,,0.3832,,2.41,0.3849,,,2.0,Not Found
5e2a4006c39fc8372a2325529dccdbd2,baseball_npb,NPB,2026-06-13T05:00:00Z,2026-06-13T07:35:30Z,Chunichi Dragons @ Hokkaido Nippon-Ham Fighters,Chunichi Dragons,18.0,,,7.75,15.5,12.0,16.0,,,15.0,,3.48,,,,,,11.0,23.0,,,,,,12.0,,,,,,,,0.0327,,,0.0695,0.0372,0.0515,,,,0.0431,,0.2531,,,,,,0.0504,,,,,,,0.0609,,,,,,,,2026-06-13,,,,,,,,,,,,,7.5,0.095,,,2.0,Not Found
198e87f078a6921eff2d3233669a1b74,baseball_kbo,KBO,2026-06-13T08:00:00Z,2026-06-13T07:35:30Z,NC Dinos @ KT Wiz,NC Dinos,2.06,,,1.93,2.0,2.05,2.05,,2.05,2.07,2.07,2.03,,,,,,2.1,,,2.07,,2.05,2.05,2.0,,2.08,,2.05,,1.95,,0.4602,,,0.4632,0.4675,0.463,0.463,,0.4661,0.4542,0.4542,0.4685,,,,,,0.4524,,,0.4542,,0.4661,0.4661,0.4675,,0.4672,,0.4498,,0.4707,,2026-06-13,1.95,,0.4707,,1.95,,0.464,,,,,,2.09,0.4485,,,2.0,Not Found
aed67f6391e933a4845e4a88f74cb58b,baseball_npb,NPB,2026-06-13T09:00:00Z,2026-06-13T07:35:30Z,Yomiuri Giants @ Saitama Seibu Lions,Saitama Seibu Lions,1.57,,,1.53,1.61,1.6,1.58,,1.62,1.62,1.62,1.58,,,,,,1.58,1.53,,1.62,,1.65,1.65,1.61,1.67,1.67,,1.61,,1.6,,0.6119,,,0.6036,0.5932,0.5997,0.6081,,0.5913,0.5893,0.5893,0.6173,,,,,,0.6081,0.6167,,0.5893,,0.5903,0.5903,0.5883,0.5721,0.5811,,0.6005,,0.5852,,2026-06-13,,,,,1.54,,0.6025,,1.62,,0.5893,,1.57,0.6066,,,2.0,Not Found
42ec5e579add67dd8b9d6a7c5f6ed702,baseball_kbo,KBO,2026-06-13T08:00:52Z,2026-06-13T10:15:31Z,SSG Landers @ Samsung Lions,Samsung Lions,2.76,,,2.25,2.8,,2.78,,2.5,2.35,,2.33,,,,,,2.72,,,2.3,,,,2.75,,,,,,,,0.3315,,,0.3821,0.3289,,0.3277,,0.3667,0.3794,,0.3961,,,,,,0.3267,,,0.3773,,,,0.3322,,,,,,,,2026-06-13,2.7,,0.328,,,,,,,,,,2.35,0.3902,,,2.0,Not Found
2e47bff8aa717f7c0db5fa5977e1c209,baseball_kbo,KBO,2026-06-13T08:01:58Z,2026-06-13T10:15:31Z,Doosan Bears @ Kia Tigers,Doosan Bears,3.65,,,3.25,3.5,,3.9,,3.75,3.6,,3.59,,,,,,3.85,,,3.55,,,,3.55,,,,,,,,0.2433,,,0.244,0.2492,,0.225,,0.2333,0.2324,,0.2456,,,,,,0.22,,,0.2242,,,,0.244,,,,,,,,2026-06-13,3.9,,0.2115,,,,,,,,,,3.5,0.2429,,,2.0,Not Found
320bf61f21db072550f8067bb73b76db,tennis_wta_queens_club_champ,WTA Queen's Club Championships,2026-06-13T11:30:00Z,2026-06-13T10:15:31Z,Kamilla Rakhimova @ Emma Raducanu,Emma Raducanu,1.18,1.19,1.2,,1.19,1.2,1.2,1.24,1.19,1.2,1.2,1.21,1.24,,,,1.21,1.19,1.17,1.2,1.2,,1.21,1.21,1.2,,1.21,,1.17,,,,0.8196,0.8115,0.8146,,0.8091,0.803,0.803,0.8052,0.8181,0.808,0.808,0.8116,0.8052,,,,0.8118,0.816,0.8274,0.808,0.808,,0.8062,0.8062,0.8114,,0.8041,,0.8274,,,,2026-06-13,1.16,,0.8199,,1.15,1.21,0.8404,0.8009,1.17,,0.8124,,,,,,2.0,Not Found
e3309264abbd7dff8434b86b1cffc603,aussierules_afl,AFL,2026-06-13T09:35:00Z,2026-06-13T12:04:43Z,Sydney Swans @ Port Adelaide Power,Sydney Swans,,,,,,,1.38,1.45,1.37,,,,,,,,,,,1.33,,,,,,,,,,,,,,,,,,,0.6869,0.6399,0.6955,,,,,,,,,,,0.7197,,,,,,,,,,,,,2026-06-13,1.35,,0.698,,,,,,,,,,,,,,2.0,Not Found
7605537eb34414647542bdb0a526bc05,tennis_wta_queens_club_champ,WTA Queen's Club Championships,2026-06-13T13:30:00Z,2026-06-13T12:04:43Z,Donna Vekic @ Katie Boulter,Katie Boulter,1.81,1.78,1.8,,1.74,1.77,1.77,1.8,1.76,1.75,1.75,1.8,1.81,,,,1.79,1.76,1.73,1.75,1.75,,1.83,1.83,1.77,,1.77,,1.73,,1.7,,0.5311,0.5309,0.5339,,0.5435,0.535,0.535,0.5505,0.5425,0.5453,0.5453,0.5441,0.549,,,,0.5446,0.5437,0.5509,0.5453,0.5453,,0.5257,0.5257,0.5444,,0.5409,,0.5509,,0.5441,,2026-06-13,,,,,1.74,1.83,0.5435,0.5232,1.7,,0.5466,,,,,,2.0,Not Found
4caad9d5b7d9ae428a13742ee62ebdda,soccer_finland_veikkausliiga,Veikkausliiga - Finland,2026-06-13T14:00:00Z,2026-06-13T12:04:43Z,HJK Helsinki @ Jaro,Draw,4.1,,,,3.9,3.95,3.95,4.4,4.2,3.9,3.9,4.36,4.4,,,3.97,,4.25,3.9,3.9,3.9,,4.1,4.1,4.1,4.1,4.2,,3.9,4.2,4.0,,0.2183,,,,0.2321,0.2327,0.2327,0.2222,0.2196,0.2278,0.2258,0.2167,0.2222,,,0.2319,,0.2221,0.2278,0.2278,0.2258,,0.2234,0.2234,0.2207,0.2207,0.216,,0.2291,0.2144,0.2175,,2026-06-13,4.0,,0.2208,,3.9,,0.2168,,3.75,,0.2222,,,,,,3.0,Not Found
05c57e769f0cbfeceadc9dd0384cee83,soccer_finland_veikkausliiga,Veikkausliiga - Finland,2026-06-13T14:00:00Z,2026-06-13T14:21:51Z,KuPS Kuopio @ VPS Vaasa,KuPS Kuopio,3.7,,,,4.0,3.65,3.65,4.2,3.8,3.5,3.4,4.11,4.2,,,,,4.0,3.6,3.5,,,,,3.75,,,,,,,,0.2434,,,,0.2103,0.2378,0.2378,0.2328,0.2417,0.2519,0.2479,0.2239,0.2361,,,,,0.2366,0.2414,0.2519,,,,,0.2404,,,,,,,,2026-06-13,3.3,,0.2673,,,,,,3.45,,,,,,,,3.0,Not Found
c977f7d4eb81e5bda007bc30b6c3b72c,soccer_finland_veikkausliiga,Veikkausliiga - Finland,2026-06-13T16:00:00Z,2026-06-13T14:21:51Z,SJK Seinäjoki @ FC Lahti,Draw,3.5,,,,3.4,3.45,3.45,3.75,3.55,3.3,3.3,3.67,3.75,,,3.49,,3.6,3.4,3.3,3.3,,3.55,3.55,3.5,3.5,3.52,,3.4,3.52,3.45,,0.2612,,,,0.2668,0.2646,0.2646,0.262,0.2619,0.2728,0.2703,0.2612,0.2633,,,0.2668,,0.2642,0.263,0.2728,0.2703,,0.2638,0.2638,0.2612,0.2612,0.2616,,0.263,0.2602,0.2566,,2026-06-13,3.5,,0.2558,,3.4,,0.2538,,3.15,,0.2694,,,,,,3.0,Not Found
36476117dea6fffecdb67e49bde1a883,soccer_finland_veikkausliiga,Veikkausliiga - Finland,2026-06-13T16:00:00Z,2026-06-13T14:21:51Z,IF Gnistan @ IFK Mariehamn,IF Gnistan,1.8,,,,1.85,1.78,1.78,1.89,1.83,1.85,1.83,1.85,1.89,,,1.9,,1.95,1.83,1.85,1.83,,1.83,1.83,1.83,1.83,1.84,,1.83,1.82,1.8,,0.5323,,,,0.5151,0.5355,0.5355,0.5259,0.5254,0.5102,0.513,0.5283,0.5259,,,0.5012,,0.4995,0.5173,0.5102,0.513,,0.5277,0.5277,0.5232,0.5232,0.5209,,0.5173,0.5253,0.5245,,2026-06-13,1.77,,0.5361,,1.76,,0.5292,,1.77,,0.5173,,,,,,3.0,Not Found
247fa6e552058ec5ec90e09c8767b80d,baseball_mlb,MLB,2026-06-13T18:11:00Z,2026-06-13T15:55:04Z,St. Louis Cardinals @ Minnesota Twins,St. Louis Cardinals,1.86,1.84,1.86,1.85,1.85,1.88,1.88,1.95,1.85,1.87,1.87,1.93,1.95,1.96,1.92,1.88,1.94,1.87,1.85,1.87,1.85,1.94,1.88,1.88,1.88,1.87,1.94,1.93,1.91,1.88,1.91,,0.5163,0.5113,0.5111,0.5112,0.5177,0.5055,0.5055,0.5089,0.5165,0.5123,0.511,0.5078,0.5089,0.5051,0.5104,0.5197,0.5138,0.511,0.5085,0.5123,0.5125,0.5114,0.5197,0.5197,0.5082,0.5235,0.5052,0.5091,0.5,0.5055,0.5118,,2026-06-13,1.83,,0.5142,,1.86,1.88,0.5124,0.5209,,,,,1.88,0.5122,Polymarket,1.96,2.0,Not Found
e8fc119ce04a77c6fa353b2b9222efd1,soccer_chile_campeonato,Primera División - Chile,2026-06-13T16:30:00Z,2026-06-13T15:55:04Z,O'Higgins @ Coquimbo Unido,Coquimbo Unido,1.87,1.76,1.82,,1.87,1.88,1.88,1.89,1.87,1.78,1.78,1.88,1.9,,1.85,1.79,,1.85,1.8,,1.77,,1.86,1.86,1.82,1.86,1.85,,,1.83,1.8,,0.5113,0.5213,0.5167,,0.5085,0.5081,0.5081,0.5219,0.5159,0.5328,0.5328,0.5179,0.52,,0.5305,0.5346,,0.5262,0.5172,,0.5349,,0.5166,0.5166,0.5211,0.5166,0.5159,,,0.5201,0.5216,,2026-06-13,1.67,1.84,0.5624,0.5132,1.73,1.86,0.53,0.5166,,,,,,,,,3.0,Not Found
ca869d54dfd415fecc4c7d55f0479a5f,soccer_chile_campeonato,Primera División - Chile,2026-06-13T19:00:00Z,2026-06-13T18:51:00Z,Palestino @ Everton de Viña del Mar,Palestino,2.7,2.55,2.65,,2.7,2.78,2.78,2.96,2.8,2.75,2.75,2.81,2.98,,2.94,2.79,,2.85,2.7,,2.7,,2.8,2.8,2.7,2.7,2.88,,,2.77,2.75,,0.3427,0.3436,0.3447,,0.3427,0.3362,0.3362,0.3333,0.3365,0.3355,0.3355,0.3427,0.3327,,0.3298,0.3381,,0.3355,0.332,,0.3384,,0.3354,0.3354,0.3411,0.3411,0.3331,,,0.3344,0.3304,,2026-06-13,2.85,2.7,0.3149,0.3389,2.65,2.8,0.3289,0.3354,,,,,,,,,3.0,Not Found
c74f3242dd3557ee537e505c3e092143,baseball_mlb,MLB,2026-06-13T20:15:00Z,2026-06-13T20:10:19Z,Atlanta Braves @ New York Mets,New York Mets,1.82,1.8,1.82,1.78,1.83,1.83,1.83,1.92,1.83,1.83,1.83,1.88,1.84,1.92,1.92,1.85,1.93,1.82,1.8,1.83,1.82,1.92,1.85,1.85,1.84,1.88,1.89,1.87,1.8,1.83,1.83,,0.5296,0.5227,0.5222,0.5218,0.5232,0.5207,0.5207,0.5177,0.522,0.5194,0.5194,0.5221,0.5266,0.5153,0.5104,0.5299,0.5128,0.5247,0.5278,0.5194,0.5209,0.5177,0.5287,0.5287,0.5205,0.5209,0.5195,0.5235,0.5278,0.5207,0.5351,,2026-06-13,1.83,,0.5142,,1.81,1.88,0.5224,0.5197,,,,,1.87,0.5149,Polymarket,1.92,2.0,Not Found
283a2198e9279b2d70ddfa898345b601,baseball_mlb,MLB,2026-06-13T20:11:00Z,2026-06-13T20:10:19Z,Texas Rangers @ Boston Red Sox,Boston Red Sox,1.81,1.76,1.78,1.75,1.77,1.78,1.78,1.86,1.8,1.81,1.81,1.85,1.83,1.85,1.85,1.78,1.86,1.8,1.8,1.81,1.8,1.85,1.78,1.78,1.76,1.78,1.86,1.8,1.8,1.77,1.85,,0.5335,0.5341,0.5309,0.5319,0.5386,0.5346,0.5346,0.5352,0.5327,0.5311,0.5287,0.531,0.5396,0.5355,0.5355,0.5526,0.5352,0.5303,0.5278,0.5311,0.5303,0.5388,0.5505,0.5505,0.546,0.5515,0.5273,0.5339,0.5278,0.5386,0.5299,,2026-06-13,1.75,,0.5418,,1.78,1.82,0.5309,0.5378,,,,,1.85,0.5203,Polymarket,1.85,2.0,Not Found
b4cc6ccb74628bd6a3264a9fd198bd6b,baseball_mlb,MLB,2026-06-13T20:11:00Z,2026-06-13T20:10:19Z,Arizona Diamondbacks @ Cincinnati Reds,Arizona Diamondbacks,1.68,1.66,1.68,1.64,1.67,1.73,1.73,1.73,1.69,1.7,1.68,1.7,1.72,1.72,1.72,1.7,1.72,1.68,1.67,1.7,1.68,1.71,1.7,1.7,1.66,1.7,1.71,1.71,1.67,1.66,1.69,,0.5744,0.5686,0.5651,0.5701,0.5772,0.5521,0.5521,0.5753,0.5675,0.5668,0.5703,0.5786,0.5752,0.5761,0.5761,0.5777,0.5761,0.5703,0.5721,0.5668,0.5703,0.5805,0.5767,0.5767,0.5809,0.5758,0.5741,0.5712,0.5721,0.576,0.5813,,2026-06-13,1.65,,0.5758,,1.67,1.7,0.5668,0.5758,,,,,1.69,0.5706,Polymarket,1.72,2.0,Not Found
f4ec19e95ad55b1005cb7886af22b58d,basketball_wnba,WNBA,2026-06-14T00:00:00Z,2026-06-13T23:51:37Z,Minnesota Lynx @ Las Vegas Aces,Minnesota Lynx,2.38,,,,2.3,2.25,2.25,2.42,2.36,2.33,2.33,2.36,,2.38,2.38,2.35,2.46,,2.3,2.33,2.3,2.42,2.34,2.34,2.35,2.3,,,,,,,0.3956,,,,0.4144,0.4136,0.4136,0.409,0.4032,0.406,0.406,0.4032,,0.4142,0.4107,0.4041,0.402,,0.4068,0.406,0.4087,0.4072,0.4106,0.4106,0.4041,0.418,,,,,,,2026-06-14,,,,,,2.35,,0.4097,2.16,,0.4004,,2.28,0.4125,Polymarket,2.38,2.0,Not Found
6cc5c3b9cfcb1d94bed9f3ca972b3114,basketball_nba,NBA,2026-06-14T00:40:00Z,2026-06-13T23:51:37Z,New York Knicks @ San Antonio Spurs,San Antonio Spurs,1.51,1.49,1.5,1.49,1.5,1.5,1.5,1.54,1.51,1.49,1.47,1.51,1.55,1.56,1.54,1.51,1.56,1.5,1.44,1.49,1.48,1.56,1.53,1.53,1.5,1.5,1.53,1.53,1.44,,,,0.6432,0.6504,0.6481,0.6517,0.6447,0.641,0.641,0.6461,0.6417,0.6504,0.6515,0.6493,0.6414,0.6353,0.6395,0.6424,0.64,0.6481,0.6654,0.6504,0.6492,0.6394,0.6381,0.6388,0.6481,0.6481,0.6423,0.6507,0.6654,,,,2026-06-14,1.42,1.48,0.6735,0.6492,1.51,1.45,0.6459,0.6663,1.49,,0.6504,,1.48,0.6567,Polymarket,1.56,2.0,Not Found
7b707ec719233a67479799d799328087,baseball_milb,MiLB,2026-06-14T00:05:00Z,2026-06-13T23:51:37Z,El Paso Chihuahuas @ Round Rock Express,El Paso Chihuahuas,1.94,,,,,,,,,,,,,,,,,,,,1.85,,2.05,,1.91,,1.88,,,,,,0.483,,,,,,,,,,,,,,,,,,,,0.5,,0.4565,,0.4886,,0.4942,,,,,,2026-06-14,,,,,,,,,,,,,,,,,2.0,Not Found
1f5553e1cb665636e04643c60f2f7057,baseball_kbo,KBO,2026-06-14T08:00:00Z,2026-06-14T10:31:48Z,Doosan Bears @ Kia Tigers,Kia Tigers,16.0,,,7.75,15.0,,13.5,,13.0,14.0,,11.88,,,,,,11.0,,,,,,,16.0,,,,,,,,0.0362,,,0.0695,0.0383,,0.042,,0.0434,0.0455,,0.0567,,,,,,0.0504,,,,,,,,,,,,,,,2026-06-14,,,,,,,,,,,,,,,,,2.0,Not Found
8aad81cff6d92efa90229081dec104a4,soccer_brazil_serie_b,Brazil Série B,2026-06-14T14:00:00Z,2026-06-14T10:31:48Z,Ponte Preta @ Juventude,Juventude,1.54,,,,1.5,1.5,1.5,1.55,1.53,1.56,1.51,1.53,1.55,,,,,1.53,1.5,1.56,1.54,,1.51,1.51,1.48,1.48,,,1.5,1.5,,,0.623,,,,0.6333,0.6388,0.6388,0.6374,0.6323,0.6172,0.6214,0.6388,0.6394,,,,,0.6308,0.6339,0.6172,0.6162,,0.6395,0.6395,0.6473,0.6473,,,0.6339,0.6403,,,2026-06-14,,1.5,,0.6368,,,,,,,,,,,,,3.0,Not Found
1dd9a1633b427527286e2eaaf9d78964,soccer_brazil_serie_b,Brazil Série B,2026-06-14T14:00:00Z,2026-06-14T10:31:48Z,Sport Recife @ São Bernardo,Draw,3.1,,,,,3.05,3.05,3.2,3.15,3.1,2.95,3.12,3.2,,,,,3.2,3.0,3.1,3.05,,3.05,3.05,2.95,3.05,3.04,,3.0,3.04,,,0.2965,,,,,0.3,0.3,0.3073,0.2986,0.2986,0.2975,0.3081,0.3073,,,,,0.2887,0.3046,0.2986,0.2951,,0.3066,0.3066,0.31,0.3066,0.3047,,0.3046,0.3028,,,2026-06-14,2.85,3.05,0.3148,0.2983,,,,,,,,,,,,,3.0,Not Found
7fa829712566c7dbb58ccccad8c71576,soccer_sweden_superettan,Superettan - Sweden,2026-06-14T11:00:00Z,2026-06-14T12:26:54Z,IK Oddevold @ Norrby IF,Draw,4.7,,,,4.5,4.6,4.6,5.4,5.0,4.9,4.8,4.35,5.3,,,,,5.0,4.5,4.8,,,,,5.0,,,,,,,,0.1855,,,,0.1874,0.1834,0.1834,0.1815,0.1776,0.1748,0.1648,0.2056,0.1847,,,,,0.1768,0.1886,0.1752,,,,,0.1776,,,,,,,,2026-06-14,4.5,,0.1857,,,,,,,,,,,,,,3.0,Not Found
5ae466fb9d899470c2d74c5deccc6526,tennis_wta_queens_club_champ,WTA Queen's Club Championships,2026-06-14T12:30:00Z,2026-06-14T12:26:54Z,Emma Raducanu @ Donna Vekic,Donna Vekic,2.2,2.2,2.25,,2.2,2.18,2.18,2.32,2.2,2.2,2.2,2.29,2.32,,,,2.3,2.23,2.2,2.2,2.2,,2.23,2.23,2.25,,2.33,,2.2,,2.2,,0.4297,0.4261,0.4281,,0.4279,0.4282,0.4282,0.4282,0.4297,0.4279,0.4279,0.4242,0.4298,,,,0.4233,0.423,0.4279,0.4279,0.4279,,0.4284,0.4284,0.4228,,0.406,,0.4279,,0.4148,,2026-06-14,2.2,,0.4148,,2.2,2.25,0.4261,0.4264,2.23,,0.4266,,,,,,2.0,Not Found
975bd9f770cacc8e31059da47cc0d3f5,soccer_sweden_superettan,Superettan - Sweden,2026-06-14T13:00:00Z,2026-06-14T12:26:54Z,Östersunds FK @ Ljungskile SK,Östersunds FK,2.8,,,,2.8,2.88,2.88,3.05,2.85,2.88,2.88,2.88,3.05,,,,,3.0,2.75,2.8,2.8,,2.92,2.92,2.8,2.9,2.87,,2.75,2.86,2.75,,0.3339,,,,0.3252,0.3246,0.3246,0.3241,0.329,0.3264,0.3264,0.3309,0.3241,,,,,0.3161,0.3266,0.3285,0.3257,,0.3216,0.3216,0.3273,0.3225,0.3241,,0.3266,0.3235,0.3316,,2026-06-14,2.55,,0.3573,,,2.92,,0.3216,,,,,,,,,3.0,Not Found
5db8a5b07bca4c3b2486bb503bbe96fc,baseball_mlb,MLB,2026-06-14T16:16:00Z,2026-06-14T14:42:52Z,Miami Marlins @ Pittsburgh Pirates,Miami Marlins,2.36,2.3,2.3,2.3,2.35,2.33,2.33,2.42,2.34,2.35,2.35,2.36,2.42,2.44,2.44,2.37,2.41,2.33,2.3,2.35,2.33,2.42,2.35,2.35,2.3,2.34,2.38,,2.3,2.31,2.35,,0.4032,0.4009,0.4049,0.4049,0.4041,0.404,0.404,0.4108,0.405,0.4022,0.4022,0.4142,0.4108,0.4055,0.4055,0.4116,0.4116,0.404,0.4087,0.4022,0.4021,0.409,0.4134,0.4134,0.4144,0.4143,0.4107,,0.4087,0.4059,0.4134,,2026-06-14,2.3,,0.4049,,2.35,2.36,0.4022,0.4107,,,,,2.36,0.4032,Polymarket,2.44,2.0,Not Found
c8fc722f12a68b05f562b59a39184d96,soccer_sweden_superettan,Superettan - Sweden,2026-06-14T15:00:00Z,2026-06-14T14:42:52Z,IK Brage @ Sandvikens IF,IK Brage,3.2,,,,3.0,3.05,3.1,3.3,3.05,3.1,3.1,3.24,3.3,,,,,3.2,2.9,3.05,3.05,,3.15,3.15,3.05,3.2,3.19,,2.9,3.02,2.9,,0.2928,,,,0.2977,0.3038,0.2973,0.3013,0.3078,0.3009,0.3009,0.2919,0.3001,,,,,0.2951,0.3056,0.2994,0.2966,,0.2975,0.2975,0.2979,0.2907,0.2887,,0.3056,0.305,0.3087,,2026-06-14,3.2,,0.2764,,,,,,,,,,,,,,3.0,Not Found
9101a91ea3376123343cd2dec768de5b,soccer_chile_campeonato,Primera División - Chile,2026-06-14T16:30:00Z,2026-06-14T16:13:06Z,Deportes Limache @ Deportes Concepción,Deportes Concepción,2.65,2.35,2.4,,2.55,2.92,2.58,2.66,2.5,2.8,2.8,2.54,,,2.7,,,,2.45,,2.75,,2.48,2.48,,,2.51,,,2.52,2.45,,0.3508,0.38,0.3838,,0.3656,0.3188,0.3648,0.371,0.3799,0.3311,0.3311,0.3806,,,0.3637,,,,0.3679,,0.3342,,0.383,0.383,,,0.3745,,,0.3706,0.3767,,2026-06-14,2.55,,0.3578,,2.35,,0.3837,,,,,,,,,,3.0,Not Found
4d2b32d9bdd8f67c8d10a76487b12397,baseball_mlb,MLB,2026-06-14T18:11:00Z,2026-06-14T17:50:31Z,Los Angeles Dodgers @ Chicago White Sox,Los Angeles Dodgers,1.51,1.48,1.49,1.46,1.5,1.51,1.51,1.54,1.49,1.51,1.5,1.53,1.54,1.52,,1.52,1.55,1.5,1.47,1.51,1.49,1.54,1.52,1.52,1.5,1.52,1.55,1.56,1.5,1.5,,,0.6417,0.6418,0.6433,0.6425,0.6447,0.6366,0.6366,0.6461,0.649,0.641,0.6432,0.643,0.6461,0.6541,,0.6451,0.644,0.641,0.6515,0.641,0.6433,0.6474,0.6458,0.6458,0.6439,0.6424,0.6353,,0.641,0.6403,,,2026-06-14,1.47,,0.6478,,1.49,1.51,0.6469,0.6459,,,,,1.51,0.6432,Polymarket,1.52,2.0,Not Found
58bc0f42a1f22dde97bc7b53e0063d42,baseball_milb,MiLB,2026-06-14T18:05:00Z,2026-06-14T17:50:31Z,Durham Bulls @ Nashville Sounds,Nashville Sounds,1.53,,,,,,,,,,,,,,,,,,,,1.48,,1.56,,1.54,,1.53,,,,,,0.6235,,,,,,,,,,,,,,,,,,,,0.6378,,0.6113,,0.6163,,0.6158,,,,,,2026-06-14,,,,,,,,,,,,,,,,,2.0,Not Found
d4520a61c84f124d70a6e6ae12e21b15,baseball_milb,MiLB,2026-06-14T18:05:00Z,2026-06-14T17:50:31Z,Gwinnett Stripers @ Jacksonville Jumbo Shrimp,Jacksonville Jumbo Shrimp,1.89,,,,,,,,,,,,,,,,,,,,1.83,,1.91,,1.87,,1.86,,,,,,0.5,,,,,,,,,,,,,,,,,,,,0.5073,,0.4886,,0.5,,0.5,,,,,,2026-06-14,,,,,,,,,,,,,,,,,2.0,Not Found
0ff8c6236a0db9cf5998b7c59561e6d9,baseball_mlb,MLB,2026-06-14T17:41:00Z,2026-06-14T19:03:43Z,Arizona Diamondbacks @ Cincinnati Reds,Arizona Diamondbacks,3.0,2.85,3.0,2.9,3.2,3.0,3.0,3.05,2.75,3.2,3.0,2.42,2.62,3.12,3.12,,3.08,2.7,3.0,3.2,3.05,,,,3.0,,,,,,,,0.3043,0.3051,0.3043,0.302,0.2831,0.2963,0.2963,0.3167,0.3322,0.2859,0.2879,0.3902,0.3285,0.3154,0.3154,,0.3127,0.345,0.2907,0.2859,0.288,,,,0.299,,,,,,,,2026-06-14,2.9,,0.302,,,,,,,,,,3.0,0.3095,Polymarket,3.12,2.0,Not Found
0b9c33238f79994bad3620ba35498d00,baseball_mlb,MLB,2026-06-14T19:06:00Z,2026-06-14T19:03:43Z,Colorado Rockies @ Athletics,Athletics,1.51,1.48,1.49,1.47,1.5,1.54,1.54,1.55,1.51,1.51,1.51,1.52,1.55,1.54,1.54,1.52,1.55,1.5,1.5,1.51,1.5,1.54,1.52,1.52,1.49,1.52,1.54,1.54,1.5,1.49,1.53,,0.6432,0.6418,0.6433,0.6401,0.6447,0.6231,0.6231,0.6427,0.641,0.6388,0.6388,0.6478,0.6427,0.6448,0.6448,0.6451,0.644,0.641,0.6373,0.6388,0.6373,0.6461,0.6458,0.6458,0.649,0.6424,0.6395,0.6395,0.641,0.6447,0.6416,,2026-06-14,1.5,,0.6373,,1.49,1.5,0.6433,0.6515,,,,,1.51,0.6432,Polymarket,1.54,2.0,Not Found
e01ddf288b1650dd20189afa7fc97530,baseball_ncaa,NCAA Baseball,2026-06-14T18:07:58Z,2026-06-14T19:03:43Z,Troy Trojans @ Ole Miss Rebels,Troy Trojans,5.9,,,,5.75,,,,6.0,,,,,,1.15,,2.65,,,,5.25,,,,5.5,,,,,,,,0.1383,,,,0.1324,,,,0.1369,,,,,,0.8648,,,,,,0.1488,,,,0.1445,,,,,,,,2026-06-14,,,,,,,,,,,,,4.65,0.1838,,,2.0,Not Found
5897c10243991bbaa778e7400c18975e,baseball_milb,MiLB,2026-06-14T20:05:00Z,2026-06-14T19:03:43Z,Salt Lake Bees @ Reno Aces,Reno Aces,2.0,,,,,,,,,,,,,,,,,,,,2.0,,2.0,,2.0,,1.96,,,,,,0.4691,,,,,,,,,,,,,,,,,,,,0.4643,,0.4675,,0.4675,,0.4726,,,,,,2026-06-14,,,,,,,,,,,,,,,,,2.0,Not Found
c789c21a240b108461c065a6f2dc3436,baseball_mlb,MLB,2026-06-14T18:11:00Z,2026-06-14T20:39:09Z,St. Louis Cardinals @ Minnesota Twins,St. Louis Cardinals,2.16,2.1,2.0,2.1,1.98,2.25,2.0,1.01,2.09,2.28,2.2,1.15,2.08,2.13,2.22,2.12,2.22,2.25,2.0,2.28,2.23,2.16,,,2.1,,,,,,,,0.4339,0.4256,0.4691,0.4351,0.4793,0.4078,0.4626,,0.4468,0.4125,0.4088,0.8455,0.4547,0.4554,0.4395,0.4468,0.4294,0.4192,0.4559,0.4125,0.4137,0.4552,,,0.4422,,,,,,,,2026-06-14,2.0,,0.4559,,,,,,,,,,1.95,0.4786,Polymarket,2.13,2.0,Not Found
1a748b749c315316c21d620c9b360aef,soccer_chile_campeonato,Primera División - Chile,2026-06-14T21:30:00Z,2026-06-14T21:57:11Z,Universidad de Concepción @ Universidad Católica (CHI),Draw,9.0,7.5,8.0,,6.75,3.95,3.9,7.6,8.5,7.0,6.5,4.11,7.8,,8.33,,,9.0,6.5,,,,,,6.75,,,,,,,,0.0888,0.1095,0.0957,,0.1154,0.2306,0.2249,0.1228,0.0956,0.1128,0.1106,0.2211,0.123,,0.1175,,,0.0991,0.1239,,,,,,0.1212,,,,,,,,2026-06-14,8.0,,0.0889,,,,,,,,,,,,,,3.0,Not Found
805b82eeb23cbc2df1cdaa3e399bad94,soccer_brazil_serie_b,Brazil Série B,2026-06-14T22:00:00Z,2026-06-14T21:57:11Z,Nautico PE @ Grêmio Novorizontino,Draw,3.2,,,,,3.1,3.15,3.4,3.25,3.25,3.1,3.31,3.4,,,,,3.3,3.1,3.25,3.15,,3.15,3.15,3.15,3.15,,,3.1,3.16,,,0.2838,,,,,0.2942,0.2908,0.2909,0.2896,0.2831,0.2824,0.2885,0.2894,,,,,0.2799,0.2928,0.2831,0.2837,,0.2954,0.2954,0.2886,0.2954,,,0.2905,0.2898,,,2026-06-14,,3.1,,0.2913,,,,,,,,,,,,,3.0,Not Found
9811f3f9499fd9a539dbac45e277e562,boxing_boxing,Boxing,2026-06-14T23:00:00Z,2026-06-14T21:57:11Z,Abraham R Perez @ Jonathan Gonzalez,Jonathan Gonzalez,1.65,,,,,,,1.94,,,,1.81,,,,,,,1.85,,,,1.77,1.77,,,,,,,,,0.5715,,,,,,,,,,,0.5311,,,,,,,0.5264,,,,0.5325,0.5325,,,,,,,,,2026-06-14,,,,,,,,,,,,,,,,,2.0,Not Found
8c9aed685930c12c2f7f87c4e073f735,baseball_ncaa,NCAA Baseball,2026-06-14T23:12:50Z,2026-06-14T23:21:47Z,West Virginia Mountaineers @ North Carolina Tar Heels,West Virginia Mountaineers,2.62,,,,2.5,,,,2.54,,,,,,1.64,,,,,,2.55,,1.98,1.98,2.55,2.1,,,,,,,0.3507,,,,0.3622,,,,0.3635,,,,,,0.6096,,,,,,0.3489,,0.4716,0.4716,0.3513,0.4457,,,,,,,2026-06-14,,,,,,,,,,,,,2.3,0.4049,,,2.0,Not Found
07155d0eebfbf4d9ebfec5a6d2f87682,cricket_international_t20,International Twenty20,2026-06-15T00:29:00Z,2026-06-15T01:44:06Z,Sri Lanka @ West Indies,Sri Lanka,2.9,,,,,4.0,2.8,3.15,3.8,3.75,3.55,,4.7,,,,,,,,,,,,,,,,2.9,,,,0.3075,,,,,0.2083,0.3109,0.3139,0.2348,0.2365,0.2343,,0.2096,,,,,,,,,,,,,,,,0.3153,,,,2026-06-15,,,,,,,,,,,,,,,,,2.0,Not Found
20d0d02349fe04d63631b1e3f1879fa3,mma_mixed_martial_arts,MMA,2026-06-15T03:00:00Z,2026-06-15T01:44:06Z,Aiemann Zahabi @ Sean O'Malley,Aiemann Zahabi,4.4,3.5,,4.35,,4.3,4.15,4.5,4.4,4.5,4.5,4.48,4.5,,4.35,,4.55,4.25,4.5,4.5,4.5,4.45,4.5,,4.25,,4.22,4.9,,4.2,,,0.2071,0.2429,,0.2051,,0.2098,0.2205,0.2174,0.2071,0.1979,0.1979,0.2084,0.2174,,0.2243,,0.2162,0.2144,0.1944,0.1979,0.1979,0.2155,0.2013,,0.2144,,0.212,,,0.2058,,,2026-06-15,,,,,4.35,3.8,0.2051,0.2251,4.5,,0.1979,,,,,,2.0,Not Found
ea38548dda786218d2324de469e79f2b,soccer_sweden_superettan,Superettan - Sweden,2026-06-15T17:00:00Z,2026-06-15T01:44:06Z,Östers IF @ GIF Sundsvall,GIF Sundsvall,3.3,,,,3.2,3.3,3.3,3.45,3.35,3.5,3.5,3.4,3.45,,,,,3.5,3.1,3.4,3.4,,3.3,3.4,3.25,3.4,3.35,,3.1,3.34,3.2,,0.284,,,,0.281,0.2771,0.2771,0.2825,0.277,0.2625,0.2625,0.2757,0.2837,,,,,0.2691,0.2848,0.2618,0.2602,,0.2801,0.2726,0.2764,0.2726,0.2746,,0.2848,0.2736,0.2749,,2026-06-15,3.3,,0.2664,,,,,,,,,,,,,,3.0,Not Found
e955e6ef5b6de115b8a75152aa437afc,tennis_atp_halle_open,ATP Halle Open,2026-06-15T09:30:00Z,2026-06-15T07:02:11Z,Learner Tien @ Max Schoenhaus,Learner Tien,1.17,1.19,1.2,1.2,1.2,1.19,,1.2,1.2,1.23,1.23,1.21,1.2,,,1.22,1.23,,1.2,1.23,1.23,,1.21,1.21,1.2,1.2,1.22,,1.2,,1.18,,0.8293,0.8138,0.8146,0.8146,0.8012,0.8115,,0.8274,0.8107,0.7875,0.7875,0.8126,0.8274,,,0.7952,0.8055,,0.8056,0.7875,0.7875,,0.8068,0.8068,0.8114,0.8056,0.7967,,0.8056,,0.8074,,2026-06-15,,,,,,1.2,,0.808,1.23,,0.7846,,,,,,2.0,Not Found
b43475aa87b272827ad821fac3cbbd5d,tennis_wta_german_open,WTA German Open,2026-06-15T10:00:00Z,2026-06-15T07:02:11Z,Shuai Zhang @ Magdalena Frech,Shuai Zhang,1.96,,,,,1.92,,2.06,,,,2.01,,,,2.04,1.98,,1.91,,,,1.96,1.96,2.0,,,,1.91,,,,0.4819,,,,,0.4811,,0.4823,,,,0.4785,,,,0.4748,0.488,,0.484,,,,0.4863,0.4863,0.4768,,,,0.484,,,,2026-06-15,,,,,,,,,,,,,,,,,2.0,Not Found
f9320f5853be6ec89a3bb79d57bd4cbb,tennis_atp_queens_club_champ,ATP Queen's Club Championships,2026-06-15T10:35:00Z,2026-06-15T07:02:11Z,Harry Wendelken @ Botic van de Zandschulp,Botic van de Zandschulp,1.4,1.44,1.46,1.45,1.43,1.43,,1.48,1.43,1.42,1.42,1.46,1.49,,,1.38,1.46,,1.44,1.42,1.42,,1.43,1.43,1.44,1.44,1.43,,1.44,,,,0.6798,0.6654,0.667,0.6694,0.6711,0.6678,,0.6689,0.6742,0.6767,0.6767,0.6682,0.6667,,,0.685,0.6706,,0.6654,0.6767,0.6767,,0.676,0.676,0.6718,0.6718,0.673,,0.6654,,,,2026-06-15,,,,,,,,,1.42,,0.6767,,,,,,2.0,Not Found
ab55f89190f9b59dd5d495873a63c4b0,tennis_atp_halle_open,ATP Halle Open,2026-06-15T10:40:00Z,2026-06-15T07:02:11Z,Daniel Altmaier @ Nikoloz Basilashvili,Nikoloz Basilashvili,1.61,1.66,1.68,1.65,1.62,1.65,,1.67,1.67,1.64,1.64,1.66,1.68,,,1.71,1.64,1.68,1.67,1.64,1.64,,1.66,1.66,1.67,1.67,1.68,,1.67,,1.6,,0.5969,0.5739,0.5754,0.5856,0.5864,0.5758,,0.5945,0.5752,0.5827,0.5827,0.5848,0.5927,,,0.5588,0.5965,0.5703,0.5721,0.5827,0.5827,,0.5848,0.5848,0.5772,0.5721,0.5724,,0.5721,,0.5852,,2026-06-15,1.65,,0.5649,,1.67,1.67,0.5721,0.582,1.64,,0.5827,,,,,,2.0,Not Found
4575c7d38f66dbe713d74ac9a486e02a,tennis_atp_halle_open,ATP Halle Open,2026-06-15T14:00:00Z,2026-06-15T13:24:12Z,Frances Tiafoe @ Flavio Cobolli,Frances Tiafoe,1.65,1.72,1.74,1.69,1.77,1.71,1.71,1.76,1.71,1.68,1.68,1.71,1.76,,,1.75,1.69,1.71,1.73,1.68,1.68,,1.7,1.7,1.71,1.67,1.71,,1.73,1.7,1.65,,0.5818,0.5526,0.5548,0.5716,0.5325,0.5543,0.5543,0.5648,0.5598,0.5672,0.5672,0.5702,0.5648,,,0.5476,0.5756,0.5598,0.5509,0.5672,0.5672,,0.5689,0.5689,0.5598,0.5721,0.5609,,0.5509,0.5616,0.5649,,2026-06-15,1.7,,0.5502,,1.75,1.71,0.5532,0.5543,1.68,,0.5672,,,,,,2.0,Not Found
a1b09ee3fd5d73bb62d8f1c85a0d5185,tennis_wta_german_open,WTA German Open,2026-06-15T15:30:00Z,2026-06-15T13:24:12Z,Liudmila Samsonova @ Elise Mertens,Elise Mertens,1.49,1.5,1.52,1.53,1.53,1.5,1.5,1.59,1.52,1.51,1.51,1.56,1.59,,,1.42,1.54,1.5,1.5,1.51,1.51,,1.53,1.53,1.51,1.48,1.51,,1.5,1.5,1.5,,0.6462,0.6373,0.6403,0.6307,0.6227,0.6373,0.6373,0.6265,0.6329,0.635,0.635,0.6275,0.6265,,,0.6662,0.636,0.641,0.641,0.635,0.635,,0.636,0.636,0.6388,0.6527,0.6366,,0.641,0.6395,0.625,,2026-06-15,1.45,,0.6487,,1.49,1.51,0.6395,0.6424,1.49,,0.6315,,,,,,2.0,Not Found
4ea80b1127888523d24df026ec79c904,tennis_wta_german_open,WTA German Open,2026-06-15T15:30:00Z,2026-06-15T13:24:12Z,Lin Zhu @ Katerina Siniakova,Katerina Siniakova,1.33,,,,,1.33,1.33,1.34,,,,1.34,,,,1.4,,,1.36,,,,,,,,,,1.36,1.31,,,0.7244,,,,,0.712,0.712,0.7303,,,,0.7261,,,,0.6888,,,0.7064,,,,,,,,,,0.7064,0.7193,,,2026-06-15,,,,,,,,,,,,,,,,,2.0,Not Found
5772b27f13a1b7e3b7d1b3debb8e1955,baseball_ncaa,NCAA Baseball,2026-06-15T18:10:00Z,2026-06-15T18:06:58Z,Alabama Crimson Tide @ Texas Longhorns,Texas Longhorns,1.36,,,,1.33,,,,1.34,,,,,,3.12,,1.2,,,,1.36,,1.37,1.37,1.36,1.37,1.39,,,,,,0.7064,,,,0.7221,,,,0.7169,,,,,,0.3106,,,,,,0.6982,,0.6983,0.6983,0.7037,0.6955,0.6974,,,,,,2026-06-15,,,,,,,,,,,,,1.38,0.6934,,,2.0,Not Found
fa294eb768832d8c8870b2c0559291c1,baseball_mlb,MLB,2026-06-15T22:46:00Z,2026-06-15T23:13:03Z,Kansas City Royals @ Washington Nationals,Kansas City Royals,2.32,2.2,2.3,2.25,2.35,2.25,2.25,2.46,2.33,2.4,2.3,2.19,2.2,2.5,2.5,2.36,2.44,2.35,2.25,2.45,2.38,2.48,,,2.35,,,,2.1,,,,0.4011,0.4026,0.4049,0.4038,0.3983,0.4078,0.4078,0.3984,0.3961,0.3878,0.3906,0.4325,0.4108,0.3951,0.3951,0.3994,0.4073,0.4003,0.4038,0.3815,0.3833,0.3986,,,0.3943,,,,0.4491,,,,2026-06-15,2.4,,0.375,,,,,,,,,,2.25,0.4192,Polymarket,2.5,2.0,Not Found
64b91c5f2db61c7358a4f05459e83c52,soccer_fifa_world_cup,FIFA World Cup,2026-06-15T22:03:00Z,2026-06-15T23:13:03Z,Uruguay @ Saudi Arabia,Saudi Arabia,2.1,2.05,2.4,2.2,2.15,2.12,2.12,2.4,2.2,2.16,2.04,2.29,2.4,,2.44,,,2.2,2.15,2.16,2.16,,,,2.2,,,,,,,,0.4565,0.4402,0.3803,0.4274,0.443,0.4477,0.4477,0.4149,0.4318,0.4396,0.4453,0.4196,0.4128,,0.4033,,,0.444,0.4299,0.4396,0.4395,,,,0.4305,,,,,,,,2026-06-15,2.1,,0.4471,,,,,,2.16,,0.4395,,2.1,0.4378,,,3.0,Not Found
f9cb84e989be2609a1b3102904ac943a,soccer_brazil_serie_b,Brazil Série B,2026-06-16T00:00:00Z,2026-06-15T23:13:03Z,Ceará @ Criciuma,Draw,3.2,,,,,3.1,3.1,3.35,3.2,3.15,3.0,3.21,3.35,,,,,,3.0,3.15,3.05,,3.15,3.15,3.05,3.15,3.12,,3.0,3.12,,,0.2874,,,,,0.2945,0.2945,0.2937,0.2932,0.2916,0.2915,0.2976,0.293,,,,,,0.3013,0.2916,0.2926,,0.2956,0.2956,0.298,0.2956,0.2959,,0.3013,0.2941,,,2026-06-16,3.2,3.05,0.2771,0.297,,,,,,,,,,,,,3.0,Not Found
ef890098ab6d1e8942fa9165ed700cfc,basketball_wnba,WNBA,2026-06-16T02:10:00Z,2026-06-16T01:48:22Z,Los Angeles Sparks @ Golden State Valkyries,Golden State Valkyries,1.45,,,,1.44,1.42,1.42,1.54,1.46,1.49,1.49,1.51,,1.52,1.52,1.45,1.54,,1.44,1.49,1.49,,1.48,1.48,1.51,1.48,,,,,,,0.6637,,,,0.6718,0.6669,0.6669,0.6474,0.6639,0.6469,0.6469,0.6432,,0.6541,0.6491,0.6663,0.6492,,0.6654,0.6469,0.6455,,0.6593,0.6593,0.6424,0.656,,,,,,,2026-06-16,,,,,,1.45,,0.6663,1.4,,0.6531,,1.44,0.6712,Polymarket,1.52,2.0,Not Found
ec51b9c44ad5e34552f3ab53f7262813,soccer_fifa_world_cup,FIFA World Cup,2026-06-16T01:03:00Z,2026-06-16T01:48:22Z,New Zealand @ Iran,Iran,2.15,2.15,2.2,2.13,2.2,2.25,2.25,2.26,2.2,2.2,2.05,2.24,2.3,,2.38,,,2.35,2.15,2.18,2.2,,,,2.2,,,,,,,,0.4436,0.4185,0.4202,0.4295,0.4312,0.4219,0.4219,0.4401,0.4354,0.4312,0.4445,0.4291,0.4301,,0.4136,,,0.416,0.4273,0.4363,0.4312,,,,0.4376,,,,,,,,2026-06-16,2.2,,0.4252,,,,,,2.2,,0.4312,,2.0,0.4575,,,3.0,Not Found
33e9b3913b0b52167892844669a89e2b,baseball_npb,NPB,2026-06-16T09:00:00Z,2026-06-16T01:48:22Z,Hokkaido Nippon-Ham Fighters @ Hiroshima Toyo Carp,Hokkaido Nippon-Ham Fighters,1.52,,,1.47,1.54,1.55,1.55,,1.53,1.5,1.5,1.54,,,,,,1.53,1.5,,1.5,,1.57,1.57,1.5,1.54,1.57,,1.53,,1.45,,0.6336,,,0.6301,0.6163,0.6226,0.6226,,0.6307,0.6333,0.6333,0.6331,,,,,,0.6284,0.6333,,0.6333,,0.6208,0.6208,0.6333,0.6286,0.6201,,0.633,,0.6487,,2026-06-16,,,,,1.47,,0.6318,,1.5,,0.6333,,1.52,0.6289,,,2.0,Not Found
54ef7746e9eaecaad0f9b1c9516930b0,tennis_atp_halle_open,ATP Halle Open,2026-06-16T09:30:00Z,2026-06-16T01:48:22Z,Alexander Bublik @ Mattia Bellucci,Alexander Bublik,1.38,1.39,1.41,1.38,1.4,1.38,1.38,1.42,1.41,1.35,1.35,1.41,1.42,,,1.32,1.42,1.4,1.36,1.35,1.35,,1.38,1.38,1.4,1.4,1.38,,1.36,1.37,1.36,,0.6984,0.693,0.6907,0.6928,0.6847,0.6928,0.6928,0.7006,0.6863,0.7141,0.7141,0.6917,0.7006,,,0.7206,0.6934,0.6905,0.7064,0.7141,0.7141,,0.7031,0.7031,0.6905,0.6905,0.701,,0.7064,0.7026,0.6952,,2026-06-16,1.35,,0.7009,,1.38,1.39,0.6928,0.6958,1.35,,0.7116,,,,,,2.0,Not Found
4b1533627fe6b7e3a018cf85040efe3b,tennis_wta_german_open,WTA German Open,2026-06-16T09:00:00Z,2026-06-16T07:09:57Z,Eva Lys @ Magdalena Frech,Eva Lys,2.16,2.1,2.15,2.13,2.1,2.11,2.11,2.2,2.13,2.14,2.14,2.14,2.2,,,2.01,2.16,2.12,,2.14,2.14,,2.19,2.19,2.1,2.0,2.11,,2.1,2.11,2.0,,0.4391,0.4474,0.4452,0.4474,0.4457,0.4446,0.4446,0.4495,0.444,0.4412,0.4412,0.4527,0.451,,,0.4725,0.4474,0.4468,,0.4412,0.4412,,0.4359,0.4359,0.4556,0.4675,0.4463,,0.4491,0.4463,0.4559,,2026-06-16,2.15,,0.4239,,2.15,2.1,0.4419,0.4556,2.07,,0.4421,,,,,,2.0,Not Found
ef5bc8aec5d3cb07a6dbd54f3805ebb3,tennis_atp_halle_open,ATP Halle Open,2026-06-16T09:30:00Z,2026-06-16T07:09:57Z,Raphael Collignon @ Alexei Popyrin,Alexei Popyrin,2.4,2.35,2.45,2.45,2.4,2.37,2.37,2.6,2.43,2.43,2.43,2.49,2.6,,,2.41,2.48,2.4,2.38,2.43,2.43,,2.44,2.44,2.45,2.5,2.44,,2.38,2.42,2.35,,0.3919,0.3923,0.3916,0.3773,0.3878,0.3925,0.3925,0.3817,0.3873,0.3852,0.3852,0.3883,0.3817,,,0.4026,0.3871,0.3919,0.3916,0.3852,0.3852,,0.3905,0.3905,0.3856,0.3795,0.3864,,0.3916,0.3861,0.386,,2026-06-16,2.35,,0.3838,,2.35,2.4,0.3943,0.3939,2.43,,0.3852,,,,,,2.0,Not Found
9301bb462af3a251a1f3685baea1ee8a,tennis_atp_halle_open,ATP Halle Open,2026-06-16T09:30:00Z,2026-06-16T07:09:57Z,Ethan Quinn @ Karen Khachanov,Karen Khachanov,1.4,1.41,1.43,1.38,1.4,1.4,1.4,1.45,1.41,1.41,1.41,1.44,1.45,,,1.37,1.43,1.41,1.4,1.41,1.41,,1.42,1.42,1.42,1.4,1.42,,1.4,1.41,1.4,,0.6894,0.6822,0.683,0.694,0.6847,0.6847,0.6847,0.6861,0.6851,0.6822,0.6822,0.6794,0.6861,,,0.692,0.6899,0.684,0.6847,0.6822,0.6822,,0.6815,0.6815,0.6826,0.6905,0.6803,,0.6847,0.6816,0.6753,,2026-06-16,1.35,,0.7009,,1.4,1.42,0.6847,0.6854,1.41,,0.681,,,,,,2.0,Not Found
c18bbe3194ed5887a698a9e94fd3b0be,tennis_atp_halle_open,ATP Halle Open,2026-06-16T11:01:00Z,2026-06-16T12:22:54Z,Sho Shimabukuro @ Tallon Griekspoor,Sho Shimabukuro,1.62,1.78,1.78,1.27,1.85,1.85,1.8,2.02,1.96,2.12,1.92,1.72,2.12,,,,2.04,1.75,1.8,2.12,1.97,,,,1.69,,,,,,,,0.5913,0.5092,0.5205,0.7422,0.5085,0.5071,0.5214,0.4924,0.4804,0.4417,0.4714,0.5624,0.4596,,,,0.4266,0.5418,0.516,0.4417,0.476,,,,0.5686,,,,,,,,2026-06-16,1.75,,0.5293,,,,,,1.85,,0.4813,,,,,,2.0,Not Found
c3057051daa976bb89578f1c11157206,tennis_atp_queens_club_champ,ATP Queen's Club Championships,2026-06-16T12:30:00Z,2026-06-16T12:22:54Z,Toby Samuel @ Arthur Fery,Toby Samuel,4.5,4.7,5.0,4.25,5.5,4.9,5.0,4.9,5.72,5.6,5.3,3.11,6.0,,,,4.76,5.25,,5.6,5.6,,2.22,2.22,5.0,,,,2.2,,2.0,,0.1838,0.16,0.1536,0.1903,0.1484,0.1673,0.1652,0.202,0.1526,0.1468,0.1398,0.3062,0.156,,,,0.1664,0.1642,,0.1468,0.1468,,0.4311,0.4311,0.1763,,,,0.4279,,0.4559,,2026-06-16,5.2,,0.1497,,,,,,5.1,,0.1351,,,,,,2.0,Not Found
2791bdfb47ed6ab784ea5bbc8f2a6473,tennis_atp_queens_club_champ,ATP Queen's Club Championships,2026-06-16T15:20:00Z,2026-06-16T17:29:15Z,Alejandro Davidovich Fokina @ Cameron Norrie,Cameron Norrie,1.87,1.86,1.92,1.72,2.2,1.95,1.95,1.62,1.95,2.12,2.05,2.11,2.0,,,,1.96,1.95,,2.1,2.12,,,,1.83,,,,,,,,0.4942,0.4815,0.4826,0.5343,0.4186,0.4786,0.4786,0.6148,0.4832,0.4417,0.439,0.4561,0.4896,,,,0.4877,0.4933,,0.4457,0.4417,,,,0.5232,,,,,,,,2026-06-16,1.8,,0.5146,,,,,,2.0,,0.4394,,,,,,2.0,Not Found
8bb8c343d937177a1a50d736932e53a3,soccer_sweden_superettan,Superettan - Sweden,2026-06-16T17:00:00Z,2026-06-16T17:29:15Z,Helsingborgs IF @ IFK Värnamo,IFK Värnamo,2.4,,,,2.35,2.45,2.45,2.6,2.5,2.2,2.12,2.39,2.66,,,,,2.5,2.4,2.2,,,,,2.5,,,,,,,,0.394,,,,0.383,0.3755,0.3755,0.3746,0.3778,0.4204,0.4246,0.3936,0.3706,,,,,0.3778,0.375,0.4204,,,,,0.3814,,,,,,,,2026-06-16,2.4,,0.3801,,,,,,,,,,,,,,3.0,Not Found
782f36e06ab187de6c007ed0dfd24d97,baseball_ncaa,NCAA Baseball,2026-06-16T18:00:00Z,2026-06-16T17:29:15Z,West Virginia Mountaineers @ Troy Trojans,Troy Trojans,2.64,,,,2.7,,,,2.75,,,2.54,,,1.61,,2.58,,,,2.7,,2.42,2.42,2.7,2.48,2.54,,,,,,0.3493,,,,0.3404,,,,0.3322,,,0.3679,,,0.6152,,0.3733,,,,0.3306,,0.384,0.384,0.3355,0.3727,0.3701,,,,,,2026-06-16,,,,,,,,,,,,,2.62,0.353,,,2.0,Not Found
73a4fcd14cc9766b9b9bfd50b8ca153a,soccer_fifa_world_cup,FIFA World Cup,2026-06-16T19:00:00Z,2026-06-16T17:29:15Z,Senegal @ France,Draw,4.5,4.75,4.75,4.75,4.5,4.7,4.7,4.8,4.6,4.6,4.4,4.65,4.7,,4.55,4.34,,4.6,4.0,4.6,4.4,,4.73,4.73,4.55,4.5,4.64,,4.2,,4.5,,0.204,0.1962,0.1962,0.204,0.2029,0.2021,0.2021,0.2068,0.2039,0.2101,0.2073,0.2079,0.2098,,0.2095,0.213,,0.2101,0.2172,0.2101,0.2073,,0.2011,0.2011,0.2008,0.2072,0.2096,,0.2093,,0.204,,2026-06-16,4.6,4.5,0.1991,0.2042,4.75,4.5,0.204,0.2072,4.6,,0.2101,,4.5,0.2018,,,3.0,Not Found
4d4f2b9b78182b557d4fbf8dcf4f4af2,soccer_fifa_world_cup,FIFA World Cup,2026-06-16T22:00:00Z,2026-06-16T17:29:15Z,Norway @ Iraq,Iraq,14.0,12.0,12.0,14.0,12.5,15.5,15.5,16.0,14.0,15.0,14.0,14.5,15.5,,14.29,12.92,,14.0,13.0,15.0,14.0,,14.5,14.5,12.0,14.0,15.5,,13.0,,13.0,,0.0472,0.0651,0.0674,0.064,0.0618,0.0511,0.0511,0.0611,0.0564,0.0569,0.0538,0.0623,0.0625,,0.0623,0.0544,,0.0645,0.0513,0.0569,0.0538,,0.0595,0.0595,0.064,0.0572,0.0582,,0.0513,,0.0575,,2026-06-16,15.0,13.0,0.0477,0.0586,14.0,14.5,0.064,0.0595,14.0,,0.0601,,12.75,0.0595,,,3.0,Not Found
2f132ae5243a2b3c40e90efaf01bfa7c,baseball_milb,MiLB,2026-06-16T22:35:00Z,2026-06-16T20:26:51Z,Louisville Bats @ Gwinnett Stripers,Louisville Bats,2.0,,,,,,,,,,,,,,,,,,,,1.96,,2.0,,1.95,,1.95,,,,,,0.4691,,,,,,,,,,,,,,,,,,,,0.471,,0.4675,,0.4786,,0.4739,,,,,,2026-06-16,,,,,,,,,,,,,,,,,2.0,Not Found
178ad6f5e07c35eef67b4cff64ff1934,baseball_mlb,MLB,2026-06-16T22:46:00Z,2026-06-17T00:00:39Z,Kansas City Royals @ Washington Nationals,Kansas City Royals,3.55,3.35,3.6,3.0,3.5,3.47,3.47,3.5,3.32,3.9,3.6,3.4,,3.7,3.7,,3.64,3.55,3.5,3.9,3.65,3.25,,,3.25,,,,,,,,0.2532,0.2617,0.2513,0.2963,0.2612,0.2504,0.2504,0.2725,0.2689,0.2282,0.2324,0.2739,,0.2648,0.2648,,0.2642,0.2562,0.2429,0.2282,0.2338,0.2807,,,0.2751,,,,,,,,2026-06-16,3.7,,0.2253,,,,,,,,,,3.1,0.2909,Polymarket,3.7,2.0,Not Found
4437949903758512e22e061e7d49dc48,baseball_mlb,MLB,2026-06-16T23:16:00Z,2026-06-17T00:00:39Z,San Francisco Giants @ Atlanta Braves,Atlanta Braves,1.72,1.72,1.8,1.95,1.74,1.71,1.71,1.83,1.67,1.75,1.7,1.83,,1.89,1.89,1.73,1.87,1.8,1.67,1.75,1.71,1.84,,,1.77,,,,,,,,0.5503,0.5303,0.5278,0.4786,0.5435,0.5473,0.5473,0.5328,0.5668,0.5442,0.5441,0.5281,,0.5242,0.5242,0.5532,0.5247,0.5278,0.5555,0.5442,0.5449,0.5302,,,0.5325,,,,,,,,2026-06-16,1.7,,0.5441,,,,,,,,,,1.9,0.5,Polymarket,1.89,2.0,Not Found
4927a066b653769b73b032be6708acee,soccer_brazil_serie_b,Brazil Série B,2026-06-16T23:00:00Z,2026-06-17T00:00:39Z,América Mineiro @ Fortaleza,Fortaleza,9.0,,,,8.0,8.6,8.6,10.0,10.0,9.0,8.0,9.5,10.0,,,,,9.0,7.5,8.0,,,,,8.25,,,,,,,,0.0873,,,,0.0881,0.0817,0.0817,0.0975,0.0769,0.0877,0.0805,0.0844,0.0975,,,,,0.0823,0.1014,0.0805,,,,,0.0926,,,,,,,,2026-06-16,7.0,,0.1107,,,,,,,,,,,,,,3.0,Not Found
b17eafc35f9e1a8e94df19d97c888e23,baseball_kbo,KBO,2026-06-17T09:30:00Z,2026-06-17T10:00:14Z,Lotte Giants @ SSG Landers,SSG Landers,1.57,,,1.55,1.53,,1.68,,1.62,1.6,,1.72,,,,,,1.53,,,1.56,,,,1.57,,,,1.85,,,,0.6066,,,0.5845,0.614,,0.5618,,0.5814,0.5821,,0.5468,,,,,,0.614,,,0.5847,,,,0.6011,,,,0.5,,,,2026-06-17,1.65,,0.5649,,,,,,,,,,1.6,0.5903,,,2.0,Not Found
15dc1ca669201bb1f82518818664c007,soccer_finland_veikkausliiga,Veikkausliiga - Finland,2026-06-17T15:00:00Z,2026-06-17T13:52:47Z,Jaro @ Ilves Tampere,Jaro,4.7,,,,4.75,4.95,4.95,5.2,4.8,4.6,4.5,4.92,5.2,,,4.8,,5.4,4.6,4.6,4.5,,,4.6,4.7,4.65,4.78,,4.6,4.85,4.5,,0.1881,,,,0.1883,0.1794,0.1794,0.1902,0.1908,0.1894,0.1903,0.191,0.1891,,,0.1822,,0.1714,0.1858,0.1894,0.1903,,,0.1974,0.1906,0.1934,0.187,,0.187,0.1825,0.1877,,2026-06-17,4.8,,0.1784,,4.5,4.6,0.1823,0.1974,4.35,,0.184,,,,,,3.0,Not Found
bab3782d628eabfc050d79656a55fa50,baseball_mlb,MLB,2026-06-17T17:06:00Z,2026-06-17T16:51:40Z,Kansas City Royals @ Washington Nationals,Washington Nationals,1.79,1.72,1.74,1.71,1.74,1.76,1.76,1.83,1.76,1.71,1.71,1.81,1.83,1.82,1.79,1.79,1.82,1.75,1.73,1.71,1.7,1.83,1.79,1.79,1.76,1.8,1.8,1.83,1.73,1.74,1.79,,0.5389,0.5468,0.5435,0.5449,0.5493,0.5425,0.5425,0.5417,0.5449,0.563,0.562,0.5426,0.5439,0.5443,0.5541,0.5478,0.5475,0.5476,0.5509,0.563,0.5626,,0.5457,0.5457,0.546,0.5441,0.5463,0.546,0.5509,0.5481,0.5478,,2026-06-17,1.7,,0.556,,1.74,1.78,0.5435,0.5494,,,,,1.76,0.5471,Polymarket,1.82,2.0,Not Found
c8afc0ecd9f70b910f3f7ffbf71274e4,baseball_mlb,MLB,2026-06-17T18:16:00Z,2026-06-17T19:16:29Z,San Diego Padres @ St. Louis Cardinals,St. Louis Cardinals,2.82,2.8,2.95,2.45,2.4,2.42,2.81,2.74,2.69,2.8,2.85,2.27,2.82,3.23,3.33,2.82,3.28,2.95,2.7,2.8,2.7,3.05,,,2.5,,,,,,,,0.3252,0.3136,0.3123,0.3707,0.3878,0.3755,0.3182,0.3557,0.3387,0.3289,0.3051,0.4209,0.3014,0.3051,0.2955,0.3301,0.2953,0.3123,0.328,0.3289,0.3306,0.3093,,,0.3667,,,,,,,,2026-06-17,2.9,,0.302,,,,,,,,,,2.85,0.3183,Polymarket,3.23,2.0,Not Found
32fdd77ffeb6f55a05505c6e91b080b4,soccer_finland_veikkausliiga,Veikkausliiga - Finland,2026-06-17T18:00:00Z,2026-06-17T19:16:29Z,VPS Vaasa @ SJK Seinäjoki,VPS Vaasa,10.0,,,,9.25,9.6,9.6,11.0,10.0,9.0,8.5,10.17,11.5,,,,,11.0,8.5,9.0,,,,,10.0,,,,,,,,0.0775,,,,0.0721,0.0699,0.0699,0.0843,0.0786,0.078,0.0728,0.0787,0.0817,,,,,0.0789,0.0848,0.078,,,,,0.0786,,,,,,,,2026-06-17,8.5,,0.0815,,,,,,8.5,,,,,,,,3.0,Not Found
a75cee44d2cbdcedb356612df99cd692,baseball_mlb,MLB,2026-06-17T19:11:00Z,2026-06-17T21:24:59Z,Tampa Bay Rays @ Los Angeles Dodgers,Tampa Bay Rays,5.3,4.7,5.1,4.7,5.25,4.84,4.84,5.3,5.06,5.1,4.6,4.72,4.7,5.56,5.88,5.29,5.26,5.1,4.75,5.25,4.9,5.3,,,5.0,,,,,,,,0.1596,0.179,0.167,0.1716,0.1642,0.1685,0.1685,0.1742,0.164,0.167,0.1701,0.1893,0.1753,0.1733,0.1649,0.1635,0.1749,0.167,0.1667,0.1642,0.1673,0.1633,,,0.1652,,,,,,,,2026-06-17,5.2,,0.1497,,,,,,,,,,5.0,0.169,Polymarket,5.56,2.0,Not Found
1b3b5ac473b471165355ca855853dbb2,baseball_mlb,MLB,2026-06-17T22:46:00Z,2026-06-17T21:24:59Z,Toronto Blue Jays @ Boston Red Sox,Toronto Blue Jays,2.08,2.0,2.0,2.01,2.0,2.02,2.02,2.1,2.04,2.06,2.05,2.08,2.1,2.08,2.08,2.05,2.12,2.02,2.05,2.06,2.04,2.09,2.04,2.04,2.03,2.07,2.07,2.12,2.1,2.01,2.05,,0.4611,0.4659,0.4691,0.4679,0.4768,0.4682,0.4682,0.4721,0.4673,0.4649,0.4646,0.4701,0.4735,0.4758,0.4701,0.4765,0.4699,0.4697,0.4582,0.4649,0.4642,0.4719,0.4777,0.4777,0.4701,0.4713,0.4727,0.4699,0.4491,0.471,0.4765,,2026-06-17,2.05,,0.4582,,2.05,2.08,0.4661,0.4701,,,,,2.05,0.4677,Polymarket,2.08,2.0,Not Found
302e99528759c7d41b0b50ca33f43229,baseball_ncaa,NCAA Baseball,2026-06-17T23:00:00Z,2026-06-17T21:24:59Z,Oklahoma Sooners @ Georgia Bulldogs,Oklahoma Sooners,2.64,,,,2.7,,,,2.6,,,2.64,,,1.54,,2.78,,,,2.7,,2.53,2.53,2.6,2.5,2.6,,,,,,0.3493,,,,0.3404,,,,0.3545,,,0.3538,,,0.6448,,0.3531,,,,0.3331,,0.3643,0.3643,0.3522,0.3667,0.3612,,,,,,2026-06-17,,,,,,,,,,,,,2.6,0.3545,,,2.0,Not Found
87afdb85c977b451e1c00f5e3e632601,soccer_fifa_world_cup,FIFA World Cup,2026-06-17T23:00:00Z,2026-06-17T21:24:59Z,Panama @ Ghana,Ghana,2.35,2.3,2.35,2.3,2.25,2.35,2.35,2.48,2.4,2.35,2.28,2.44,2.48,,2.38,2.33,,2.41,2.25,2.35,2.28,,2.4,2.4,2.37,2.35,2.44,,2.25,,2.4,,0.4053,0.4148,0.4102,0.418,0.4195,0.415,0.415,0.4001,0.4026,0.4194,0.4206,0.4026,0.4001,,0.4101,0.415,,0.4078,0.411,0.4194,0.4206,,0.4069,0.4069,0.4045,0.4118,0.4051,,0.4179,,0.4011,,2026-06-17,2.35,2.36,0.4085,0.4058,2.3,2.4,0.4212,0.4069,2.35,,0.4134,,2.34,0.4073,,,3.0,Not Found
9cfb18a4e0091ae6c9ccb03c48deb277,baseball_mlb,MLB,2026-06-17T23:06:00Z,2026-06-17T22:57:24Z,Chicago White Sox @ New York Yankees,New York Yankees,1.57,1.54,1.54,1.52,1.57,1.56,1.56,1.61,1.52,1.53,1.51,1.62,1.62,1.61,1.61,1.62,1.61,1.55,1.53,1.53,1.51,1.62,1.62,1.62,1.56,1.59,1.63,1.62,1.53,1.58,1.62,,0.6152,0.6163,0.6206,0.618,0.6144,0.6139,0.6139,0.6168,0.6344,0.6345,0.635,0.6078,0.6148,0.6152,0.6152,0.6054,0.6197,0.6202,0.6268,0.6345,0.635,0.6118,0.6054,0.6054,0.6164,0.6145,0.6035,0.6163,0.6268,0.6064,0.6046,,2026-06-17,1.5,,0.6373,,1.54,1.59,0.6206,0.6168,,,,,1.57,0.6177,Polymarket,1.61,2.0,Not Found
51a34169db1f1e1c9133c878d53b1747,basketball_wnba,WNBA,2026-06-18T00:07:00Z,2026-06-18T00:24:05Z,New York Liberty @ Chicago Sky,New York Liberty,1.8,,,,1.65,1.58,1.55,1.67,1.62,1.61,1.56,1.76,,1.72,1.75,1.5,1.69,,1.8,1.61,1.72,1.63,,,1.67,,,,,,,,0.5253,,,,0.5758,0.5892,0.6052,0.5762,0.5854,0.5913,0.5912,0.5328,,0.5761,0.5711,0.6373,0.5686,,0.5278,0.5913,0.5407,0.5675,,,0.5668,,,,,,,,2026-06-18,,,,,,,,,1.48,,,,1.85,0.5071,Polymarket,1.72,2.0,Not Found
3c667b5e84c7e18c7697c0f83852679a,baseball_mlb,MLB,2026-06-18T00:06:00Z,2026-06-18T00:24:05Z,Colorado Rockies @ Chicago Cubs,Chicago Cubs,1.38,1.34,1.37,1.42,1.45,1.37,1.37,1.08,1.37,1.38,1.33,1.41,1.35,1.45,1.45,1.43,1.41,1.4,1.36,1.38,1.34,1.38,,,1.49,,,,1.44,,,,0.6899,0.7036,0.7037,0.6669,0.663,0.6925,0.6925,,0.6983,0.6957,0.7064,0.6851,0.6968,0.6846,0.6748,0.6742,0.6896,0.6905,0.694,0.6957,0.7036,0.6984,,,0.6395,,,,0.6654,,,,2026-06-18,1.35,,0.698,,,,,,,,,,1.4,0.6905,Polymarket,1.45,2.0,Not Found
b72b9f2e45f35b0227f750569ba40ebb,baseball_milb,MiLB,2026-06-18T00:35:00Z,2026-06-18T00:24:05Z,Reno Aces @ El Paso Chihuahuas,El Paso Chihuahuas,1.98,,,,,,,,,,,,,,,,,,,,1.8,,2.24,,1.83,,1.83,,,,,,0.4732,,,,,,,,,,,,,,,,,,,,0.5174,,0.4146,,0.5114,,0.5087,,,,,,2026-06-18,,,,,,,,,,,,,,,,,2.0,Not Found
4cd62a7121265b4865459ef675f28557,baseball_milb,MiLB,2026-06-18T00:35:00Z,2026-06-18T00:24:05Z,Tacoma Rainiers @ Salt Lake Bees,Tacoma Rainiers,2.14,,,,,,,,,,,,,,,,,,,,2.1,,2.13,,2.15,,2.09,,,,,,0.436,,,,,,,,,,,,,,,,,,,,0.4387,,0.4389,,0.4332,,0.4416,,,,,,2026-06-18,,,,,,,,,,,,,,,,,2.0,Not Found
a530ea13afd796d2915cdcc2440bc876,tennis_atp_queens_club_champ,ATP Queen's Club Championships,2026-06-18T08:00:00Z,2026-06-18T05:15:51Z,Alejandro Davidovich Fokina @ Corentin Moutet,Corentin Moutet,2.34,,,2.33,2.35,2.34,2.34,2.6,2.38,2.25,2.25,2.47,2.52,,,2.21,2.51,2.35,,2.25,2.25,,2.36,2.36,2.35,2.35,2.36,,2.38,2.33,2.35,,0.3932,,,0.4001,0.3943,0.3972,0.3972,0.3817,0.3956,0.4173,0.4173,0.3919,0.3859,,,0.4286,0.3886,0.4003,,0.4173,0.4173,,0.407,0.407,0.4022,0.4022,0.4032,,0.3916,0.4021,0.386,,2026-06-18,2.35,,0.3838,,2.35,2.26,0.4003,0.4164,2.18,,0.4169,,,,,,2.0,Not Found
a1bf0781a6814a374805ba062b4055d6,tennis_atp_queens_club_champ,ATP Queen's Club Championships,2026-06-18T08:00:00Z,2026-06-18T05:15:51Z,Jiri Lehecka @ Rinky Hijikata,Rinky Hijikata,3.4,,,3.4,3.25,3.4,3.4,3.9,3.44,3.55,3.55,3.6,3.65,,,3.64,3.58,3.42,,3.55,3.55,,3.49,3.49,3.5,3.4,3.48,,3.3,3.44,3.3,,0.2595,,,0.2654,0.2779,0.2654,0.2654,0.2551,0.2666,0.2562,0.2562,0.2658,0.261,,,0.2374,0.272,0.2674,,0.2562,0.2562,,0.2673,0.2673,0.2641,0.2624,0.2649,,0.2756,0.2637,0.2609,,2026-06-18,3.4,,0.2534,,3.4,3.4,0.2654,0.2683,3.4,,0.2534,,,,,,2.0,Not Found
7b4c0ef6ebcf6d07434507780af94c94,baseball_kbo,KBO,2026-06-18T09:30:00Z,2026-06-18T05:15:51Z,KT Wiz @ Doosan Bears,KT Wiz,1.56,,,1.49,1.57,1.58,1.58,,1.56,,,1.57,,,,,,1.56,,,,,1.59,1.59,1.54,,1.61,,1.53,,1.5,,0.6173,,,0.6153,0.6057,0.6081,0.6081,,0.6164,,,0.6127,,,,,,0.6164,,,,,0.6137,0.6137,0.6163,,0.6081,,0.6167,,0.625,,2026-06-18,1.42,,0.6634,,1.49,,0.6133,,,,,,1.55,0.6151,,,2.0,Not Found
94cfb3815ac1f05a6da9f434f7e90aa7,tennis_atp_halle_open,ATP Halle Open,2026-06-18T09:30:00Z,2026-06-18T05:15:51Z,Taylor Fritz @ Fabian Marozsan,Fabian Marozsan,4.4,,,4.1,4.2,4.1,4.1,4.9,4.22,3.85,3.85,4.43,4.4,,,3.86,4.37,4.2,4.2,3.85,3.85,,4.28,4.28,4.25,4.25,4.09,,4.2,4.05,4.0,,0.2038,,,0.2154,0.2092,0.2154,0.2154,0.1988,0.212,0.233,0.233,0.2096,0.2136,,,0.2327,0.2112,0.2125,0.2092,0.233,0.233,,0.2136,0.2136,0.2144,0.2078,0.2222,,0.2092,0.2202,0.2083,,2026-06-18,4.0,,0.2083,,4.1,4.16,0.2154,0.217,3.65,,0.2305,,,,,,2.0,Not Found
d66f13d3ad947c702af80b4499304ecc,baseball_kbo,KBO,2026-06-18T09:30:00Z,2026-06-18T09:48:52Z,Hanwha Eagles @ NC Dinos,NC Dinos,1.57,,,1.52,1.48,,1.48,,1.56,1.5,,1.78,,,,,,1.5,,,1.5,,,,,,,,1.91,,,,0.6066,,,0.5964,0.6338,,0.6455,,0.6077,0.6206,,0.5321,,,,,,0.6267,,,0.6091,,,,,,,,0.484,,,,2026-06-18,1.45,,0.6448,,,,,,,,,,1.6,0.5903,,,2.0,Not Found
202aedc8fd4c6ae3bcad0563143e4e9c,tennis_atp_halle_open,ATP Halle Open,2026-06-18T11:00:00Z,2026-06-18T12:43:18Z,Ethan Quinn @ Ben Shelton,Ethan Quinn,6.0,3.1,3.65,5.75,6.0,3.35,3.35,9.8,3.77,3.55,3.5,18.79,4.2,,,,,4.1,3.75,5.6,3.55,,,,5.0,,,,,,,,0.1369,0.2645,0.2272,0.1324,0.1329,0.2646,0.2646,0.1006,0.2389,0.2532,0.2396,0.0504,0.2315,,,,,0.222,0.2333,0.1507,0.2471,,,,0.1763,,,,,,,,2026-06-18,3.6,,0.2389,,,,,,5.1,,0.1351,,,,,,2.0,Not Found
d78447571cced4c776f3225be506bf6b,tennis_atp_halle_open,ATP Halle Open,2026-06-18T13:30:00Z,2026-06-18T12:43:18Z,Yannick Hanfmann @ Alexander Zverev,Yannick Hanfmann,6.9,6.5,7.0,6.5,6.0,6.4,6.4,6.8,6.76,6.5,6.5,6.67,6.8,,,,6.9,6.4,7.0,6.5,6.5,,6.61,6.61,6.5,6.5,6.6,,7.0,6.45,6.0,,0.122,0.1265,0.125,0.1344,0.1369,0.1277,0.1277,0.1425,0.1235,0.1265,0.1265,0.1364,0.1425,,,,0.1339,0.1317,0.1169,0.1265,0.1265,,0.1292,0.1292,0.1305,0.1265,0.1293,,0.1169,0.1271,0.1288,,2026-06-18,6.7,,0.1073,,6.8,6.0,0.1231,0.1369,6.0,,0.1246,,,,,,2.0,Not Found
b3bd8676acdefc2a877762106b90c373,tennis_atp_halle_open,ATP Halle Open,2026-06-18T14:40:00Z,2026-06-18T12:43:18Z,Mattia Bellucci @ Raphael Collignon,Raphael Collignon,1.81,1.76,1.8,1.81,1.83,1.8,1.8,1.86,1.77,1.8,1.8,1.83,1.86,,,,1.87,1.82,1.8,1.8,1.8,,1.87,1.87,1.83,1.87,1.83,,1.8,1.81,1.75,,0.5287,0.5402,0.5339,0.5323,0.5168,0.5265,0.5265,0.533,0.5409,0.5278,0.5278,0.534,0.533,,,,0.5199,0.5247,0.5278,0.5278,0.5278,,0.511,0.511,0.5232,0.5,0.5257,,0.5278,0.525,0.5293,,2026-06-18,1.75,,0.5293,,1.81,1.83,0.5262,0.5232,1.75,,0.528,,,,,,2.0,Not Found
db645f53feb04846c32718ab80b4854a,tennis_atp_queens_club_champ,ATP Queen's Club Championships,2026-06-18T17:00:00Z,2026-06-18T16:17:48Z,Ugo Humbert @ Hamad Medjedovic,Hamad Medjedovic,2.44,2.45,2.5,2.5,2.35,2.41,2.41,2.48,2.41,2.4,2.4,2.4,2.48,,,,2.41,2.35,,2.4,2.4,,2.4,2.4,2.35,2.35,2.36,,2.3,2.35,2.25,,0.376,0.3794,0.3795,0.3815,0.3943,0.3849,0.3849,0.3986,0.389,0.3878,0.3878,0.4053,0.3986,,,,0.3969,0.4003,,0.3878,0.3878,,0.3997,0.3997,0.4022,0.4022,0.4032,,0.4087,0.3983,0.4038,,2026-06-18,,,,,,2.4,,0.3978,2.32,,0.3887,,,,,,2.0,Not Found
bb47b41c0a375d2df45331898a1e7ec1,baseball_mlb,MLB,2026-06-18T18:36:00Z,2026-06-18T18:38:36Z,Minnesota Twins @ Texas Rangers,Texas Rangers,2.02,1.98,2.0,1.96,2.05,2.02,2.02,1.2,1.99,2.05,2.04,2.08,2.04,2.08,2.13,2.03,2.13,2.02,2.0,2.05,2.02,2.03,2.09,2.09,2.05,2.07,,2.12,2.0,2.0,2.08,,0.4743,0.4716,0.4722,0.471,0.4614,0.4682,0.4682,,0.4704,0.4677,0.4673,0.4701,0.4748,0.4758,0.46,0.467,0.46,0.4697,0.4722,0.4677,0.4682,0.4685,0.466,0.466,0.4661,0.4713,,0.4699,0.4722,0.4738,0.4701,,2026-06-18,2.0,,0.4559,,2.0,2.07,0.4707,0.4713,,,,,2.04,0.4704,Polymarket,2.08,2.0,Not Found
10b797abe19952451af8a428ab530deb,baseball_mlb,MLB,2026-06-18T17:36:00Z,2026-06-18T18:38:36Z,Toronto Blue Jays @ Boston Red Sox,Toronto Blue Jays,1.32,1.33,1.35,1.37,1.31,1.3,1.3,1.32,1.31,1.3,1.27,1.45,1.29,1.37,1.37,,1.36,1.32,1.29,1.3,1.29,1.36,,,1.32,,,,,,,,0.7273,0.712,0.7141,0.6895,0.7388,0.7331,0.7331,0.7418,0.732,0.7397,0.7399,0.6656,0.7263,0.7249,0.7249,,0.7252,0.7317,0.7338,0.7397,0.7361,0.7089,,,0.7249,,,,,,,,2026-06-18,1.25,,0.7571,,,,,,,,,,1.3,0.7397,Polymarket,1.37,2.0,Not Found
289bc2e9f5adad8ae4d9a75a7c5461ad,soccer_fifa_world_cup,FIFA World Cup,2026-06-18T19:00:00Z,2026-06-18T18:38:36Z,Bosnia & Herzegovina @ Switzerland,Bosnia & Herzegovina,6.0,6.0,6.0,6.4,5.75,6.1,6.1,6.8,6.0,6.75,6.25,6.45,6.8,,6.67,6.15,,6.5,5.5,6.75,6.25,,6.35,6.35,6.0,6.5,6.36,,5.5,,6.0,,0.1467,0.1486,0.1486,0.1388,0.152,0.152,0.152,0.1442,0.1528,0.1404,0.1416,0.1482,0.1455,,0.1437,0.1457,,0.1465,0.149,0.1404,0.1416,,0.1466,0.1466,0.1471,0.1401,0.1519,,0.154,,0.1481,,2026-06-18,5.8,5.8,0.1539,0.1547,6.7,6.5,0.1403,0.1361,6.5,,0.1429,,5.8,0.1533,,,3.0,Not Found
fa9502285b257b03e62968d50d9229fc,soccer_fifa_world_cup,FIFA World Cup,2026-06-18T22:00:00Z,2026-06-18T18:38:36Z,Qatar @ Canada,Canada,1.29,1.29,1.3,1.3,1.31,1.32,1.32,1.34,1.31,1.29,1.27,1.32,1.34,,1.32,1.31,,1.33,1.3,1.29,1.27,,1.31,1.31,1.3,1.29,1.34,,1.3,,1.28,,0.7589,0.7555,0.7543,0.7592,0.7446,0.7459,0.7459,0.7444,0.7499,0.7688,0.7713,0.7503,0.7444,,0.7517,0.7473,,0.7452,0.7444,0.7688,0.7713,,0.7533,0.7533,0.7511,0.7632,0.7409,,0.7444,,0.7633,,2026-06-18,1.28,1.3,0.7624,0.7533,1.3,1.3,0.7597,0.7511,1.29,,0.7677,,1.3,0.7482,,,3.0,Not Found
24fbde02eb8fc3e33337703bc4774c4d,baseball_milb,MiLB,2026-06-18T22:35:00Z,2026-06-18T18:38:36Z,Charlotte Knights @ Buffalo Bisons,Buffalo Bisons,2.06,,,,,,,,,,,,,,,,,,,,2.04,,2.05,,2.0,,2.02,,,,,,0.457,,,,,,,,,,,,,,,,,,,,0.4527,,0.4565,,0.4675,,0.4585,,,,,,2026-06-18,,,,,,,,,,,,,,,,,2.0,Not Found
cad6df1fc1aadca9fdbb359d7d43e40f,baseball_mlb,MLB,2026-06-18T20:11:00Z,2026-06-18T21:12:30Z,Baltimore Orioles @ Seattle Mariners,Baltimore Orioles,7.8,6.75,7.25,,7.5,7.57,7.57,7.8,7.2,9.5,8.0,7.01,6.6,8.33,8.33,7.55,8.33,7.25,6.5,9.5,8.0,8.5,,,7.5,,,,,,,,0.0968,0.1195,0.1102,,0.1037,0.0944,0.0944,0.1177,0.1065,0.0809,0.0817,0.1209,0.1212,0.1136,0.1136,0.1075,0.1175,0.1144,0.114,0.0809,0.0863,0.1043,,,0.1037,,,,,,,,2026-06-18,8.5,,0.0734,,,,,,,,,,6.25,0.1336,Polymarket,8.33,2.0,Not Found
aabd4bd19035a2d47d0f2d72c7826988,baseball_milb,MiLB,2026-06-18T22:45:00Z,2026-06-18T21:12:30Z,Jacksonville Jumbo Shrimp @ Durham Bulls,Jacksonville Jumbo Shrimp,1.63,,,,,,,,,,,,,,,,,,,,1.57,,1.62,,1.62,,1.62,,,,,,0.5835,,,,,,,,,,,,,,,,,,,,0.5962,,0.5854,,0.5814,,0.5793,,,,,,2026-06-18,,,,,,,,,,,,,,,,,2.0,Not Found
2322b5cb0bef2a4b32d5ac7e42dd5d95,baseball_milb,MiLB,2026-06-18T22:45:00Z,2026-06-18T21:12:30Z,Toledo Mud Hens @ Rochester Red Wings,Rochester Red Wings,1.62,,,,,,,,,,,,,,,,,,,,1.64,,1.62,,1.62,,1.62,,,,,,0.5874,,,,,,,,,,,,,,,,,,,,0.5712,,0.5854,,0.5814,,0.5793,,,,,,2026-06-18,,,,,,,,,,,,,,,,,2.0,Not Found
024c7641644c343da5839c4fbd9c4bf9,baseball_npb,NPB,2026-06-19T09:00:00Z,2026-06-19T02:05:55Z,Tohoku Rakuten Golden Eagles @ Chiba Lotte Marines,Chiba Lotte Marines,1.81,,,1.72,1.85,1.82,1.82,,1.8,1.87,1.87,1.85,,,,,,1.8,1.73,,1.87,,1.83,1.83,1.77,1.83,1.84,,1.78,,1.75,,0.5287,,,0.5303,0.5085,0.5247,0.5247,,0.5278,0.5056,0.5056,0.5264,,,,,,0.5303,0.539,,0.5056,,0.5232,0.5232,0.5325,0.5114,0.5254,,0.5405,,0.5293,,2026-06-19,1.72,,0.5407,,1.72,,0.5303,,1.87,,0.5056,,1.79,0.5293,,,2.0,Not Found
2fdb71525b5e818053ba85524c106aec,baseball_npb,NPB,2026-06-19T09:00:00Z,2026-06-19T02:05:55Z,Fukuoka SoftBank Hawks @ Hokkaido Nippon-Ham Fighters,Fukuoka SoftBank Hawks,1.76,,,1.69,1.8,1.78,1.78,,1.77,1.79,1.79,1.81,,,,,,1.76,1.73,,1.79,,1.8,1.8,1.77,1.81,1.83,,1.78,,1.7,,0.5437,,,0.5408,0.5253,0.537,0.537,,0.5386,0.5293,0.5293,0.537,,,,,,0.5437,0.539,,0.5293,,0.5339,0.5339,0.5325,0.5172,0.5293,,0.5405,,0.5441,,2026-06-19,1.7,,0.5502,,1.69,,0.5408,,1.79,,0.5293,,1.75,0.5418,,,2.0,Not Found
f8e4d34f28b6e2e33297e4d014247b81,baseball_npb,NPB,2026-06-19T09:00:00Z,2026-06-19T02:05:55Z,Hiroshima Toyo Carp @ Tokyo Yakult Swallows,Tokyo Yakult Swallows,1.82,,,1.74,1.8,1.82,1.82,,1.8,1.82,1.82,1.83,,,,,,1.82,1.8,,1.82,,1.83,1.83,1.77,1.83,1.84,,1.85,,1.75,,0.5247,,,0.5242,0.5253,0.5247,0.5247,,0.5278,0.5196,0.5196,0.5317,,,,,,0.5247,0.516,,0.5196,,0.5232,0.5232,0.5325,0.5114,0.5242,,0.519,,0.5293,,2026-06-19,1.8,,0.5146,,1.74,,0.5242,,1.82,,0.5196,,1.81,0.5224,,,2.0,Not Found
01acf87affe11192c9aad6dacf7ad308,tennis_wta_german_open,WTA German Open,2026-06-19T09:05:00Z,2026-06-19T02:05:55Z,Madison Keys @ Jessica Pegula,Madison Keys,2.12,2.05,2.1,2.05,2.05,2.08,2.08,2.18,2.14,2.1,2.1,2.14,2.2,,,2.05,2.17,2.1,,2.1,2.1,,2.09,2.09,2.1,2.0,2.1,,2.1,2.1,2.1,,0.4485,0.4565,0.454,0.4582,0.4565,0.4514,0.4514,0.4561,0.4429,0.4507,0.4507,0.4527,0.4525,,,0.4582,0.4526,0.4524,,0.4507,0.4507,,0.4583,0.4583,0.4556,0.4675,0.4491,,0.4491,0.4491,0.4351,,2026-06-19,2.0,,0.4593,,2.1,2.1,0.4491,0.4556,2.05,,0.4463,,,,,,2.0,Not Found
c21c685812b848ca300c9c97a940ff23,baseball_npb,NPB,2026-06-19T09:00:00Z,2026-06-19T07:23:54Z,Saitama Seibu Lions @ Orix Buffaloes,Orix Buffaloes,1.78,,,1.72,1.77,1.8,1.8,,1.83,1.76,1.76,1.84,,,,,,1.78,1.73,,1.76,,1.89,1.89,1.8,1.88,1.85,,1.78,,1.75,,0.5358,,,0.5316,0.5325,0.5278,0.5278,,0.5232,0.539,0.539,0.529,,,,,,0.537,0.539,,0.539,,0.5055,0.5055,0.5214,0.4986,0.5215,,0.5405,,0.5293,,2026-06-19,1.72,,0.5407,,1.74,,0.5296,,1.76,,0.539,,1.78,0.5309,,,2.0,Not Found
df93e9fade99d4374f5f4db7d05cc852,cricket_international_t20,International Twenty20,2026-06-19T12:00:00Z,2026-06-19T11:47:04Z,Hong Kong @ Namibia,Namibia,1.34,,,,,,,1.42,,,,1.35,,,,1.3,,,,,,,1.38,,,,,,,,,,0.7144,,,,,,,0.7029,,,,0.717,,,,0.7376,,,,,,,0.7036,,,,,,,,,,2026-06-19,,,,,,,,,,,,,,,,,2.0,Not Found
239a91f2804fbbf8fdb1c3dc3c5d31de,tennis_wta_german_open,WTA German Open,2026-06-19T13:30:00Z,2026-06-19T11:47:04Z,Nikola Bartunkova @ Aryna Sabalenka,Nikola Bartunkova,7.4,6.5,7.0,7.25,6.5,6.4,6.4,7.8,7.3,7.0,7.0,7.11,8.0,,,6.71,6.67,6.7,,7.0,7.0,,7.37,7.37,6.5,7.5,6.56,,7.0,6.4,6.0,,0.1089,0.1265,0.125,0.1185,0.1224,0.1277,0.1277,0.1255,0.1139,0.1169,0.1169,0.1278,0.1239,,,0.132,0.1285,0.1242,,0.1169,0.1169,,0.1174,0.1174,0.1305,0.1037,0.1298,,0.1169,0.1277,0.1288,,2026-06-19,6.7,,0.1073,,6.7,6.45,0.1242,0.1271,6.4,,0.1152,,,,,,2.0,Not Found
0400c5a7cf4fe78e0204ad9c6989e397,tennis_atp_halle_open,ATP Halle Open,2026-06-19T14:10:00Z,2026-06-19T11:47:04Z,Felix Auger-Aliassime @ Frances Tiafoe,Felix Auger-Aliassime,1.56,1.56,1.6,1.59,1.56,1.52,1.56,1.63,1.58,1.6,1.6,1.62,1.63,,,1.53,1.63,1.58,1.57,1.6,1.6,,1.64,1.64,1.59,1.64,1.59,,1.57,1.57,1.55,,0.6139,0.6122,0.6084,0.6087,0.6122,0.6273,0.6104,0.6114,0.609,0.5979,0.5979,0.6046,0.6114,,,0.6227,0.6018,0.6081,0.6084,0.5979,0.5979,,0.593,0.593,0.6061,0.5836,0.6079,,0.6084,0.6093,0.6052,,2026-06-19,1.52,,0.6162,,1.6,1.59,0.6042,0.6104,1.6,,0.5979,,,,,,2.0,Not Found
4fc52f44db445d9d1b01d99fe8213b6e,tennis_atp_halle_open,ATP Halle Open,2026-06-19T15:03:00Z,2026-06-19T17:01:09Z,Daniil Medvedev @ Daniel Altmaier,Daniil Medvedev,2.0,1.82,2.2,2.1,1.91,1.57,1.5,1.79,1.57,1.57,1.53,2.26,1.59,,,,1.61,1.5,1.57,2.38,1.57,,,,2.2,,,,2.3,,,,0.4722,0.4938,0.4108,0.4313,0.4915,0.6011,0.6333,0.5,0.6127,0.6039,0.6046,0.4236,0.6236,,,,0.5932,0.6373,0.6011,0.3896,0.6039,,,,0.4314,,,,0.3989,,,,2026-06-19,1.5,,0.625,,,,,,2.25,,0.3867,,,,,,2.0,Not Found
6fc1eef57acc8b09303107075da0b2dc,tennis_wta_german_open,WTA German Open,2026-06-19T15:30:00Z,2026-06-19T17:01:09Z,Alexandra Eala @ Elina Svitolina,Alexandra Eala,1.67,1.49,1.4,1.55,1.5,1.55,1.55,1.68,1.55,1.51,1.38,1.61,1.54,,,,1.47,1.56,,1.5,1.41,,,,1.59,,,,1.7,,,,0.5721,0.6133,0.6648,0.6004,0.6293,0.6142,0.6098,0.591,0.6202,0.6311,0.6805,0.6022,0.6324,,,,0.6529,0.6164,,0.641,0.676,,,,0.6061,,,,0.5502,,,,2026-06-19,1.55,,0.6052,,,,,,1.35,,0.6852,,,,,,2.0,Not Found
a2ace3c9543f9f80468cc50115337984,lacrosse_pll,PLL,2026-06-19T22:00:00Z,2026-06-19T19:04:55Z,Boston Cannons @ New York Atlas,Boston Cannons,2.0,,,,1.95,,,,1.91,,,,,1.11,,,,,,,1.88,,1.91,,,,,,,,,,0.4753,,,,0.489,,,,0.4886,,,,,,,,,,,,0.5,,0.4886,,,,,,,,,,2026-06-19,,,,,,,,,,,,,,,Polymarket,1.11,2.0,Not Found
b7a31b122f2707287eb7ed36356ce7d4,soccer_league_of_ireland,League of Ireland,2026-06-19T18:46:00Z,2026-06-19T19:04:55Z,Derry City @ Galway United,Derry City,2.2,2.1,2.15,,2.1,2.2,2.2,2.4,2.3,2.33,2.25,2.32,2.42,,,,,2.25,,2.33,,,,,2.24,,,,,,,,0.4308,,0.4259,,,0.4123,0.4123,0.4103,0.414,0.3944,0.3976,0.4092,0.4078,,,,,0.416,,0.3944,,,,,0.4188,,,,,,,,2026-06-19,2.1,,0.4433,,,,,,2.18,,,,,,,,3.0,Not Found
04230631f064143e81d8fcb0e1c0982e,soccer_league_of_ireland,League of Ireland,2026-06-19T19:01:00Z,2026-06-19T19:04:55Z,Dundalk @ Bohemians,Draw,3.6,3.6,3.75,,3.4,3.5,3.5,4.1,3.95,3.5,3.4,3.94,4.0,,,,,3.8,,3.5,,,3.85,3.85,3.7,3.8,3.83,,3.6,3.78,3.65,,0.2545,0.2309,0.2314,,,0.2441,0.2441,0.2417,0.2297,0.2532,0.249,0.2405,0.2433,,,,,0.2322,,0.2532,,,0.2369,0.2369,0.2422,0.2337,0.2381,,0.2489,0.2413,0.2405,,2026-06-19,4.0,,0.2176,,3.6,3.85,0.2346,0.2369,3.3,,,,,,,,3.0,Not Found
f266368de344bb635a494dff7d215651,baseball_milb,MiLB,2026-06-19T22:35:00Z,2026-06-19T21:53:32Z,Charlotte Knights @ Buffalo Bisons,Buffalo Bisons,2.06,,,,,,,,,,,,,,,,,,,,2.12,,2.05,,2.05,,2.02,,,,,,0.457,,,,,,,,,,,,,,,,,,,,0.4346,,0.4565,,0.4565,,0.4585,,,,,,2026-06-19,,,,,,,,,,,,,,,,,2.0,Not Found
69e2b1bed70858db78f3d29ddd700d6f,baseball_milb,MiLB,2026-06-19T22:45:00Z,2026-06-19T21:53:32Z,Jacksonville Jumbo Shrimp @ Durham Bulls,Durham Bulls,2.28,,,,,,,,,,,,,,,,,,,,2.23,,2.28,,2.25,,2.23,,,,,,0.4068,,,,,,,,,,,,,,,,,,,,0.4117,,0.4087,,0.4117,,0.4097,,,,,,2026-06-19,,,,,,,,,,,,,,,,,2.0,Not Found
1c16cee99680d39165335a039374ff65,baseball_milb,MiLB,2026-06-19T22:45:00Z,2026-06-19T21:53:32Z,Worcester Red Sox @ Lehigh Valley IronPigs,Lehigh Valley IronPigs,1.98,,,,,,,,,,,,,,,,,,,,2.02,,1.91,,2.0,,1.96,,,,,,0.4732,,,,,,,,,,,,,,,,,,,,0.4585,,0.4886,,0.4675,,0.4726,,,,,,2026-06-19,,,,,,,,,,,,,,,,,2.0,Not Found
b63311d5ea69185ca1f90d3f3fcfc801,basketball_wnba,WNBA,2026-06-19T23:40:00Z,2026-06-19T22:52:17Z,Washington Mystics @ New York Liberty,Washington Mystics,6.2,,,,6.25,6.0,6.0,7.2,6.5,5.5,5.5,6.54,7.2,7.69,7.14,6.5,7.14,6.0,6.5,5.5,5.4,7.1,6.61,6.61,6.25,6.7,5.91,,,,,,0.1342,,,,0.1375,0.1329,0.1329,0.1384,0.1305,0.1561,0.1561,0.134,0.1384,0.1264,0.1314,0.1305,0.1314,0.1369,0.1265,0.1561,0.1578,0.1394,0.1292,0.1292,0.1336,0.1282,0.1498,,,,,,2026-06-19,,,,,,6.75,,0.1276,4.9,,0.1433,,6.5,0.1305,Polymarket,7.69,2.0,Not Found
7ef2ffad2e845a48d3df860e1a91b43d,baseball_mlb,MLB,2026-06-19T23:06:00Z,2026-06-19T22:52:17Z,Cincinnati Reds @ New York Yankees,Cincinnati Reds,3.25,3.3,3.3,3.15,3.25,3.14,3.14,3.45,3.33,3.25,3.25,3.39,3.5,3.45,3.45,3.28,3.51,3.25,3.25,3.25,3.2,3.45,3.38,3.38,3.3,3.3,3.35,3.25,3.1,3.2,3.3,,0.2862,0.2698,0.2756,0.2771,0.2835,0.2916,0.2916,0.2852,0.277,0.2862,0.2835,0.2825,0.2831,0.2852,0.28,0.2875,0.2827,0.2835,0.2779,0.2862,0.2859,0.2852,0.283,0.283,0.2784,0.2866,0.2895,0.2915,0.2936,0.2859,0.2866,,2026-06-19,3.4,,0.2624,,3.25,3.25,0.2779,0.2862,,,,,3.36,0.2757,Polymarket,3.45,2.0,Not Found
6bb329abaf86e99a6c742250c3251cec,baseball_mlb,MLB,2026-06-19T23:11:00Z,2026-06-19T22:52:17Z,San Francisco Giants @ Miami Marlins,San Francisco Giants,1.96,1.9,1.92,1.88,1.95,1.92,1.92,,1.95,1.94,1.93,2.01,2.02,2.04,2.04,2.0,2.02,1.96,1.91,1.94,1.93,2.03,2.0,2.0,1.97,1.99,1.99,2.04,2.0,1.93,2.0,,0.4906,0.4914,0.4916,0.4912,0.489,0.4945,0.4945,,0.4905,0.4918,0.4931,0.4883,0.4885,0.4847,0.4847,0.4882,0.4898,0.4848,0.4915,0.4918,0.4917,0.4872,0.4882,0.4882,0.4835,0.4908,0.4922,0.4833,0.4722,0.4917,0.4882,,2026-06-19,1.97,,0.476,,1.94,2.0,0.4904,0.4882,,,,,1.93,0.4973,Polymarket,2.04,2.0,Not Found
4cd769aa7bae0ad9762bd69b80ef2903,soccer_fifa_world_cup,FIFA World Cup,2026-06-19T22:00:00Z,2026-06-19T22:52:17Z,Morocco @ Scotland,Morocco,1.17,1.19,1.22,1.2,1.25,1.22,1.24,1.25,1.22,1.21,1.16,1.21,1.26,,1.25,,,1.25,1.2,1.21,1.19,,,,1.22,,,,,,,,0.8298,0.8065,0.7958,0.8074,0.7792,0.7956,0.7826,0.796,0.8016,0.8063,0.8217,0.8062,0.791,,0.7967,,,0.7907,0.8,0.8063,0.8098,,,,0.7996,,,,,,,,2026-06-19,1.2,,0.8045,,,,,,1.21,,0.8063,,1.18,0.8178,,,3.0,Not Found
5a0c2a8da870604e8dffcb6d053cd738,baseball_mlb,MLB,2026-06-30T23:41:00Z,2026-07-01T00:18:32Z,Tampa Bay Rays @ Kansas City Royals,Kansas City Royals,7.0,6.75,9.0,6.25,7.5,7.57,6.44,7.2,8.2,8.5,6.75,7.46,7.0,10.1,9.09,,9.52,,6.1,8.5,7.0,9.8,,,6.5,,,,,,,,0.1127,0.1195,0.0883,0.1213,0.108,0.0944,0.1189,0.1107,0.0893,0.0915,0.1068,0.1125,0.0907,0.095,0.1086,,0.0896,,0.1233,0.0915,0.1085,0.0881,,,0.1224,,,,,,,,2026-06-30,6.0,,0.1288,,,,,,,,,,4.45,0.1957,Polymarket,10.1,2.0,Not Found
6685cf659fbcccab05e1e35fcf4dcbb9,baseball_mlb,MLB,2026-06-30T23:16:00Z,2026-07-01T00:18:32Z,St. Louis Cardinals @ Atlanta Braves,Atlanta Braves,3.8,3.55,3.7,3.55,3.9,3.3,3.41,3.75,3.63,3.85,3.7,3.73,3.25,4.03,3.85,,3.92,,3.5,3.85,3.75,3.4,,,3.5,,,,,,,,0.2348,0.244,0.2414,0.2408,0.2282,0.2669,0.256,0.2545,0.244,0.233,0.2253,0.2494,0.2538,0.2481,0.2539,,0.2488,,0.2429,0.233,0.2301,0.2595,,,0.2553,,,,,,,,2026-06-30,3.2,,0.2716,,,,,,,,,,1.75,0.5418,Polymarket,4.03,2.0,Not Found
c9a7f8f74b4ae9a65c80d47993dfeb86,baseball_mlb,MLB,2026-07-01T00:41:00Z,2026-07-01T00:18:32Z,Miami Marlins @ Colorado Rockies,Colorado Rockies,2.16,2.1,2.1,2.08,2.1,2.12,2.12,2.22,2.17,2.2,2.18,2.18,2.2,2.22,2.22,2.18,2.25,,2.1,2.2,2.17,2.28,2.16,2.16,2.14,2.17,2.18,2.22,2.1,2.11,2.2,,0.4441,0.4405,0.444,0.441,0.4507,0.4452,0.4452,0.4474,0.438,0.4349,0.4352,0.4485,0.451,0.4459,0.4459,0.4485,0.4429,,0.4491,0.4349,0.4328,,0.4506,0.4506,0.4463,0.4495,0.4485,,0.4491,0.4479,0.4448,,2026-07-01,2.2,,0.4242,,2.15,2.2,0.4402,0.4416,,,,,2.14,0.4479,Polymarket,2.22,2.0,Not Found
2b3a5c8c1587ea527558ec8e6fb514ee,baseball_mlb,MLB,2026-07-01T01:40:00Z,2026-07-01T00:18:32Z,San Francisco Giants @ Arizona Diamondbacks,San Francisco Giants,1.96,1.94,1.96,1.94,1.95,1.94,1.94,2.0,1.99,1.94,1.93,2.0,2.0,2.04,2.0,2.0,2.02,,1.91,1.94,1.93,2.02,2.0,2.0,1.95,1.98,1.99,2.02,2.0,1.93,2.0,,0.4906,0.483,0.4834,0.4845,0.489,0.4904,0.4904,0.4949,0.478,0.4932,0.4931,0.4909,0.4949,0.4847,0.4949,0.4882,0.4924,,0.4915,0.4932,0.4931,0.4898,0.4882,0.4882,0.489,0.4935,0.4922,0.4924,0.4722,0.4917,0.4882,,2026-07-01,1.97,,0.476,,1.96,1.99,0.4848,0.4908,,,,,1.98,0.4851,Polymarket,2.04,2.0,Not Found
e936551f374241ba44e1c360f71676ad,baseball_milb,MiLB,2026-07-01T00:35:00Z,2026-07-01T00:18:32Z,Las Vegas Aviators @ Salt Lake Bees,Las Vegas Aviators,1.69,,,,,,,,,,,,,,,,,,,,1.7,,1.65,,1.69,,1.74,,,,,,0.5622,,,,,,,,,,,,,,,,,,,,0.5502,,0.5768,,0.5578,,0.5374,,,,,,2026-07-01,,,,,,,,,,,,,,,,,2.0,Not Found
1f461af14cf88f5bb39b82541e8f7a8c,tennis_atp_wimbledon,ATP Wimbledon,2026-06-30T16:59:00Z,2026-07-01T04:57:55Z,Daniel Altmaier @ Alex Molcan,Daniel Altmaier,3.6,3.0,3.1,3.0,3.1,,,3.5,3.46,3.45,3.35,,3.5,,,,,,3.0,3.45,,,,,3.6,,3.19,,,3.08,,,0.2513,0.273,0.2767,0.285,0.2854,,,0.2831,0.2628,0.2603,0.2524,,0.2831,,,,,,0.299,0.2603,,,,,0.2572,,0.3021,,,0.2974,,,2026-06-30,,,,,,,,,3.35,,0.2493,,,,,,2.0,Not Found
be9660c95afe70b298a651e964aaebef,tennis_atp_wimbledon,ATP Wimbledon,2026-06-30T18:12:00Z,2026-07-01T04:57:55Z,Terence Atmane @ Frances Tiafoe,Terence Atmane,5.8,4.2,4.4,4.3,5.5,,,6.0,5.47,5.75,5.5,,6.0,,,,,,6.0,5.75,,,,,5.5,,5.75,,,5.75,,,0.1476,0.1766,0.1789,0.1852,0.1484,,,0.1632,0.1604,0.1445,0.1364,,0.1632,,,,,,0.1329,0.1445,,,,,0.1561,,0.1484,,,0.1484,,,2026-06-30,,,,,,,,,5.5,,0.1322,,,,,,2.0,Not Found
de624c2d25713711d5fd4515b7a9993f,baseball_npb,NPB,2026-07-01T09:00:00Z,2026-07-01T04:57:55Z,Chiba Lotte Marines @ Tohoku Rakuten Golden Eagles,Chiba Lotte Marines,2.24,,,2.1,2.25,2.2,2.2,,2.2,2.2,2.2,2.29,,,,,,,2.2,,2.2,,2.25,2.25,2.2,2.15,2.25,,2.28,,2.2,,0.422,,,0.4256,0.4117,0.4297,0.4297,,0.4279,0.4242,0.4242,0.4225,,,,,,,0.4167,,0.4242,,0.4264,0.4264,0.4242,0.4367,0.4264,,0.4181,,0.4148,,2026-07-01,2.15,,0.4239,,2.1,,0.4236,,2.2,,0.4242,,2.19,0.4271,,,2.0,Not Found
595092e564b92acf6d6ae92e27aaf798,baseball_npb,NPB,2026-07-01T09:00:00Z,2026-07-01T04:57:55Z,Chunichi Dragons @ Hanshin Tigers,Chunichi Dragons,2.38,,,2.21,2.4,2.35,2.35,,2.35,2.35,2.35,2.41,,,,,,,2.25,,2.35,,2.37,2.37,2.35,2.3,2.35,,2.38,,2.35,,0.3956,,,0.4016,0.3837,0.4003,0.4003,,0.4022,0.3923,0.3923,0.3988,,,,,,,0.4038,,0.3923,,0.4061,0.4061,0.3943,0.4087,0.4079,,0.3995,,0.386,,2026-07-01,2.3,,0.3948,,2.2,,0.4005,,2.35,,0.3923,,2.32,0.4011,,,2.0,Not Found
3c56bec5462c268e468433ad64bb547f,baseball_npb,NPB,2026-07-01T09:00:00Z,2026-07-01T04:57:55Z,Saitama Seibu Lions @ Fukuoka SoftBank Hawks,Saitama Seibu Lions,2.38,,,2.23,2.3,2.35,2.35,,2.4,2.28,2.28,2.46,,,,,,,2.25,,2.28,,2.4,2.4,2.35,2.36,2.35,,2.34,,2.3,,0.3956,,,0.3974,0.4068,0.4003,0.4003,,0.3939,0.4087,0.4087,0.3908,,,,,,,0.4038,,0.4087,,0.3997,0.3997,0.3943,0.3994,0.4079,,0.4069,,0.3948,,2026-07-01,2.35,,0.3838,,2.2,,0.3983,,2.28,,0.4087,,2.34,0.3972,,,2.0,Not Found
be9660c95afe70b298a651e964aaebef,tennis_atp_wimbledon,ATP Wimbledon,2026-07-01T06:55:00Z,2026-07-01T08:53:47Z,Terence Atmane @ Frances Tiafoe,Frances Tiafoe,1.14,1.13,1.15,1.16,1.13,1.16,1.16,1.19,1.2,1.13,1.1,,1.19,,,,,,1.11,1.13,,,,,1.15,,1.14,,,1.14,,,0.8524,0.8234,0.8211,0.8148,0.8516,0.8211,0.8211,0.8368,0.8098,0.8555,0.8636,,0.8368,,,,,,0.8671,0.8555,,,,,0.8439,,0.8516,,,0.8516,,,2026-07-01,,,,,,,,,1.09,,0.8678,,,,,,2.0,Not Found
e3bdc339fac89f1f5a918598526478e3,baseball_kbo,KBO,2026-07-01T09:30:00Z,2026-07-01T08:53:47Z,KT Wiz @ Hanwha Eagles,KT Wiz,1.6,,,1.59,1.69,1.62,1.62,,1.67,1.63,1.63,1.7,,,,,,,,,1.63,,1.67,1.67,1.57,,1.77,,1.57,,1.55,,0.6006,,,0.5819,0.5633,0.5913,0.5913,,0.5772,0.5845,0.5845,0.5637,,,,,,,,,0.5845,,0.582,0.582,0.6057,,0.5521,,0.6011,,0.6052,,2026-07-01,1.55,,0.6052,,1.54,,0.5921,,,,,,1.59,0.5989,,,2.0,Not Found
5e0919a8514a1242a386699a61e9eeaf,tennis_atp_wimbledon,ATP Wimbledon,2026-07-01T10:03:00Z,2026-07-01T11:57:55Z,Sebastian Ofner @ Hubert Hurkacz,Hubert Hurkacz,1.05,1.04,1.04,1.04,1.05,1.04,1.27,1.07,1.08,1.04,1.01,1.06,1.09,,,,1.05,,1.05,1.04,,1.09,,,1.02,,,,,,,,0.9307,0.9219,0.9219,0.9183,0.919,0.9191,0.7563,0.9303,0.9061,0.9308,0.9424,0.9276,0.9133,,,,0.9212,,0.9206,0.9308,,0.9097,,,0.9569,,,,,,,,2026-07-01,1.03,,0.9354,,,,,,,,,,1.06,0.9191,,,2.0,Not Found
28c337a405b66e093fed933d990d76ae,tennis_wta_wimbledon,WTA Wimbledon,2026-07-01T10:10:00Z,2026-07-01T11:57:55Z,Daria Kasatkina @ Janice Tjen,Janice Tjen,2.8,2.35,2.45,2.67,2.7,2.33,2.49,3.0,2.45,2.65,2.55,2.9,2.46,,,,2.41,,2.25,2.65,,2.46,,,2.8,,,,,,,,0.3289,0.3631,0.3616,0.3249,0.3355,0.3878,0.3607,0.3288,0.3794,0.3485,0.344,0.3252,0.4039,,,,0.3849,,0.4097,0.3485,,0.402,,,0.3337,,,,,,,,2026-07-01,2.3,,0.3948,,,,,,2.55,,0.3415,,2.85,0.3306,,,2.0,Not Found
daeaedb477e01f4db0186e37a820bbf0,tennis_atp_wimbledon,ATP Wimbledon,2026-07-01T13:55:00Z,2026-07-01T14:53:57Z,Joao Fonseca @ Jesper De Jong,Jesper De Jong,10.5,19.0,19.0,15.0,15.5,11.5,13.5,16.0,17.2,16.0,9.0,13.27,30.0,,,,20.0,,17.0,16.0,,23.5,,,17.0,,,,5.5,,,,0.0714,0.0313,0.0313,0.0479,0.0372,0.058,0.042,0.0596,0.0436,0.0411,0.0605,0.0615,0.0312,,,,0.03,,0.0344,0.0411,,0.0358,,,0.0344,,,,0.1523,,,,2026-07-01,8.5,,0.0781,,,,,,,,,,10.75,0.0657,,,2.0,Not Found
26dbe763abb9d00199b2b0afe045cda8,tennis_wta_wimbledon,WTA Wimbledon,2026-07-01T14:00:00Z,2026-07-01T14:53:57Z,Coco Gauff @ Solana Sierra,Coco Gauff,1.02,1.02,1.03,1.02,1.01,1.05,1.04,1.06,1.04,1.05,1.01,1.04,1.06,,,,1.02,,1.04,1.05,,1.08,,,1.02,,,,,,,,0.9485,0.9467,0.9438,0.9652,0.9566,0.9236,0.9332,0.9404,0.9456,0.9236,0.9424,0.9555,0.9404,,,,0.9502,,0.9308,0.9236,,0.9213,,,0.9569,,,,,,,,2026-07-01,1.03,,0.9354,,,,,,,,,,1.02,0.9579,,,2.0,Not Found
c0f3beeaf7230358b6d51904d464ab44,tennis_wta_wimbledon,WTA Wimbledon,2026-07-01T15:02:00Z,2026-07-01T14:53:57Z,Mirra Andreeva @ Barbora Krejcikova,Barbora Krejcikova,2.72,2.5,2.55,2.57,2.54,2.56,2.56,2.82,2.68,2.65,2.65,2.68,2.8,,,2.68,2.74,,2.6,2.65,2.65,2.76,2.65,,2.65,2.65,2.73,,2.6,2.64,2.55,,0.346,0.3711,0.3714,0.3678,0.3635,0.3575,0.3575,0.3505,0.3441,0.3508,0.3508,0.3598,0.3539,,,0.3532,0.362,,0.359,0.3508,0.3508,0.3544,0.364,,0.3553,0.3553,0.3564,,0.359,0.3516,0.3627,,2026-07-01,2.6,,0.3522,,2.6,2.7,0.359,0.3519,2.6,,0.3475,,2.57,0.359,,,2.0,Not Found
f8fb45a58d5cdcc32c2128b711f58ad4,tennis_wta_wimbledon,WTA Wimbledon,2026-07-01T15:30:00Z,2026-07-01T14:53:57Z,Xinyu Wang @ Belinda Bencic,Xinyu Wang,3.55,3.4,3.5,3.5,3.4,3.35,3.35,3.75,3.42,3.4,3.4,3.52,3.75,,,3.4,3.64,,3.3,3.4,3.4,3.7,3.73,,3.4,3.35,3.56,,3.3,,3.4,,0.2592,0.2683,0.2669,0.2641,0.2654,0.2676,0.2676,0.263,0.2645,0.2683,0.2683,0.2717,0.263,,,0.2683,0.2642,,0.2756,0.2683,0.2683,0.2675,0.2465,,0.2711,0.2676,0.2701,,0.2756,,0.2624,,2026-07-01,,,,,3.4,3.4,0.2683,0.2683,3.3,,0.2669,,3.34,0.268,,,2.0,Not Found
5cd62d41639d452d84d2114bd9713f4b,tennis_atp_wimbledon,ATP Wimbledon,2026-07-01T15:30:00Z,2026-07-01T14:53:57Z,Pablo Carreno Busta @ Rafael Jodar,Pablo Carreno Busta,4.2,4.1,4.3,4.15,4.0,3.92,3.92,4.5,3.87,4.1,4.1,4.4,4.5,,,4.02,4.35,,4.0,4.1,4.1,4.5,,,4.0,4.25,4.36,,4.0,4.05,4.2,,0.2158,0.2154,0.2131,0.2205,0.2218,0.2243,0.2243,0.2174,0.2292,0.2187,0.2187,0.2136,0.2174,,,0.2398,0.2181,,0.225,0.2187,0.2187,0.2143,,,0.225,0.2078,0.2179,,0.225,0.2202,0.2092,,2026-07-01,3.8,4.1,0.2316,0.2251,4.0,4.1,0.225,0.222,3.95,,0.2099,,4.0,0.225,,,2.0,Not Found
afdb817faca36038ccfa594672010b63,baseball_mlb,MLB,2026-07-01T17:36:00Z,2026-07-01T17:11:38Z,Detroit Tigers @ New York Yankees,Detroit Tigers,2.1,2.1,2.1,2.07,2.1,2.09,2.09,2.1,2.23,2.12,2.1,2.1,2.12,2.13,2.17,2.07,2.11,,2.15,2.12,2.1,2.12,2.06,2.06,2.05,2.14,2.1,2.2,2.1,2.04,2.1,,0.4556,0.444,0.4474,0.4439,0.4507,0.4519,0.4519,0.4721,0.4266,0.4501,0.4507,0.4664,0.4699,0.4645,0.4557,0.4713,0.4696,,0.4402,0.4501,0.4507,0.467,0.4724,0.4724,0.4661,0.4559,0.4649,0.4432,0.4491,0.4642,0.4649,,2026-07-01,2.2,,0.4242,,2.15,2.13,0.4419,0.4585,,,,,2.14,0.4479,Polymarket,2.13,2.0,Not Found
f59c1e3050cb7baeab3f1b997ee3a895,baseball_mlb,MLB,2026-07-01T17:11:00Z,2026-07-01T17:11:38Z,Texas Rangers @ Cleveland Guardians,Texas Rangers,2.06,2.0,2.05,2.0,2.05,,2.03,2.1,1.99,2.04,2.02,2.09,,2.08,2.0,2.03,2.02,,2.0,2.04,2.02,1.99,2.1,2.1,2.0,2.09,2.09,2.05,2.0,2.01,2.1,,0.4665,0.4626,0.4598,0.4559,0.4614,,0.4654,0.4693,0.4704,0.4704,0.4713,0.469,,0.4758,0.4854,0.467,0.483,,0.4722,0.4704,0.4697,0.4839,0.4649,0.4649,0.4675,0.466,0.469,0.4736,0.4722,0.471,0.4649,,2026-07-01,1.93,,0.4858,,2.0,2.09,0.4691,0.4675,,,,,2.05,0.4677,Polymarket,2.08,2.0,Not Found
20daf5cb11b84206b62e89ad4e77eb07,cricket_t20_blast,T20 Blast,2026-07-01T18:00:00Z,2026-07-01T17:11:38Z,Lancashire @ Derbyshire,Lancashire,,,,,,1.62,1.62,1.69,,1.7,1.7,1.7,1.69,,,,,,1.61,,,,1.61,,,,,,1.62,1.63,,,,,,,,0.5913,0.5913,0.5875,,0.556,0.556,0.5526,0.5875,,,,,,0.5932,,,,0.5893,,,,,,0.5913,0.5731,,,2026-07-01,,,,,,,,,,,,,,,,,2.0,Not Found
f72e59b7e9e163576745752cc38431cf,baseball_milb,MiLB,2026-07-01T22:45:00Z,2026-07-01T20:55:35Z,Gwinnett Stripers @ Durham Bulls,Gwinnett Stripers,1.93,,,,,,,,,,,,,,,,,,,,1.79,,1.91,,1.83,,1.84,,,,,,0.4888,,,,,,,,,,,,,,,,,,,,0.5189,,0.4886,,0.5114,,0.5058,,,,,,2026-07-01,,,,,,,,,,,,,,,,,2.0,Not Found
5f7fe4e0da65fac721c66d864c9978a6,baseball_milb,MiLB,2026-07-01T23:05:00Z,2026-07-01T20:55:35Z,Louisville Bats @ Columbus Clippers,Louisville Bats,1.93,,,,,,,,,,,,,,,,,,,,1.92,,1.91,,1.91,,1.87,,,,,,0.4888,,,,,,,,,,,,,,,,,,,,0.4826,,0.4886,,0.4886,,0.4971,,,,,,2026-07-01,,,,,,,,,,,,,,,,,2.0,Not Found
9bc02db3da6a621d686c70c4384d1a9f,baseball_mlb,MLB,2026-07-01T23:16:00Z,2026-07-01T22:17:57Z,St. Louis Cardinals @ Atlanta Braves,St. Louis Cardinals,2.16,2.1,2.1,2.12,2.1,2.12,2.12,2.2,2.17,2.2,2.18,2.21,2.22,2.17,2.22,2.19,2.2,,2.15,2.2,2.18,2.23,2.17,2.17,2.15,2.16,2.21,2.26,2.1,2.14,2.18,,0.4458,0.444,0.444,0.4417,0.4507,0.4452,0.4452,0.4495,0.438,0.4332,0.4352,0.4422,0.4474,0.4557,0.4459,0.4474,0.4525,,0.4402,0.4332,0.4317,0.4449,0.4495,0.4495,0.4419,0.4522,0.4422,0.4419,0.4491,0.4412,0.4485,,2026-07-01,2.2,,0.4242,,2.15,2.16,0.4419,0.4506,,,,,2.16,0.4425,Polymarket,2.17,2.0,Not Found
00144765eede4533d7cc8daa7c25f77a,baseball_milb,MiLB,2026-07-01T22:45:00Z,2026-07-01T22:17:57Z,Lehigh Valley IronPigs @ Rochester Red Wings,Lehigh Valley IronPigs,2.14,,,,,,,,,,,,,,,,,,,,2.16,,2.13,,2.1,,2.09,,,,,,0.436,,,,,,,,,,,,,,,,,,,,0.4247,,0.4389,,0.4422,,0.4416,,,,,,2026-07-01,,,,,,,,,,,,,,,,,2.0,Not Found
2d86d0b743b71b1c54de3b1d7c8a265b,baseball_milb,MiLB,2026-07-01T23:05:00Z,2026-07-01T22:17:57Z,Iowa Cubs @ Toledo Mud Hens,Iowa Cubs,2.0,,,,,,,,,,,,,,,,,,,,2.0,,2.0,,2.0,,1.96,,,,,,0.4691,,,,,,,,,,,,,,,,,,,,0.4626,,0.4675,,0.4675,,0.4726,,,,,,2026-07-01,,,,,,,,,,,,,,,,,2.0,Not Found
9eeb4876001f5a52ce3c3641bd5f1f2f,soccer_fifa_world_cup,FIFA World Cup,2026-07-02T00:00:00Z,2026-07-01T23:48:28Z,Bosnia & Herzegovina @ USA,Draw,5.1,5.2,5.3,5.1,5.0,5.05,5.05,5.4,5.25,5.2,5.1,5.25,5.3,5.26,,5.08,,,4.75,5.2,5.1,,5.25,,5.2,5.0,5.36,,4.8,5.4,5.0,,0.1764,0.1748,0.1741,0.1774,0.1799,0.1862,0.1862,0.1836,0.1782,0.1814,0.1783,0.1837,0.1877,0.1869,,0.1834,,,0.1814,0.1814,0.1783,,0.1799,,0.1747,0.1874,0.1763,,0.1836,0.1766,0.1824,,2026-07-02,5.3,5.2,0.1716,0.1758,5.2,5.0,0.1757,0.1874,4.9,,0.1817,,5.3,0.1688,Polymarket,5.26,3.0,Not Found
c771b9e374413d651231684704a5bbfe,baseball_mlb,MLB,2026-07-02T00:11:00Z,2026-07-01T23:48:28Z,Minnesota Twins @ Houston Astros,Minnesota Twins,2.22,2.2,2.2,2.17,2.25,2.22,2.22,2.4,2.29,2.2,2.18,2.37,2.4,2.38,2.33,2.37,2.38,,2.25,2.2,2.17,2.38,2.36,2.36,2.31,2.34,2.33,2.42,2.2,2.26,2.35,,0.4294,0.4186,0.4224,0.4199,0.4192,0.424,0.424,0.4125,0.4135,0.4349,0.4352,0.4116,0.4125,0.4142,0.4239,0.4116,0.4177,,0.4192,0.4349,0.4328,0.4142,0.4125,0.4125,0.4116,0.4143,0.4187,0.4125,0.4279,0.4164,0.4134,,2026-07-02,2.3,,0.4049,,2.25,2.35,0.4192,0.4134,,,,,2.32,0.4125,Polymarket,2.38,2.0,Not Found
5961513fee89b7b96eae78376ec2fe3f,baseball_mlb,MLB,2026-07-01T22:41:00Z,2026-07-01T23:48:28Z,Pittsburgh Pirates @ Philadelphia Phillies,Philadelphia Phillies,1.06,1.11,1.1,1.05,1.05,1.04,1.04,1.07,1.07,1.05,,1.05,1.09,1.12,1.1,1.06,1.1,,1.06,1.05,1.03,1.12,,,1.06,,,,,,,,0.9129,0.8735,0.8831,0.9095,0.9236,0.9216,0.9216,,0.9006,0.9174,,0.9313,0.8873,0.8864,0.9045,0.9163,0.8995,,0.905,0.9174,0.9229,0.8927,,,0.9161,,,,,,,,2026-07-01,1.01,,0.9496,,,,,,,,,,1.08,0.8984,Polymarket,1.12,2.0,Not Found
cb70b274dccece5dba7d7988ce0a0031,baseball_npb,NPB,2026-07-02T09:00:00Z,2026-07-02T08:55:18Z,Orix Buffaloes @ Hokkaido Nippon-Ham Fighters,Hokkaido Nippon-Ham Fighters,1.52,,,,1.5,1.55,1.55,,1.54,1.5,1.5,1.56,,,,,,,1.5,,1.5,,1.56,1.56,1.53,1.56,1.57,,1.53,,1.45,,0.6336,,,,0.6333,0.6226,0.6226,,0.6247,0.6333,0.6333,0.6244,,,,,,,0.6333,,0.6333,,0.626,0.626,0.6227,0.6181,0.6201,,0.633,,0.6487,,2026-07-02,1.47,,0.6401,,1.47,,0.6318,,1.5,,0.6333,,1.51,0.6327,,,2.0,Not Found
7338c40c4518c21a1654c0c3d3fadcb1,baseball_kbo,KBO,2026-07-02T09:30:52Z,2026-07-02T11:33:30Z,LG Twins @ Kiwoom Heroes,Kiwoom Heroes,3.85,,,2.65,3.1,,3.7,,3.35,3.3,,3.76,,,,,,3.55,,,3.25,,,,3.4,,,,,,,,0.2299,,,0.321,0.2854,,0.2383,,0.2646,0.2578,,0.233,,,,,,0.2408,,,0.2506,,,,0.2564,,,,,,,,2026-07-02,3.7,,0.2253,,,,,,,,,,2.7,0.328,,,2.0,Not Found
af9c3f27c64760c002beb5b8caf1f8ea,aussierules_afl,AFL,2026-07-02T09:32:00Z,2026-07-02T11:33:30Z,Brisbane Lions @ Geelong Cats,Geelong Cats,,,,,,,3.35,3.3,3.4,,,,,,,,,,,3.7,,,,,,,,,,,,,,,,,,,0.2646,0.2784,0.2595,,,,,,,,,,,0.2383,,,,,,,,,,,,,2026-07-02,3.6,,0.2389,,,,,,,,,,,,,,2.0,Not Found
aed2eee3003707dd3092f0e35a79a06c,tennis_atp_wimbledon,ATP Wimbledon,2026-07-02T13:30:00Z,2026-07-02T13:20:37Z,Alex Molcan @ Jiri Lehecka,Alex Molcan,5.4,5.2,5.5,5.4,4.75,5.12,5.12,6.0,5.08,4.6,4.6,5.56,6.0,,,4.94,5.71,,5.0,4.6,4.6,5.95,,,5.25,5.0,5.36,,5.0,4.8,5.0,,0.1616,0.1651,0.1636,0.1652,0.1815,0.1629,0.1629,0.1632,0.1674,0.192,0.192,0.1698,0.1632,,,0.1775,0.1638,,0.1726,0.192,0.192,0.1603,,,0.1679,0.1726,0.1766,,0.1726,0.1804,0.169,,2026-07-02,5.7,5.4,0.1452,0.1652,5.3,5.1,0.1633,0.1707,4.4,,0.1863,,5.3,0.1633,,,2.0,Not Found
85709f580f3eec8d7f9af8633f0b8f34,tennis_wta_wimbledon,WTA Wimbledon,2026-07-02T14:00:00Z,2026-07-02T13:20:37Z,Marta Kostyuk @ Anna Blinkova,Marta Kostyuk,1.14,1.14,1.15,1.12,1.13,1.13,1.13,1.17,1.14,1.13,1.09,1.17,1.17,,,1.14,1.18,,1.14,1.13,1.13,1.18,,,1.14,1.14,1.15,,1.14,1.14,1.14,,0.8539,0.8509,0.8514,0.8602,0.8516,0.853,0.853,0.8492,0.8553,0.8563,0.8694,0.8439,0.8516,,,0.8543,0.8412,,0.8386,0.8563,0.8591,0.8431,,,0.8516,0.8477,0.8447,,0.8477,0.8501,0.8477,,2026-07-02,1.11,,0.8698,,1.15,1.14,0.8439,0.8477,1.09,,0.8694,,1.14,0.8477,,,2.0,Not Found
2a1634e9fe0b4381b834507184b0c0ae,tennis_atp_wimbledon,ATP Wimbledon,2026-07-02T13:58:00Z,2026-07-02T15:37:13Z,Jaume Munar @ Jacob Fearnley,Jacob Fearnley,3.6,3.25,3.4,2.73,3.0,3.33,3.56,4.2,3.68,3.4,3.25,3.21,3.9,,,,3.7,,3.0,2.88,,4.0,,,3.2,,,,,,,,0.2513,0.2473,0.2471,0.3182,0.299,0.2595,0.2404,0.2374,0.2452,0.2624,0.257,0.2908,0.2494,,,,0.2505,,0.299,0.319,,0.2433,,,0.2886,,,,,,,,2026-07-02,3.0,,0.2963,,,,,,3.25,,0.257,,3.15,0.2884,,,2.0,Not Found
377d4696b263ff2928903f63e3fb4267,tennis_atp_wimbledon,ATP Wimbledon,2026-07-02T14:53:00Z,2026-07-02T15:37:13Z,Yannick Hanfmann @ Karen Khachanov,Yannick Hanfmann,4.9,5.0,5.2,5.1,5.5,5.3,5.3,5.9,6.08,5.3,5.2,4.47,5.8,,,,5.56,,4.75,5.3,,5.5,,,5.5,,,,,,,,0.1783,0.1455,0.1497,0.1516,0.1484,0.1479,0.1479,0.1681,0.1436,0.1596,0.1457,0.202,0.1695,,,,0.1662,,0.1705,0.1596,,0.1742,,,0.1561,,,,,,,,2026-07-02,6.0,,0.1288,,,,,,5.1,,0.1476,,4.75,0.1886,,,2.0,Not Found
fd09cf3c860ea9a59a315a30c7dd6edf,tennis_atp_wimbledon,ATP Wimbledon,2026-07-02T15:46:00Z,2026-07-02T15:37:13Z,Grigor Dimitrov @ Jakub Mensik,Jakub Mensik,1.53,1.54,1.56,1.57,1.53,1.53,1.53,1.61,1.56,1.57,1.57,1.6,1.61,,,1.51,1.57,,1.57,1.57,1.57,1.61,,,1.56,1.56,1.61,,1.57,1.56,1.55,,0.6307,0.6206,0.6205,0.616,0.6227,0.6219,0.6219,0.6183,0.613,0.6057,0.6057,0.6133,0.6183,,,0.6279,0.6232,,0.6084,0.6057,0.6057,0.6152,,,0.6205,0.6205,0.6106,,0.6084,0.6139,0.6142,,2026-07-02,1.55,1.56,0.6142,0.6205,1.55,1.57,0.6142,0.6185,1.55,,0.6033,,1.55,0.621,,,2.0,Not Found
f8844ebf08e87192e6bd3039566d059f,tennis_wta_wimbledon,WTA Wimbledon,2026-07-02T16:00:00Z,2026-07-02T15:37:13Z,Elena Rybakina @ Caty McNally,Caty McNally,4.4,4.4,4.6,4.6,4.2,4.4,4.4,5.0,4.51,4.75,4.75,4.78,5.0,,,4.46,4.76,,4.2,4.75,4.75,4.85,4.45,,4.5,4.25,4.8,,4.2,4.4,4.5,,0.2038,0.2004,0.1989,0.1989,0.2092,0.197,0.197,0.1968,0.1942,0.1851,0.1851,0.1981,0.1968,,,0.1884,0.1985,,0.2092,0.1851,0.1851,0.1966,0.2091,,0.2013,0.2078,0.1977,,0.2092,0.2004,0.1944,,2026-07-02,4.6,,0.185,,4.35,4.3,0.2017,0.2064,4.6,,0.1813,,4.3,0.1996,,,2.0,Not Found
a518ac20df8f5c732b881e213ae0c230,soccer_fifa_world_cup,FIFA World Cup,2026-07-02T19:00:00Z,2026-07-02T17:17:57Z,Austria @ Spain,Austria,12.0,10.0,10.0,12.5,9.5,12.0,12.0,14.0,12.0,12.5,11.5,12.75,14.0,13.79,,11.18,,13.0,10.0,12.5,11.5,,12.5,,10.0,11.0,12.1,,11.0,10.5,12.0,,0.0669,0.0799,0.083,0.0703,0.0871,0.0713,0.0713,0.07,0.0699,0.0723,0.0703,0.0712,0.069,0.0694,,0.0738,,0.0697,0.0667,0.0723,0.0703,,0.0701,,0.0821,0.0749,0.0769,,0.0606,0.0586,0.065,,2026-07-02,10.5,10.0,0.0779,0.0821,14.0,10.0,0.062,0.0801,11.0,,0.0756,,10.3,0.077,Polymarket,13.79,3.0,Not Found
5bef1d8c5da8b1d4f7cd37af77aac5b2,tennis_wta_wimbledon,WTA Wimbledon,2026-07-02T14:00:00Z,2026-07-02T17:17:57Z,Maria Sakkari @ Kamilla Rakhimova,Kamilla Rakhimova,1.28,1.68,1.72,1.46,1.71,1.72,1.72,1.2,1.6,1.68,1.44,1.18,1.89,,,,1.38,1.5,1.8,1.68,,1.86,,,1.45,,,,,,,,0.7555,0.5399,0.5382,0.6384,0.5485,0.5419,0.5419,0.8274,0.596,0.5651,0.6456,0.834,0.5242,,,,0.7223,0.641,0.516,0.5651,,0.5237,,,0.6663,,,,,,,,2026-07-02,1.7,,0.556,,,,,,1.62,,0.5671,,1.14,0.8516,,,2.0,Not Found
5316dcc5c0e7a6949cca3612252e4062,tennis_atp_wimbledon,ATP Wimbledon,2026-07-02T17:11:02Z,2026-07-02T17:17:57Z,Alexander Bublik @ Kyrian Jacquet,Alexander Bublik,1.09,1.06,1.08,1.09,1.06,1.08,1.08,1.11,1.09,1.09,1.06,1.26,1.09,,,1.29,1.09,1.1,1.06,1.09,,1.09,,,1.11,1.2,1.27,,1.25,,1.25,,0.892,0.8948,0.8889,0.8754,0.9092,0.8833,0.8853,0.8973,0.8999,0.892,0.9003,0.7821,0.9133,,,0.7564,0.8962,0.8831,0.905,0.892,,0.9087,,,0.879,0.8056,0.7758,,0.775,,0.7684,,2026-07-02,1.07,1.25,0.8959,0.778,1.25,1.2,0.7795,0.808,1.05,,0.9048,,1.18,0.8227,,,2.0,Not Found
852b4baf0be4b9eef2a30596a8d39249,soccer_fifa_world_cup,FIFA World Cup,2026-07-02T23:00:00Z,2026-07-02T18:51:57Z,Croatia @ Portugal,Portugal,1.67,1.66,1.68,1.67,1.65,1.72,1.72,1.73,1.67,1.7,1.67,1.69,1.73,1.71,,1.68,,1.71,1.61,1.7,1.67,,1.69,,1.68,1.69,1.72,,1.65,1.7,1.65,,0.584,0.5832,0.5795,0.5857,0.583,0.5673,0.5673,0.5777,0.5842,0.5809,0.583,0.5843,0.5777,0.5832,,0.5784,,0.5779,0.5882,0.5809,0.583,,0.5819,,0.5807,0.5785,0.5766,,0.5781,0.5797,0.5879,,2026-07-02,1.62,1.68,0.6009,0.5783,1.65,1.69,0.5932,0.5783,1.64,,0.5856,,1.65,0.5856,Polymarket,1.71,3.0,Not Found
67edf4cb633918ae273cf4d8d89e228b,soccer_brazil_serie_b,Brazil Série B,2026-07-02T23:00:00Z,2026-07-02T18:51:57Z,América Mineiro @ Cuiabá,América Mineiro,4.6,,,,4.5,4.65,4.65,5.0,4.6,4.6,4.3,4.93,5.1,,,,,4.5,4.6,4.6,4.4,,4.8,4.8,4.7,4.7,,,4.6,4.7,,,0.1919,,,,0.189,0.1877,0.1877,0.1941,0.199,0.1935,0.1925,0.1886,0.1924,,,,,0.1987,0.1886,0.1935,0.1949,,0.1855,0.1855,0.1848,0.1848,,,0.1886,0.1868,,,2026-07-02,,4.6,,0.1883,,,,,,,,,,,,,3.0,Not Found
2bbaa286b732c0af8947d273e164f15e,baseball_mlb,MLB,2026-07-02T18:11:00Z,2026-07-02T20:14:29Z,Cincinnati Reds @ Milwaukee Brewers,Milwaukee Brewers,11.6,17.0,18.0,10.5,11.5,20.0,20.0,20.0,11.4,,,11.15,17.5,16.67,20.0,,13.33,,12.0,,,17.5,,,,,,,,,,,0.0577,0.044,0.0423,0.0574,0.058,0.0348,0.0348,0.0442,0.0537,,,0.0731,0.0335,0.0538,0.0442,,0.0567,,0.0466,,,0.0478,,,,,,,,,,,2026-07-02,,,,,,,,,,,,,7.75,0.1016,Polymarket,16.67,2.0,Not Found
6f7b9d64e494097e8646d88ca4c33577,baseball_mlb,MLB,2026-07-02T22:41:00Z,2026-07-02T20:14:29Z,Chicago White Sox @ Cleveland Guardians,Chicago White Sox,1.93,1.9,1.92,1.92,1.95,1.92,1.92,2.0,1.95,1.91,1.89,2.0,2.02,2.0,2.0,1.95,2.0,,1.91,1.91,1.88,2.0,1.98,1.95,1.94,1.97,1.99,1.98,1.91,1.93,1.98,,0.5,0.4914,0.4916,0.4916,0.489,0.4945,0.4945,0.4962,0.4905,0.5027,0.5041,0.4909,0.4937,0.4949,0.4949,0.5,0.4975,,0.4915,0.5027,0.5042,0.4949,0.4935,0.5,0.4918,0.4947,0.4922,0.5,0.5,0.4917,0.4935,,2026-07-02,1.93,,0.4858,,1.93,1.97,0.4931,0.4947,,,,,1.97,0.4878,Polymarket,2.0,2.0,Not Found
08400c89de5c81f8f69eac11ee3c3a7f,baseball_milb,MiLB,2026-07-02T22:35:00Z,2026-07-02T20:14:29Z,Worcester Red Sox @ Syracuse Mets,Worcester Red Sox,2.0,,,,,,,,,,,,,,,,,,,,2.02,,2.0,,2.0,,1.96,,,,,,0.4691,,,,,,,,,,,,,,,,,,,,0.4585,,0.4675,,0.4675,,0.4726,,,,,,2026-07-02,,,,,,,,,,,,,,,,,2.0,Not Found
2f001219eeb9aeef226cacf1824498b4,baseball_milb,MiLB,2026-07-02T22:45:00Z,2026-07-02T20:14:29Z,Gwinnett Stripers @ Durham Bulls,Gwinnett Stripers,1.98,,,,,,,,,,,,,,,,,,,,1.93,,2.0,,2.0,,1.94,,,,,,0.4732,,,,,,,,,,,,,,,,,,,,0.4797,,0.4675,,0.4675,,0.4784,,,,,,2026-07-02,,,,,,,,,,,,,,,,,2.0,Not Found
879a5959810196171e8b30197302e62a,baseball_milb,MiLB,2026-07-03T00:35:00Z,2026-07-02T23:47:29Z,Sacramento River Cats @ El Paso Chihuahuas,Sacramento River Cats,1.85,,,,,,,,,,,,,,,,,,,,1.82,,1.83,,1.83,,1.84,,,,,,0.5112,,,,,,,,,,,,,,,,,,,,0.5102,,0.5114,,0.5114,,0.5058,,,,,,2026-07-03,,,,,,,,,,,,,,,,,2.0,Not Found
f3cc690eff74300a6918001441db88f5,baseball_npb,NPB,2026-07-03T09:00:00Z,2026-07-03T05:07:44Z,Hiroshima Toyo Carp @ Hanshin Tigers,Hanshin Tigers,1.5,,,1.46,1.5,1.5,1.5,,1.51,1.45,1.45,1.54,,,,,,,1.5,,1.45,,1.49,1.49,1.49,1.54,1.55,,1.53,,1.45,,0.641,,,0.635,0.6373,0.641,0.641,,0.635,0.6561,0.6561,0.6346,,,,,,,0.6333,,0.6561,,0.6551,0.6551,0.6395,0.6294,0.6257,,0.633,,0.6487,,2026-07-03,1.45,,0.6487,,1.45,,0.6365,,1.45,,0.6561,,1.5,0.6365,,,2.0,Not Found
6dcae80d518491b50871b94e9afb73b7,baseball_npb,NPB,2026-07-03T09:00:00Z,2026-07-03T05:07:44Z,Hokkaido Nippon-Ham Fighters @ Tohoku Rakuten Golden Eagles,Hokkaido Nippon-Ham Fighters,1.67,,,1.62,1.67,1.68,1.68,,1.69,1.77,1.77,1.7,,,,,,,1.67,,1.77,,1.71,1.71,1.65,1.7,1.71,,1.71,,1.62,,0.5742,,,0.5683,0.5721,0.5703,0.5703,,0.5686,0.535,0.535,0.5729,,,,,,,0.5613,,0.535,,0.5651,0.5651,0.5758,0.5594,0.5662,,0.5641,,0.5761,,2026-07-03,1.62,,0.5761,,1.6,,0.5686,,1.77,,0.535,,1.68,0.564,,,2.0,Not Found
f8703ec52ecf5917bb6c3d5c018e6e06,baseball_npb,NPB,2026-07-03T09:00:00Z,2026-07-03T08:26:28Z,Chiba Lotte Marines @ Fukuoka SoftBank Hawks,Chiba Lotte Marines,2.44,,,2.28,2.5,2.4,2.4,,2.5,2.33,2.33,2.5,,,,,,2.37,2.25,,2.33,,2.57,2.57,2.5,2.53,2.49,,2.48,,2.4,,0.3844,,,0.3882,0.3732,0.3919,0.3919,,0.3753,0.3961,0.3961,0.3835,,,,,,0.3965,0.4038,,0.3961,,0.374,0.374,0.3667,0.375,0.3823,,0.3831,,0.375,,2026-07-03,2.3,,0.3948,,2.25,,0.3889,,2.33,,0.3961,,2.39,0.3887,,,2.0,Not Found
9ffba0acbf01155b46b6a0a0939a4dba,baseball_npb,NPB,2026-07-03T09:00:00Z,2026-07-03T08:26:28Z,Saitama Seibu Lions @ Orix Buffaloes,Orix Buffaloes,2.1,,,1.97,2.1,2.1,2.1,,2.05,2.14,2.14,2.15,,,,,,2.15,2.1,,2.14,,2.05,2.05,1.95,1.88,2.05,,2.12,,1.95,,0.4524,,,0.4579,0.4507,0.4524,0.4524,,0.4614,0.436,0.436,0.4517,,,,,,0.4402,0.4387,,0.436,,0.4661,0.4661,0.4786,0.4957,0.4707,,0.4501,,0.4707,,2026-07-03,2.05,,0.4498,,1.95,,0.457,,2.14,,0.436,,2.08,0.4514,,,2.0,Not Found
e0dbbded4c7d927561468e50b545605e,baseball_kbo,KBO,2026-07-03T09:30:00Z,2026-07-03T08:26:28Z,Hanwha Eagles @ LG Twins,Hanwha Eagles,2.34,,,2.21,2.25,2.3,2.3,,2.3,2.33,2.33,2.34,,,,,,2.3,,,2.33,,2.37,2.37,2.3,,2.35,,2.25,,2.25,,0.4031,,,0.4078,0.4136,0.4087,0.4087,,0.4144,0.3961,0.3961,0.4031,,,,,,0.4087,,,0.3961,,0.4061,0.4061,0.4029,,0.4134,,0.4097,,0.4038,,2026-07-03,2.3,,0.3948,,2.15,,0.41,,,,,,2.29,0.4078,,,2.0,Not Found
ec9c551090d5f7f177e1196aafae751f,baseball_kbo,KBO,2026-07-03T09:30:20Z,2026-07-03T11:10:35Z,Samsung Lions @ SSG Landers,Samsung Lions,1.13,,,1.03,1.04,,1.03,,1.06,1.05,,1.13,,,,,,1.08,,,1.02,,,,1.04,,,,,,,,0.8532,,,0.9073,0.9219,,0.94,,0.9129,0.9174,,0.8522,,,,,,0.886,,,0.9314,,,,0.9252,,,,,,,,2026-07-03,,,,,,,,,,,,,1.18,0.8101,,,2.0,Not Found
720ec280fb8636fb10d54d200ea3144a,tennis_atp_wimbledon,ATP Wimbledon,2026-07-03T12:30:00Z,2026-07-03T11:10:35Z,Novak Djokovic @ Arthur Rinderknech,Novak Djokovic,,1.09,1.1,1.11,1.09,1.09,1.09,1.12,1.09,1.1,1.1,1.11,1.13,,,1.13,1.12,1.11,1.06,1.1,1.1,1.13,,,1.09,1.1,1.11,,1.08,1.1,1.1,,,0.8898,0.892,0.8838,0.8873,0.8855,0.8855,0.8883,0.8883,0.8805,0.8805,0.8861,0.8843,,,0.8694,0.8864,0.8859,0.9092,0.8805,0.8805,0.8807,,,0.892,0.8831,0.8913,,0.8963,0.8826,0.8776,,2026-07-03,1.08,1.11,0.8935,0.8829,1.1,1.09,0.8879,0.8916,1.09,,0.8846,,1.1,0.8841,,,2.0,Not Found
406c1338806c9708394e54c4f97c77e6,tennis_atp_wimbledon,ATP Wimbledon,2026-07-03T12:36:00Z,2026-07-03T15:26:25Z,Shintaro Mochizuki @ Rafael Jodar,Rafael Jodar,3.6,2.35,2.25,2.58,3.1,2.83,2.31,4.7,2.32,2.7,3.15,4.33,2.58,,,,2.74,,2.75,2.7,,2.46,,,2.65,,,,,,,,0.2513,0.3655,0.3975,0.3417,0.2882,0.3117,0.3918,0.2096,0.403,0.3404,0.2741,0.209,0.3832,,,,0.3377,,0.3247,0.3404,,0.3908,,,0.3553,,,,,,,,2026-07-03,3.0,,0.2963,,,,,,3.15,,0.2681,,3.4,0.2624,,,2.0,Not Found
00590a5179530d88dc773b97b25a9ab8,tennis_wta_wimbledon,WTA Wimbledon,2026-07-03T16:00:00Z,2026-07-03T15:26:25Z,Mananchaya Sawangkaew @ Karolina Muchova,Mananchaya Sawangkaew,9.9,8.5,9.5,8.75,8.75,8.47,8.47,10.5,8.6,8.0,8.0,9.86,10.5,,,8.32,9.52,,9.0,8.0,8.0,9.9,8.5,,8.75,9.5,10.6,,9.0,8.6,8.0,,0.0788,0.0871,0.0853,0.0899,0.0854,0.0873,0.0873,0.0931,0.0908,0.0995,0.0995,0.0834,0.0931,,,0.1056,0.0938,,0.0839,0.0995,0.0995,0.096,0.0826,,0.0899,0.0764,0.0842,,0.0839,0.0908,0.0952,,2026-07-03,10.0,,0.0692,,8.3,9.95,0.093,0.0741,8.0,,0.0952,,8.4,0.0878,,,2.0,Not Found
278740a1b991e6bfd6461bcbf1109614,cricket_test_match,Test Matches,2026-07-03T14:00:00Z,2026-07-03T16:54:54Z,Sri Lanka @ West Indies,Draw,,,,,,,9.0,11.0,10.0,11.0,10.0,,10.5,,,,,,9.25,,,,,,,,,,,,,,,,,,,,0.0939,0.0884,0.0756,0.0679,0.0655,,0.0913,,,,,,0.0842,,,,,,,,,,,,,,2026-07-03,,,,,,,,,,,,,,,,,3.0,Not Found
c6f3a5d3f77d4cbfd47bbe13fae021f1,tennis_wta_wimbledon,WTA Wimbledon,2026-07-03T14:30:00Z,2026-07-03T16:54:54Z,Jelena Ostapenko @ Aryna Sabalenka,Aryna Sabalenka,1.12,1.1,1.1,1.1,1.07,1.12,1.1,1.16,1.13,1.09,1.07,1.17,1.15,,,,1.14,1.14,1.11,1.1,,1.16,,,1.12,,,,,,,,0.8695,0.862,0.8698,0.862,0.9006,0.8531,0.8701,0.8596,0.8629,0.8873,0.8904,0.8436,0.8672,,,,0.8711,0.8516,0.8671,0.8805,,0.8553,,,0.8695,,,,,,,,2026-07-03,1.1,,0.8712,,,,,,1.06,,0.8936,,1.16,0.8358,,,2.0,Not Found
2e6bee29238d535c24d76aa2425c32ed,tennis_wta_wimbledon,WTA Wimbledon,2026-07-03T16:00:00Z,2026-07-03T16:54:54Z,Coco Gauff @ Claire Liu,Coco Gauff,1.08,1.03,1.03,1.05,1.04,1.05,1.04,1.09,1.05,1.05,1.01,1.06,1.07,,,,1.06,1.06,1.05,1.05,,1.07,,,1.08,,,,1.14,,,,0.9005,0.9354,0.9378,0.9206,0.9267,0.9221,0.9295,0.9152,0.9352,0.9236,0.9395,0.937,0.9328,,,,0.9292,0.9191,0.9206,0.9206,,0.9168,,,0.9005,,,,0.8477,,,,2026-07-03,1.02,,0.9447,,,,,,1.02,,0.9346,,1.06,0.9204,,,2.0,Not Found
0ad50cc611efe95200e3ce2a6b107a1e,cricket_t20_blast,T20 Blast,2026-07-03T17:30:00Z,2026-07-03T16:54:54Z,Lancashire @ Nottinghamshire,Lancashire,,,,,,2.1,2.1,2.36,,2.15,2.15,2.0,2.38,,,,,,2.1,,,,2.0,,,,,,2.1,2.08,,,,,,,,0.4474,0.4474,0.4212,,0.4332,0.4332,0.4659,0.4177,,,,,,0.4491,,,,0.4675,,,,,,0.4491,0.441,,,2026-07-03,,,,,,,,,,,,,,,,,2.0,Not Found
d0cbc86603cb62460f6d14ed211e488b,tennis_atp_wimbledon,ATP Wimbledon,2026-07-03T18:15:32Z,2026-07-03T18:12:14Z,Michael Zheng @ Felix Auger-Aliassime,Felix Auger-Aliassime,1.17,1.17,1.19,1.17,1.16,1.17,1.17,1.19,1.17,1.17,1.13,1.18,1.19,,,1.16,1.18,1.18,1.15,1.17,1.18,1.19,,,1.17,1.17,,,1.14,1.16,1.16,,0.833,0.8253,0.824,0.8097,0.8258,0.8219,0.8219,0.8368,0.8312,0.8253,0.8372,0.8349,0.8368,,,0.8332,0.8287,0.8227,0.8295,0.8253,0.8217,0.8324,,,0.8321,0.8274,,,0.8477,0.8349,0.831,,2026-07-03,1.15,1.18,0.8386,0.8276,1.16,1.18,0.833,0.8196,1.14,,0.8333,,1.18,0.8227,,,2.0,Not Found
520474e3a90cdd91344332774c1022db,soccer_league_of_ireland,League of Ireland,2026-07-03T18:45:00Z,2026-07-03T18:12:14Z,Bohemians @ Drogheda United,Bohemians,1.74,1.7,1.72,,1.69,1.75,1.78,1.86,1.77,1.76,1.73,1.83,1.88,,,,,1.78,,1.76,1.75,,1.81,1.81,1.74,1.74,1.81,,1.75,1.79,1.75,,0.5512,0.5434,0.549,,0.5582,0.5455,0.5355,0.5322,0.5446,0.5407,0.5441,0.5329,0.5284,,,,,0.5455,,0.5407,0.542,,0.5302,0.5302,0.5451,0.5451,0.53,,0.5405,0.5346,0.5378,,2026-07-03,1.72,,0.5516,,1.68,1.81,0.5574,0.5302,1.68,,0.5508,,,,,,3.0,Not Found
193c5bab6cc1b384ca558708931f5b96,soccer_league_of_ireland,League of Ireland,2026-07-03T18:45:00Z,2026-07-03T18:12:14Z,Waterford FC @ Derry City,Waterford FC,6.5,5.6,6.0,,6.0,6.5,6.5,7.4,6.5,6.75,6.5,6.94,7.4,,,,,7.0,,6.75,6.75,,7.0,7.0,6.0,6.0,6.35,,6.0,6.35,6.25,,0.1287,0.1316,0.1339,,0.136,0.1279,0.1279,0.1317,0.1319,0.1224,0.1203,0.1288,0.1317,,,,,0.1246,,0.1224,0.1207,,0.1178,0.1178,0.1373,0.1373,0.1352,,0.1306,0.1336,0.1261,,2026-07-03,6.8,,0.1175,,6.2,7.0,0.1218,0.1178,6.4,,0.1093,,,,,,3.0,Not Found
db822c086311285d36f61828f773ecb3,soccer_league_of_ireland,League of Ireland,2026-07-03T19:01:00Z,2026-07-03T19:51:14Z,Dundalk @ Shelbourne Dublin,Dundalk,9.0,8.0,8.5,,9.5,8.6,8.6,12.0,10.0,10.0,9.5,1.88,11.5,,,,,,,10.0,,,,,9.0,,,,,,,,0.0846,0.0854,0.0836,,0.0613,0.0751,0.0751,0.0816,0.0774,0.0681,0.0598,0.5108,0.0824,,,,,,,0.0681,,,,,0.0821,,,,,,,,2026-07-03,8.5,,0.0844,,,,,,9.5,,,,,,,,3.0,Not Found
3e161b2448ed76d6b0c0f5bda6fd5bf2,soccer_fifa_world_cup,FIFA World Cup,2026-07-03T22:00:00Z,2026-07-03T20:51:30Z,Cape Verde @ Argentina,Argentina,1.12,1.14,1.14,,1.14,1.14,1.14,1.16,1.14,1.15,1.13,1.16,1.16,1.16,,1.14,,,1.12,1.15,1.13,,1.15,,1.14,1.14,1.14,,1.12,1.13,1.15,,0.8724,0.8634,0.8634,,0.8609,0.8641,0.8641,0.8599,0.8579,0.8605,0.8696,0.8541,0.8591,0.8597,,0.8611,,,0.8673,0.8605,0.8696,,0.8591,,0.8614,0.8606,0.8706,,0.8694,0.8677,0.8538,,2026-07-03,1.12,1.14,0.8764,0.8595,1.13,1.15,0.8719,0.8591,1.12,,0.871,,1.14,0.8582,Polymarket,1.16,3.0,Not Found
1e593a5ea9736a1c9d1b029e252ba190,baseball_milb,MiLB,2026-07-03T22:05:00Z,2026-07-03T20:51:30Z,Louisville Bats @ Columbus Clippers,Columbus Clippers,1.85,,,,,,,,,,,,,,,,,,,,1.85,,1.83,,1.83,,1.83,,,,,,0.5112,,,,,,,,,,,,,,,,,,,,0.5,,0.5114,,0.5114,,0.5087,,,,,,2026-07-03,,,,,,,,,,,,,,,,,2.0,Not Found
3b48d501b7f5c242c1b620cb7b193ec2,baseball_milb,MiLB,2026-07-03T22:35:00Z,2026-07-03T21:56:25Z,Worcester Red Sox @ Syracuse Mets,Worcester Red Sox,2.0,,,,,,,,,,,,,,,,,,,,1.95,,2.0,,2.0,,1.95,,,,,,0.4691,,,,,,,,,,,,,,,,,,,,0.4739,,0.4675,,0.4675,,0.4739,,,,,,2026-07-03,,,,,,,,,,,,,,,,,2.0,Not Found
c7642ca7773b49ed33c37bb4abb0b679,baseball_npb,NPB,2026-07-04T05:00:00Z,2026-07-04T04:46:08Z,Yomiuri Giants @ Chunichi Dragons,Yomiuri Giants,1.83,,,1.71,1.87,1.85,1.85,,1.83,1.83,1.83,1.85,,,,,,,1.8,,1.83,,1.88,1.88,1.8,1.85,1.88,,1.85,,1.8,,0.5207,,,0.5207,0.5056,0.5139,0.5139,,0.5168,0.5168,0.5168,0.5252,,,,,,,0.516,,0.5168,,0.5082,0.5082,0.5214,0.5057,0.5134,,0.519,,0.5146,,2026-07-04,1.85,,0.5,,1.75,,0.5212,,1.83,,0.5168,,1.81,0.5224,,,2.0,Not Found
9a108356c30a44d46c2aa553c7a0c9e7,rugbyleague_nrl,NRL,2026-07-04T07:31:00Z,2026-07-04T07:32:16Z,Wests Tigers @ St George Illawarra Dragons,Wests Tigers,,1.58,1.62,,,1.72,1.72,,,1.66,1.64,1.73,,,,,,,,1.66,1.67,,1.65,,,,,,,1.64,,,,0.5905,0.5841,,,0.5606,0.5606,,,,,,,,,,,,,,,,,,,,,,,0.5813,,,2026-07-04,1.6,,0.5884,,1.6,,0.5852,,,,,,,,,,3.0,Not Found
dd2f67114e4ac9bbaea84273f388d83c,baseball_kbo,KBO,2026-07-04T09:00:00Z,2026-07-04T07:32:16Z,Doosan Bears @ Kiwoom Heroes,Doosan Bears,1.59,,,1.55,1.61,1.62,1.62,,1.61,1.6,1.6,1.62,,,,,,1.61,,,1.6,,1.6,1.6,1.59,,1.67,,1.57,,1.55,,0.6044,,,0.5994,0.5932,0.5913,0.5913,,0.5978,0.5951,0.5951,0.5931,,,,,,0.596,,,0.5951,,0.6092,0.6092,0.5971,,0.5866,,0.6011,,0.6052,,2026-07-04,1.52,,0.6162,,1.53,,0.5995,,,,,,1.59,0.5989,,,2.0,Not Found
ee450fd8485b027bb3e6cb6857316bfb,baseball_npb,NPB,2026-07-04T09:00:00Z,2026-07-04T07:32:16Z,Hokkaido Nippon-Ham Fighters @ Tohoku Rakuten Golden Eagles,Hokkaido Nippon-Ham Fighters,1.67,,,1.61,1.62,1.68,1.68,,1.67,1.6,1.6,1.68,,,,,,1.66,1.61,,1.6,,1.71,1.71,1.65,1.68,1.69,,1.71,,1.62,,0.5742,,,0.5713,0.5864,0.5703,0.5703,,0.5721,0.5951,0.5951,0.5793,,,,,,0.577,0.5833,,0.5951,,0.5651,0.5651,0.5758,0.5661,0.5736,,0.5641,,0.5761,,2026-07-04,1.6,,0.5852,,1.6,,0.5686,,1.6,,0.5951,,1.66,0.5718,,,2.0,Not Found
3523e4c754ebf06f358ebf59979692cf,tennis_wta_wimbledon,WTA Wimbledon,2026-07-04T10:09:07Z,2026-07-04T09:46:52Z,Marie Bouzkova @ Liudmila Samsonova,Marie Bouzkova,1.64,1.64,1.66,1.6,1.57,1.62,1.62,1.67,1.6,1.66,1.66,1.64,1.68,,,1.67,1.65,1.65,1.61,1.66,1.66,1.67,1.62,,1.65,1.65,1.67,,1.62,1.61,1.6,,0.5894,0.5827,0.5838,0.6042,0.6057,0.5854,0.5854,0.5961,0.597,0.577,0.577,0.5974,0.5927,,,0.57,0.5956,0.5903,0.5932,0.577,0.577,0.5945,0.6003,,0.5856,0.5808,0.5893,,0.5913,0.5932,0.5951,,2026-07-04,1.62,,0.5864,,1.57,1.62,0.6101,0.5913,1.66,,0.577,,1.63,0.5835,,,2.0,Not Found
9414063920b20a1dfcb24a956851002f,soccer_korea_kleague1,K League 1,2026-07-04T10:30:00Z,2026-07-04T09:46:52Z,Pohang Steelers @ FC Anyang,FC Anyang,,2.85,2.95,3.02,3.0,3.0,3.0,3.35,3.2,2.75,2.8,3.32,3.4,,,,,3.0,,2.75,2.75,,3.15,3.15,3.15,,3.14,,3.0,3.12,,,,0.3042,0.3064,0.2985,0.3084,0.3013,0.3013,0.2936,0.2945,0.3256,0.3243,0.2902,0.2927,,,,,0.312,,0.3256,0.3256,,0.299,0.299,0.2891,,0.2961,,0.3017,0.2964,,,2026-07-04,3.2,,0.2837,,2.95,,0.2908,,2.7,,0.3252,,,,,,3.0,Not Found
9a239117f045c1f41e935d9464cc72fd,soccer_korea_kleague1,K League 1,2026-07-04T10:30:00Z,2026-07-04T09:46:52Z,Gangwon FC @ Jeonbuk Hyundai Motors,Jeonbuk Hyundai Motors,,2.45,2.55,2.53,2.6,2.58,2.58,2.82,2.65,2.23,2.25,2.75,2.84,,,,,2.6,,2.23,2.2,,2.72,2.72,2.62,,2.63,,2.62,2.63,,,,0.3598,0.3597,0.3617,0.361,0.3573,0.3573,0.3521,0.3566,0.41,0.411,0.3524,0.3504,,,,,0.3649,,0.41,0.4141,,0.3491,0.3491,0.354,,0.356,,0.3516,0.356,,,2026-07-04,2.55,,0.3627,,2.4,,0.3704,,2.18,,0.4123,,,,,,3.0,Not Found
befa2b25c7206fff805ec850406ce916,soccer_china_superleague,Super League - China,2026-07-04T11:00:00Z,2026-07-04T09:46:52Z,Chongqing Tonglianglong FC @ Liaoning Tieren FC,Chongqing Tonglianglong FC,3.5,3.15,3.3,,,3.4,3.4,3.6,3.45,3.4,3.35,3.67,3.6,,,3.58,,3.5,3.3,3.4,3.4,,3.55,3.55,3.5,3.5,3.62,,3.3,3.52,,,0.267,0.2708,0.2702,,,0.265,0.265,0.2704,0.2683,0.2681,0.2672,0.2594,0.2704,,,0.2591,,0.2655,0.2691,0.2681,0.2681,,0.2629,0.2629,0.2602,0.2602,0.2601,,0.2691,0.2577,,,2026-07-04,3.5,3.4,0.2561,0.265,,,,,,,,,,,,,3.0,Not Found
1799a6bae91d8976d456143df5b616df,tennis_atp_wimbledon,ATP Wimbledon,2026-07-04T10:03:00Z,2026-07-04T11:13:26Z,Zachary Svajda @ Alex de Minaur,Alex de Minaur,1.08,1.06,1.07,1.1,1.14,1.08,1.07,1.12,1.1,1.11,1.07,1.1,1.1,,,,1.08,1.1,1.08,1.12,,1.1,,,1.08,,,,,,,,0.8963,0.8976,0.8959,0.8636,0.8434,0.8833,0.8928,0.8896,0.8888,0.8705,0.8853,0.8881,0.9045,,,,0.9055,0.8831,0.8915,0.8602,,0.9019,,,0.9005,,,,,,,,2026-07-04,1.08,,0.886,,,,,,1.09,,0.8694,,1.1,0.8805,,,2.0,Not Found
8d7b4248f72c253976810ca11e8a0cc6,soccer_china_superleague,Super League - China,2026-07-04T11:35:00Z,2026-07-04T11:13:26Z,Wuhan Three Towns @ Dalian Yingbo,Wuhan Three Towns,5.4,4.3,4.5,,,4.75,4.75,5.8,4.9,4.6,4.5,5.31,5.8,,,4.68,,4.75,4.8,4.6,4.5,,5.2,5.2,4.9,4.9,5.14,,4.8,4.95,,,0.1618,0.1865,0.1892,,,0.183,0.183,0.1693,0.1861,0.1921,0.1917,0.174,0.1705,,,0.197,,0.1898,0.1797,0.1921,0.1941,,0.1738,0.1725,0.1798,0.1803,0.1792,,0.181,0.1757,,,2026-07-04,5.2,4.7,0.1632,0.1835,4.7,,0.1795,,,,,,,,,,3.0,Not Found
00c57e4da1b1ce13fe7b1ed49109aeaa,soccer_china_superleague,Super League - China,2026-07-04T11:35:00Z,2026-07-04T12:36:42Z,Shandong Luneng Taishan FC @ Beijing FC,Shandong Luneng Taishan FC,10.5,11.5,12.0,,,12.5,12.5,18.0,13.0,10.0,9.5,11.84,18.0,,,,,13.0,11.0,9.5,,,,,14.0,,,,,,,,0.0697,0.0513,0.0503,,,0.0464,0.0464,0.0524,0.0541,0.0691,0.0632,0.0608,0.0524,,,,,0.0521,0.0578,0.071,,,,,0.0434,,,,,,,,2026-07-04,9.0,,0.0783,,,,,,,,,,,,,,3.0,Not Found
7524184c36ede122c2c1cc353af1b2d3,tennis_atp_wimbledon,ATP Wimbledon,2026-07-04T12:00:00Z,2026-07-04T12:36:42Z,Flavio Cobolli @ Karen Khachanov,Flavio Cobolli,4.9,4.5,4.7,4.4,5.5,4.58,4.52,5.4,5.11,4.2,4.1,3.04,6.8,,,,5.88,4.9,4.75,4.9,,6.4,,,5.0,,,,2.3,,,,0.1783,0.1647,0.1639,0.1826,0.1484,0.1781,0.1796,0.1828,0.1741,0.2092,0.1982,0.3073,0.1425,,,,0.1613,0.1783,0.1705,0.1747,,0.1433,,,0.1763,,,,0.4087,,,,2026-07-04,4.7,,0.1716,,,,,,4.2,,0.188,,4.85,0.1794,,,2.0,Not Found
cf30692398660f7bad608a5e820b0d31,baseball_mlb,MLB,2026-07-04T15:06:00Z,2026-07-04T14:13:04Z,Pittsburgh Pirates @ Washington Nationals,Pittsburgh Pirates,1.63,1.6,1.62,1.62,1.65,1.63,1.63,1.7,1.64,1.64,1.63,1.68,1.7,1.69,1.69,1.68,1.69,,1.62,1.64,1.63,1.68,1.68,1.68,1.65,1.67,1.68,1.65,1.62,1.63,1.65,,0.5931,0.5903,0.5864,0.5874,0.5808,0.5865,0.5865,0.584,0.5865,0.5894,0.5894,0.5849,0.5858,0.5858,0.5858,0.5858,0.5884,,0.5913,0.5894,0.5875,0.5927,0.5839,0.5839,0.5856,0.5857,0.5849,0.5964,0.5913,0.5875,0.5947,,2026-07-04,1.65,,0.5758,,1.63,1.66,0.5894,0.5902,,,,,1.62,0.5977,Polymarket,1.69,2.0,Not Found
12df758952eccf871f7ebc3ebc5e4f7d,tennis_atp_wimbledon,ATP Wimbledon,2026-07-04T14:11:00Z,2026-07-04T14:13:04Z,Alexander Zverev @ Marcos Giron,Marcos Giron,10.2,9.5,11.0,8.0,9.5,8.47,9.0,12.0,11.0,8.5,8.5,10.09,11.5,,,9.86,10.53,,10.0,8.5,8.5,10.9,,,8.75,9.5,8.55,,11.0,,8.5,,0.0773,0.0764,0.0738,0.0908,0.0764,0.0873,0.0794,0.0787,0.0738,0.0871,0.0686,0.0823,0.0848,,,0.092,0.0845,,0.0692,0.0871,0.0915,0.0872,,,0.0899,0.0764,0.0912,,0.0647,,0.0871,,2026-07-04,11.0,10.0,0.06,0.0783,9.5,9.7,0.0764,0.0754,8.5,,0.0734,,9.25,0.0824,,,2.0,Not Found
9ab58f7fe7769809c7716a98e72815f1,boxing_boxing,Boxing,2026-07-04T15:00:00Z,2026-07-04T14:13:04Z,Liborio Solis @ Khalil El Hadri,Liborio Solis,,,,,,7.7,7.7,,,,,14.41,,,,,,,,,,,17.0,17.0,,,,,,,,,,,,,,0.0887,0.0887,,,,,0.0445,,,,,,,,,,,0.0392,0.0392,,,,,,,,,2026-07-04,,,,,,,,,,,,,,,,,2.0,Not Found
9c7073ae2c29ee4881bb695f92168c68,soccer_fifa_world_cup,FIFA World Cup,2026-07-04T17:00:00Z,2026-07-04T15:33:23Z,Morocco @ Canada,Canada,5.7,5.7,5.5,6.0,5.0,5.1,5.1,6.0,5.5,5.75,5.5,6.0,6.0,5.88,,5.29,,5.95,4.6,5.75,5.5,,5.98,,5.4,6.0,5.68,,4.8,5.5,6.0,,0.1577,0.1585,0.1669,0.1526,0.1771,0.1857,0.1857,0.1647,0.163,0.1657,0.1649,0.1591,0.1647,0.1669,,0.1768,,0.1607,0.1868,0.1657,0.1649,,0.1572,,0.1694,0.1543,0.1708,,0.1837,0.1658,0.1508,,2026-07-04,6.0,5.4,0.1503,0.1683,6.15,5.65,0.149,0.165,5.3,,0.1643,,5.8,0.1523,Polymarket,5.88,3.0,Not Found
cf9f064a20efb89ab079e08c6ce24215,tennis_wta_wimbledon,WTA Wimbledon,2026-07-04T14:30:00Z,2026-07-04T15:33:23Z,Madison Keys @ Amanda Anisimova,Madison Keys,1.71,1.76,1.82,1.74,1.85,1.8,1.8,1.76,1.71,1.85,1.79,1.58,1.82,,,,1.8,1.7,1.8,1.85,,1.81,1.62,,1.69,1.59,,,,,,,0.5598,0.5124,0.5116,0.5323,0.5085,0.5146,0.5146,0.5648,0.5554,0.5112,0.5119,0.6115,0.5411,,,,0.5374,0.5668,0.516,0.5112,,0.5458,0.602,,0.5686,0.6061,,,,,,,2026-07-04,1.75,,0.5357,,,,,,1.81,,0.5103,,1.65,0.5856,,,2.0,Not Found
76006514d8bd6bda391f0d7bf6bddda8,boxing_boxing,Boxing,2026-07-04T16:00:00Z,2026-07-04T15:33:23Z,Karen Elizabeth Carabajal @ Estelle Mossely,Estelle Mossely,,,,,,1.55,1.55,,,,,1.45,,,,,,,,,,,1.5,1.5,,,,,,,,,,,,,,0.6004,0.6004,,,,,0.6669,,,,,,,,,,,0.6357,0.6357,,,,,,,,,2026-07-04,,,,,,,,,,,,,,,,,2.0,Not Found
1aac34916e90f6ba479b3debf3a8f4b9,tennis_wta_wimbledon,WTA Wimbledon,2026-07-04T15:30:00Z,2026-07-04T16:36:48Z,Linda Noskova @ Sorana Cirstea,Sorana Cirstea,1.91,1.82,1.86,2.2,2.6,1.85,2.41,1.98,1.98,1.92,2.48,5.66,2.0,,,,1.92,2.5,1.85,2.55,,1.96,,,2.65,,,,,,,,0.5,0.4969,0.5,0.4047,0.3475,0.5,0.3741,0.5025,0.4747,0.4901,0.352,0.1646,0.4987,,,,0.5,0.3774,0.5,0.3627,,0.5,,,0.3553,,,,,,,,2026-07-04,1.9,,0.4929,,,,,,1.85,,0.4909,,3.35,0.2789,,,2.0,Not Found
0dcdb7b775c9c9802fb54feb8b1f1593,tennis_atp_wimbledon,ATP Wimbledon,2026-07-04T16:50:00Z,2026-07-04T16:36:48Z,Alexander Bublik @ Frances Tiafoe,Alexander Bublik,1.98,1.92,1.96,1.97,1.95,1.9,1.9,2.12,1.91,1.85,1.85,2.02,2.12,,,,2.04,2.0,2.0,1.85,1.85,2.11,,,1.95,1.87,2.04,,2.0,1.97,,,0.4793,0.4945,0.4919,0.4878,0.4832,0.4943,0.4943,0.4699,0.4958,0.5112,0.5112,0.483,0.4699,,,,0.4805,0.484,0.4722,0.5112,0.5112,0.4681,,,0.489,0.5,0.4805,,0.4722,0.4806,,,2026-07-04,1.93,1.94,0.4888,0.4946,1.95,1.87,0.4933,0.5,1.83,,0.5128,,1.93,0.4931,,,2.0,Not Found
612d9a4c3240e9ad249a9e03681b4a6c,baseball_mlb,MLB,2026-07-04T17:39:00Z,2026-07-04T17:41:23Z,Minnesota Twins @ New York Yankees,Minnesota Twins,2.24,2.1,2.2,2.15,2.25,,,1.01,2.24,2.2,2.18,2.35,2.08,2.27,2.33,,2.27,2.25,2.15,2.2,2.14,2.12,2.32,2.32,2.2,2.3,,2.38,2.2,2.24,2.3,,0.4165,0.4256,0.4261,0.4201,0.4192,,,,0.4146,0.4279,0.4109,0.4151,0.4336,0.4346,0.4239,,0.4329,0.4192,0.422,0.4279,0.4306,0.4596,0.4179,0.4179,0.4242,0.4215,,0.4052,0.4279,0.4202,0.425,,2026-07-04,2.2,,0.4148,,2.2,2.35,0.4224,0.4134,,,,,2.26,0.4218,Polymarket,2.27,2.0,Not Found
1c19552bd3113a7d36087a3ae84fc5c6,soccer_brazil_serie_b,Brazil Série B,2026-07-04T19:00:00Z,2026-07-04T17:41:23Z,Atletico Goianiense @ Grêmio Novorizontino,Atletico Goianiense,3.8,,,,3.75,3.85,3.85,4.4,4.0,4.1,3.85,4.32,4.4,,,,,3.85,3.75,4.1,3.9,,4.1,4.1,4.1,4.05,4.0,,3.75,,,,0.2368,,,,0.2324,0.2303,0.2303,0.2218,0.2296,0.2213,0.2185,0.2175,0.2201,,,,,0.2373,0.2326,0.2213,0.2228,,0.2215,0.2215,0.2163,0.2224,0.2253,,0.2326,,,,2026-07-04,4.2,3.85,0.2027,0.2303,,,,,,,,,,,,,3.0,Not Found
0496d97f85d3d3b2d83411798445e3d9,soccer_brazil_serie_b,Brazil Série B,2026-07-04T19:00:00Z,2026-07-04T17:41:23Z,Sport Recife @ Criciuma,Criciuma,1.95,,,,1.91,1.95,1.95,2.04,1.95,1.89,1.83,2.01,2.06,,,,,1.95,1.95,1.89,1.87,,1.99,1.99,1.93,1.93,1.98,,1.95,1.96,,,0.4877,,,,0.4894,0.4839,0.4839,0.486,0.4913,0.5032,0.5057,0.4841,0.4828,,,,,0.4893,0.4786,0.5032,0.5018,,0.4808,0.4808,0.4885,0.4885,0.4804,,0.4786,0.4836,,,2026-07-04,1.8,1.95,0.5194,0.4828,,,,,,,,,,,,,3.0,Not Found
3268cab66b347f217447cc42efb8849b,baseball_milb,MiLB,2026-07-04T22:35:00Z,2026-07-04T22:11:09Z,Norfolk Tides @ Scranton/Wilkes-Barre RailRiders,Scranton/Wilkes-Barre RailRiders,1.89,,,,,,,,,,,,,,,,,,,,1.93,,1.87,,1.87,,1.86,,,,,,0.5,,,,,,,,,,,,,,,,,,,,0.4782,,0.5,,0.5,,0.5,,,,,,2026-07-04,,,,,,,,,,,,,,,,,2.0,Not Found
929b8a02afe41332232a35f04aba423a,baseball_mlb,MLB,2026-07-04T23:11:00Z,2026-07-04T23:14:19Z,Chicago White Sox @ Cleveland Guardians,Chicago White Sox,2.14,2.05,2.1,1.95,2.05,2.04,2.04,2.22,2.2,2.2,2.12,2.22,2.06,2.27,2.22,2.16,2.22,,2.05,2.2,2.15,2.1,2.21,2.21,2.15,2.21,,2.27,2.2,2.15,2.18,,0.436,0.439,0.444,0.4707,0.4565,0.4527,0.4527,0.4379,0.4224,0.4261,0.4253,0.4411,0.4378,0.4346,0.4395,0.4374,0.4395,,0.4445,0.4261,0.4258,0.4422,0.4405,0.4405,0.4332,0.4405,,0.4329,0.4279,0.4384,0.4485,,2026-07-04,2.2,,0.4148,,2.15,2.21,0.4349,0.4405,,,,,2.16,0.4441,Polymarket,2.27,2.0,Not Found
e9d56acb32e4662dcb7e8858362e887a,baseball_mlb,MLB,2026-07-04T23:11:00Z,2026-07-04T23:14:19Z,Baltimore Orioles @ Cincinnati Reds,Cincinnati Reds,1.85,1.74,1.8,1.9,1.8,1.67,1.67,1.85,1.74,1.8,1.74,1.83,1.8,1.89,1.89,1.87,1.87,,1.8,1.8,1.7,1.83,1.82,1.82,1.83,1.81,,1.86,1.73,1.8,1.81,,0.5112,0.5242,0.5278,0.4854,0.5278,0.5613,0.5613,0.5099,0.5423,0.5278,0.5283,0.5374,0.5118,0.5242,0.5242,0.5096,0.527,,0.5075,0.5278,0.5502,0.5305,0.5378,0.5378,0.5114,0.5404,,0.5373,0.5509,0.529,0.5415,,2026-07-04,1.75,,0.5293,,1.75,1.81,0.5418,0.5404,,,,,1.78,0.5417,Polymarket,1.89,2.0,Not Found
aa8930992cd65a810827ddcb8255dbb1,soccer_brazil_serie_b,Brazil Série B,2026-07-04T23:00:00Z,2026-07-04T23:14:19Z,Ceará @ Goiás,Draw,4.0,,,,,3.9,4.1,4.2,4.3,4.4,4.2,,4.3,,,,,,3.8,4.2,,,2.88,2.88,3.9,2.82,,,2.8,2.89,,,0.2268,,,,,0.2249,0.2138,0.2343,0.2077,0.2027,0.194,,0.2277,,,,,,0.2297,0.192,,,0.3261,0.3261,0.2282,0.334,,,0.3239,0.3199,,,2026-07-04,4.5,2.9,0.1901,0.3147,,,,,,,,,,,,,3.0,Not Found
593b9ba395fa0c5d4846c687023dedb8,baseball_milb,MiLB,2026-07-04T23:05:00Z,2026-07-04T23:14:19Z,Louisville Bats @ Columbus Clippers,Columbus Clippers,1.89,,,,,,,,,,,,,,,,,,,,1.85,,1.87,,1.83,,1.86,,,,,,0.5,,,,,,,,,,,,,,,,,,,,0.5,,0.5,,0.5,,0.5,,,,,,2026-07-04,,,,,,,,,,,,,,,,,2.0,Not Found
a523c1ba668649088416935d2bc9a573,baseball_mlb,MLB,2026-07-05T01:41:00Z,2026-07-05T00:15:33Z,Milwaukee Brewers @ Arizona Diamondbacks,Milwaukee Brewers,1.62,1.58,1.6,1.6,1.61,1.61,1.61,1.66,1.61,1.67,1.67,1.64,1.66,1.67,1.67,1.61,1.65,1.61,1.62,1.67,1.66,1.66,1.61,1.61,1.6,1.61,1.65,1.67,1.62,1.6,1.65,,0.5968,0.5991,0.5951,0.5951,0.5978,0.596,0.596,0.5996,0.5978,0.5772,0.5752,0.6,0.5996,0.5945,0.5945,0.6106,0.6006,0.596,0.5913,0.5772,0.577,0.6012,0.6098,0.6098,0.6042,0.6073,0.5956,,0.5913,0.5988,0.5929,,2026-07-05,1.55,,0.6142,,1.61,1.63,0.5978,0.6001,,,,,1.62,0.5959,Polymarket,1.67,2.0,Not Found
d5091634d78c89890667c5edd2ccb4ce,boxing_boxing,Boxing,2026-07-05T01:00:00Z,2026-07-05T00:15:33Z,Christopher Gurrero @ Delante Johnson,Christopher Gurrero,5.1,,,,,5.65,5.65,5.8,5.0,,,5.93,,,,,,,5.75,,,,6.42,6.42,,5.5,4.84,,,,,,0.1594,,,,,0.138,0.138,,0.1726,,,0.1457,,,,,,,0.1522,,,,0.1274,0.1274,,0.1523,0.1866,,,,,,2026-07-05,,,,,,,,,,,,,,,,,2.0,Not Found
ed471afe80f971286a99c72114abf327,tennis_wta_wimbledon,WTA Wimbledon,2026-07-05T12:46:17Z,2026-07-05T12:55:45Z,Barbora Krejcikova @ Karolina Muchova,Karolina Muchova,1.45,1.43,1.46,1.43,1.5,1.45,1.51,1.47,1.58,1.48,1.43,,1.53,,,,1.49,,1.5,1.43,,1.53,1.57,,1.5,,,,1.53,,,,0.663,0.6369,0.6384,0.6536,0.6293,0.6487,0.621,0.6762,0.6081,0.6477,0.6536,,0.6507,,,,0.6504,,0.6333,0.6742,,0.6482,0.6224,,0.6447,,,,0.6268,,,,2026-07-05,1.45,,0.6525,,,1.53,,0.6345,1.4,,0.6753,,1.5,0.6447,,,2.0,Not Found
f30512f1b93d9b612db1bb0ca0621c36,cricket_t20_blast,T20 Blast,2026-07-05T13:30:00Z,2026-07-05T12:55:45Z,Leicestershire @ Yorkshire,Yorkshire,,,,,,1.48,1.48,1.52,,1.5,1.5,1.5,1.46,,,,,,1.5,,,,1.49,,,,,,1.5,1.47,,,,,,,,0.6492,0.6492,0.6491,,0.6333,0.6333,0.6293,0.6626,,,,,,0.641,,,,0.6403,,,,,,0.641,0.6393,,,2026-07-05,,,,,,,,,,,,,,,,,2.0,Not Found
44a55068b95674016667af4bf1a49145,tennis_atp_wimbledon,ATP Wimbledon,2026-07-05T12:37:00Z,2026-07-05T14:50:01Z,Novak Djokovic @ Roman Safiullin,Novak Djokovic,1.06,1.08,1.05,1.05,1.07,1.1,1.05,1.09,1.07,1.08,1.05,1.04,1.13,,,,1.06,1.07,1.08,1.08,,1.13,,,1.06,,,,,,,,0.9217,0.8796,0.9174,0.9095,0.8983,0.8701,0.9119,0.9133,0.9206,0.8963,0.9095,0.9472,0.883,,,,0.9167,0.9197,0.8915,0.8963,,0.8792,,,0.9217,,,,,,,,2026-07-05,1.08,,0.886,,,,,,1.04,,0.9093,,1.06,0.9191,,,2.0,Not Found
5fca44be8e4f4be20860b8cd4695fd42,tennis_wta_wimbledon,WTA Wimbledon,2026-07-05T14:53:00Z,2026-07-05T14:50:01Z,Naomi Osaka @ Aryna Sabalenka,Aryna Sabalenka,1.41,1.4,1.42,1.4,1.4,1.39,1.39,1.44,1.43,1.41,1.41,1.43,1.44,,,1.43,1.44,1.42,1.4,1.41,1.41,1.44,1.44,,1.42,1.4,1.44,,1.4,1.4,1.4,,0.6868,0.6877,0.6882,0.6943,0.6847,0.6879,0.6879,0.691,0.6736,0.6851,0.6851,0.6857,0.691,,,0.6766,0.6875,0.6882,0.6847,0.6851,0.6851,0.691,0.6777,,0.6826,0.6905,0.6827,,0.6847,0.6871,0.6847,,2026-07-05,1.37,,0.6983,,1.4,1.43,0.6959,0.6772,1.4,,0.6847,,1.39,0.6879,,,2.0,Not Found
6dc8c06e342c397dfa3fa2076f31bfc9,tennis_atp_wimbledon,ATP Wimbledon,2026-07-05T15:00:00Z,2026-07-05T14:50:01Z,Jan-Lennard Struff @ Hubert Hurkacz,Jan-Lennard Struff,3.8,3.75,3.9,3.95,3.7,3.7,3.7,4.1,3.95,3.55,3.55,4.06,4.2,,,3.69,4.26,3.9,3.6,3.55,3.55,4.1,,,3.9,3.75,4.01,,3.6,3.65,3.75,,0.241,0.2396,0.2406,0.2329,0.2414,0.2383,0.2383,0.2403,0.2298,0.2562,0.2562,0.2356,0.2344,,,0.2449,0.2298,0.2406,0.2513,0.2562,0.2562,0.2373,,,0.2345,0.2396,0.2401,,0.2513,0.2464,0.2333,,2026-07-05,3.6,3.85,0.2483,0.2392,3.75,3.85,0.2396,0.2362,3.5,,0.2553,,3.75,0.2427,,,2.0,Not Found
6f0fa1db67e69c8f534003061fdedee9,baseball_mlb,MLB,2026-07-05T16:30:00Z,2026-07-05T15:57:06Z,New York Mets @ Atlanta Braves,Atlanta Braves,1.94,1.9,1.92,1.91,1.95,1.9,1.9,2.02,1.95,1.91,1.89,2.0,2.02,1.96,1.96,1.98,2.02,,1.91,1.91,1.88,1.99,1.98,1.98,1.93,1.96,1.92,2.02,1.8,1.86,1.99,,0.496,0.4943,0.4945,0.493,0.489,0.5,0.5,0.4924,0.4905,0.5027,0.5041,0.4909,0.4924,0.5051,0.5051,0.4935,0.4924,,0.5,0.5027,0.5042,0.4962,0.4935,0.4935,0.4931,0.4974,0.5104,,0.5278,0.5111,0.4908,,2026-07-05,1.85,,0.5112,,1.93,1.96,0.4931,0.4974,,,,,1.96,0.4891,Polymarket,1.96,2.0,Not Found
f59c600f7d2c247754d2707ccc62f228,tennis_atp_wimbledon,ATP Wimbledon,2026-07-05T14:42:00Z,2026-07-05T15:57:06Z,Alejandro Davidovich Fokina @ Felix Auger-Aliassime,Alejandro Davidovich Fokina,1.59,1.44,1.47,1.48,1.45,1.47,1.47,1.59,1.56,1.47,1.42,1.59,1.55,,,,1.52,,1.5,1.5,,1.55,,,1.5,,,,,,,,0.6017,0.6345,0.6274,0.6312,0.6525,0.6393,0.6393,0.6279,0.6181,0.655,0.6598,0.607,0.6427,,,,0.6336,,0.6333,0.6373,,0.6332,,,0.6447,,,,,,,,2026-07-05,1.5,,0.6333,,,,,,1.41,,0.6585,,1.55,0.6226,,,2.0,Not Found
0dde211a4505e155ef36e15f1bf05a55,tennis_wta_wimbledon,WTA Wimbledon,2026-07-05T16:26:00Z,2026-07-05T15:57:06Z,Coco Gauff @ Belinda Bencic,Belinda Bencic,1.91,1.9,1.94,1.93,1.85,1.89,1.89,1.99,2.01,1.91,1.91,1.9,1.99,,,1.91,1.92,,1.85,1.91,1.91,1.95,1.93,,1.87,1.91,1.97,,1.91,1.91,1.85,,0.5,0.4972,0.4973,0.4973,0.5085,0.4972,0.4972,0.5,0.4755,0.5,0.5,0.5144,0.5013,,,0.49,0.5129,,0.5139,0.5,0.5,0.5026,0.4945,,0.511,0.4886,0.4974,,0.5,0.4972,0.5071,,2026-07-05,1.93,,0.4888,,1.93,1.81,0.4973,0.5172,1.91,,0.4972,,1.9,0.4972,,,2.0,Not Found
8ea201bdda2a6a63bd3a6bc19250e4a0,baseball_mlb,MLB,2026-07-05T18:00:00Z,2026-07-05T17:22:54Z,Chicago White Sox @ Cleveland Guardians,Chicago White Sox,2.16,2.1,2.1,,2.15,2.12,2.12,2.18,2.13,2.15,2.14,2.18,2.18,2.22,2.22,2.22,2.2,2.12,2.15,2.15,2.12,2.19,2.2,2.2,2.13,2.19,2.18,2.25,2.1,2.11,2.2,,0.4441,0.444,0.4474,,0.4402,0.4452,0.4452,0.45,0.4474,0.4435,0.4429,0.4485,0.4516,0.4459,0.4395,0.4411,0.4495,0.4468,0.4402,0.4435,0.4452,0.4551,0.4432,0.4432,0.4474,0.4442,0.4485,0.4332,0.4491,0.4479,0.4448,,2026-07-05,2.1,,0.444,,2.15,2.18,0.4419,0.4469,,,,,2.15,0.4452,Polymarket,2.22,2.0,Not Found
5aed324537c72e3b3cd7d1f3e3905db5,baseball_mlb,MLB,2026-07-05T18:30:00Z,2026-07-05T17:22:54Z,St. Louis Cardinals @ Chicago Cubs,Chicago Cubs,1.68,1.66,1.66,,1.67,1.68,1.68,1.73,1.67,1.65,1.64,1.71,1.74,1.72,1.72,1.71,1.74,1.66,1.65,1.65,1.63,1.75,1.71,1.71,1.68,1.71,1.72,1.72,1.67,1.67,1.69,,0.5744,0.5686,0.5739,,0.5772,0.5683,0.5683,0.5716,0.5762,0.5837,0.5856,0.575,0.57,0.5761,0.5761,0.5741,0.5728,0.577,0.5808,0.5837,0.5845,0.5683,0.5731,0.5731,0.5744,0.5712,0.5714,0.577,0.5721,0.5732,0.5813,,2026-07-05,1.65,,0.5758,,1.68,1.69,0.5703,0.5785,,,,,1.69,0.5716,Polymarket,1.72,2.0,Not Found
4dea73f21196e43153d6355e7f5d1266,baseball_mlb,MLB,2026-07-05T19:01:00Z,2026-07-05T19:55:09Z,Philadelphia Phillies @ Kansas City Royals,Philadelphia Phillies,2.9,2.75,2.9,2.8,3.25,3.17,3.11,3.0,2.89,3.1,3.0,2.87,2.72,3.12,3.12,3.04,3.03,,3.0,3.15,3.0,2.84,,,3.0,,,,,,,,0.3153,0.3169,0.3153,0.3214,0.2807,0.2789,0.2848,0.317,0.3133,0.2936,0.2907,0.3246,0.3107,0.3154,0.3106,0.3048,0.3001,,0.2907,0.2911,0.2935,0.3163,,,0.299,,,,,,,,2026-07-05,2.9,,0.302,,,,,,,,,,3.2,0.2859,Polymarket,3.12,2.0,Not Found
5fb0c67a8c660b822db6b5a2a9d75125,baseball_mlb,MLB,2026-07-05T20:31:00Z,2026-07-05T19:55:09Z,Miami Marlins @ Athletics,Miami Marlins,2.0,1.96,1.98,1.96,2.0,1.98,1.98,2.1,1.98,2.04,2.04,2.05,2.08,2.08,2.04,2.05,2.11,,2.0,2.04,2.04,2.08,2.04,2.04,2.0,2.04,2.04,2.06,2.0,1.98,2.06,,0.4797,0.4773,0.4778,0.4804,0.4768,0.4793,0.4793,0.4735,0.4823,0.4673,0.4673,0.4779,0.4772,0.4758,0.4805,0.4765,0.4696,,0.4722,0.4673,0.4658,0.4758,0.4777,0.4777,0.4768,0.4791,0.4805,0.4823,0.4722,0.4793,0.4739,,2026-07-05,1.97,,0.476,,1.98,2.06,0.4793,0.4739,,,,,2.0,0.4797,Polymarket,2.08,2.0,Not Found
2cf5f7fa6ed79ae90ee9f6aa70ceb1e2,baseball_mlb,MLB,2026-07-05T21:05:58Z,2026-07-05T22:10:02Z,Toronto Blue Jays @ Seattle Mariners,Toronto Blue Jays,7.0,6.0,6.5,5.8,6.25,6.31,6.31,7.0,6.79,7.0,6.1,2.92,6.2,7.14,7.14,6.52,6.9,3.05,5.75,7.5,6.5,6.8,,,6.5,,,,,,,,0.1127,0.1369,0.1265,0.1317,0.1336,0.1205,0.1205,0.129,0.1149,0.1127,0.1147,0.3191,0.1219,0.1352,0.1352,0.1303,0.1377,0.3068,0.1324,0.1037,0.114,0.1311,,,0.1224,,,,,,,,2026-07-05,7.5,,0.0905,,,,,,,,,,6.25,0.1336,Polymarket,7.14,2.0,Not Found
e76b5818059dd72e68238d4b8bcb2bc4,baseball_milb,MiLB,2026-07-05T23:05:00Z,2026-07-05T22:10:02Z,Albuquerque Isotopes @ Round Rock Express,Round Rock Express,2.0,,,,,,,,,,,,,,,,,,,,1.95,,2.0,,2.0,,1.96,,,,,,0.4691,,,,,,,,,,,,,,,,,,,,0.4739,,0.4675,,0.4675,,0.4726,,,,,,2026-07-05,,,,,,,,,,,,,,,,,2.0,Not Found
d8b6d9e196b22bb6a224ec404730c671,tennis_wta_wimbledon,WTA Wimbledon,2026-07-06T12:30:00Z,2026-07-06T01:12:16Z,Alexandra Eala @ Jasmine Paolini,Jasmine Paolini,2.34,2.3,2.35,2.29,2.3,2.28,2.28,2.5,2.41,2.35,2.35,2.45,2.5,,,2.3,2.47,2.35,2.38,2.35,2.35,2.5,2.4,,2.35,2.4,2.43,,2.38,2.35,2.35,,0.405,0.4049,0.4041,0.4058,0.4068,0.4068,0.4068,0.397,0.391,0.3943,0.3943,0.3954,0.397,,,0.4087,0.3957,0.4003,0.3916,0.3943,0.3943,0.397,0.3997,,0.4022,0.3939,0.4009,,0.3916,0.3983,0.3943,,2026-07-06,2.35,,0.3943,,2.3,2.4,0.4049,0.3978,2.35,,0.3943,,2.29,0.4058,,,2.0,Not Found
971037c4456589deb8b3c49b8c4c57ec,tennis_wta_wimbledon,WTA Wimbledon,2026-07-06T10:00:00Z,2026-07-06T05:37:09Z,Marta Kostyuk @ Ashlyn Krueger,Marta Kostyuk,1.4,1.41,1.43,1.4,1.43,1.4,1.4,1.45,1.44,1.4,1.4,1.45,1.46,,,1.44,1.44,,1.44,1.4,1.4,1.45,1.43,,1.43,1.43,1.46,,1.44,1.41,1.44,,0.6894,0.6822,0.683,0.6847,0.6711,0.6829,0.6829,0.6861,0.6693,0.6877,0.6877,0.677,0.6812,,,0.6748,0.68,,0.6654,0.6877,0.6877,0.6809,0.683,,0.6772,0.6772,0.6752,,0.6654,0.6816,0.6654,,2026-07-06,1.4,,0.6847,,1.42,1.43,0.6826,0.6802,1.4,,0.6877,,1.4,0.6835,,,2.0,Not Found
5aadb0dbbad4128c3faf3df033ae5878,tennis_atp_wimbledon,ATP Wimbledon,2026-07-06T12:00:00Z,2026-07-06T05:37:09Z,Flavio Cobolli @ Alex de Minaur,Alex de Minaur,1.26,1.23,1.25,1.25,1.27,1.24,1.24,1.3,1.26,1.28,1.28,1.28,1.3,,,1.26,1.27,,1.25,1.28,1.28,1.31,,,1.25,1.25,1.29,,1.25,1.26,1.25,,0.7718,0.7846,0.7837,0.7701,0.7621,0.7737,0.7737,0.7656,0.7699,0.7555,0.7555,0.7696,0.7656,,,0.7683,0.7738,,0.775,0.7555,0.7555,0.7612,,,0.775,0.775,0.7662,,0.775,0.7666,0.7667,,2026-07-06,1.22,1.26,0.7879,0.7718,1.26,1.27,0.7702,0.7638,1.26,,0.7598,,1.26,0.7702,,,2.0,Not Found
b71326c6ab94b85aeced23088bd99df2,tennis_wta_wimbledon,WTA Wimbledon,2026-07-06T12:00:00Z,2026-07-06T09:41:05Z,Elise Mertens @ Marie Bouzkova,Marie Bouzkova,2.06,2.05,2.1,2.09,2.05,2.04,2.04,2.14,1.91,2.1,2.1,2.07,2.14,,,2.01,2.15,,2.0,2.1,2.1,2.16,2.1,,2.05,2.0,2.13,,2.0,2.06,2.0,,0.4618,0.4598,0.4572,0.4583,0.4565,0.4577,0.4577,0.4648,0.4624,0.4524,0.4524,0.4713,0.4648,,,0.4725,0.4593,,0.4722,0.4524,0.4524,0.4583,0.4556,,0.4661,0.4675,0.46,,0.4722,0.4586,0.4722,,2026-07-06,2.1,,0.4474,,2.05,2.0,0.4582,0.4675,2.08,,0.453,,2.05,0.4582,,,2.0,Not Found
b6bcec433c38e3e38d3dd446569d2812,tennis_wta_wimbledon,WTA Wimbledon,2026-07-06T14:00:00Z,2026-07-06T09:41:05Z,Linda Noskova @ Madison Keys,Madison Keys,1.66,1.66,1.68,1.66,1.65,1.65,1.65,1.74,1.61,1.65,1.65,1.7,1.74,,,1.62,1.72,,1.67,1.65,1.65,1.72,1.67,,1.69,1.67,1.72,,1.67,1.66,1.65,,0.58,0.5739,0.5754,0.5809,0.5758,0.5747,0.5747,0.5718,0.5606,0.5837,0.5837,0.5748,0.5718,,,0.5893,0.5733,,0.5721,0.5837,0.5837,0.577,0.5801,,0.5686,0.5721,0.5724,,0.5721,0.575,0.5758,,2026-07-06,1.62,,0.5864,,1.64,1.67,0.5827,0.5721,1.64,,0.5827,,1.66,0.5729,,,2.0,Not Found
c4a8606c2c9e384350cea213c6ece1d3,soccer_sweden_allsvenskan,Allsvenskan - Sweden,2026-07-06T17:00:00Z,2026-07-06T13:30:05Z,Djurgardens IF @ BK Hacken,BK Hacken,2.4,2.25,2.35,,2.4,2.38,2.38,2.52,2.4,2.5,2.4,2.45,2.52,,,2.48,,2.51,2.38,2.35,2.32,,2.46,2.46,2.41,2.46,2.4,,2.38,,2.4,,0.3952,0.397,0.3911,,0.3901,0.3965,0.3965,0.3942,0.3963,0.3933,0.3928,0.3941,0.395,,,0.3834,,0.3857,0.3882,0.3937,0.3921,,0.3883,0.3883,0.3944,0.3883,0.3927,,0.3882,,0.3951,,2026-07-06,2.35,,0.396,,2.3,2.46,0.3959,0.3883,2.2,,,,,,,,3.0,Not Found
2cfbcf263aa9269ef295ed9b959e76f2,cricket_t20_blast,T20 Blast,2026-07-06T17:30:00Z,2026-07-06T13:30:05Z,Derbyshire @ Lancashire,Lancashire,,,,,,1.52,1.52,1.56,,1.5,1.5,1.52,1.56,,,,,,1.53,,,,1.53,,,,,,1.53,1.5,,,,,,,,0.6289,0.6289,0.6325,,0.6333,0.6333,0.6197,0.6267,,,,,,0.6268,,,,0.6227,,,,,,0.6268,0.6259,,,2026-07-06,,,,,,,,,,,,,,,,,2.0,Not Found
14986526f62254742f296b0eda680507,baseball_mlb,MLB,2026-07-06T22:46:00Z,2026-07-06T20:30:25Z,Houston Astros @ Washington Nationals,Houston Astros,1.98,1.92,1.94,1.94,1.98,1.95,1.95,2.06,1.94,1.97,1.96,2.05,2.06,2.06,2.04,2.06,2.06,,2.0,1.97,1.95,2.05,2.05,2.05,1.99,2.06,2.04,2.11,2.0,1.98,2.04,,0.4837,0.4857,0.486,0.486,0.4823,0.4861,0.4861,0.4823,0.4918,0.4864,0.4848,0.4779,0.4823,0.485,0.4847,0.4739,0.4823,,0.4722,0.4864,0.4861,0.4848,0.4751,0.4751,0.4795,0.4739,0.4805,0.4637,0.4722,0.4793,0.4791,,2026-07-06,1.9,,0.4958,,1.96,2.05,0.4848,0.4765,,,,,1.98,0.4851,Polymarket,2.06,2.0,Not Found
b89359de69e9b8a3550fd8a06d54df68,soccer_brazil_serie_b,Brazil Série B,2026-07-06T22:00:00Z,2026-07-06T20:30:25Z,Avai @ Botafogo,Avai,5.6,,,,5.0,5.3,5.3,6.0,5.25,4.4,4.2,5.63,6.2,,,,,,5.0,4.4,4.25,,5.4,5.4,5.45,5.45,5.22,,5.0,5.3,,,0.1541,,,,0.1684,0.162,0.162,0.1622,0.1701,0.2026,0.1979,0.1633,0.1586,,,,,,0.173,0.2026,0.2019,,0.1641,0.1641,0.1568,0.1568,0.1669,,0.173,0.1621,,,2026-07-06,5.5,5.2,0.1452,0.1633,,,,,,,,,,,,,3.0,Not Found
ceda0420b6aec99d07f85f99472f8c68,baseball_mlb,MLB,2026-07-06T23:16:00Z,2026-07-06T21:58:56Z,New York Mets @ Atlanta Braves,New York Mets,2.08,2.05,2.05,2.05,2.05,2.07,2.07,2.12,2.08,2.08,2.07,2.1,2.12,2.08,2.17,2.08,2.15,,2.1,2.08,2.06,2.12,2.07,2.07,2.08,2.1,2.15,2.14,2.1,2.08,2.12,,0.4611,0.4565,0.4598,0.4582,0.4614,0.4575,0.4575,0.4656,0.4563,0.4595,0.4591,0.4664,0.467,0.4758,0.4557,0.4701,0.4623,,0.4491,0.4595,0.4586,0.4656,0.4713,0.4713,0.4579,0.4649,0.4548,,0.4491,0.4547,0.4611,,2026-07-06,2.1,,0.444,,2.05,2.1,0.4598,0.4649,,,,,2.09,0.4583,Polymarket,2.08,2.0,Not Found
8708f0b1ad493caa280c8d963be2dc0b,baseball_mlb,MLB,2026-07-06T22:41:00Z,2026-07-06T21:58:56Z,New York Yankees @ Tampa Bay Rays,New York Yankees,1.85,1.76,1.78,1.78,1.74,1.79,1.79,1.88,1.78,1.83,1.83,1.86,1.88,1.88,1.85,1.84,1.87,,1.8,1.83,1.82,1.88,1.84,1.84,1.81,1.85,1.87,1.89,1.8,1.81,1.84,,0.5203,0.5341,0.5309,0.5321,0.5493,0.5318,0.5318,0.5301,0.5394,0.5232,0.5232,0.5273,0.5301,0.5312,0.5299,0.5325,0.5326,,0.5278,0.5232,0.5209,0.529,0.5314,0.5314,0.5311,0.5299,0.5247,0.5287,0.5278,0.5262,0.5325,,2026-07-06,1.8,,0.524,,1.79,1.84,0.5354,0.5325,,,,,1.79,0.5378,Polymarket,1.88,2.0,Not Found
0ff4ee3ed2c59893cd90945e16e183d7,baseball_kbo,KBO,2026-07-07T09:30:00Z,2026-07-07T05:08:24Z,SSG Landers @ Doosan Bears,Doosan Bears,1.45,,,1.41,1.45,1.48,1.48,,1.45,1.47,1.47,1.45,,,,,,,,,1.47,,1.48,1.48,1.44,,1.51,,1.44,,1.44,,0.6637,,,0.6546,0.6596,0.6527,0.6527,,0.663,0.65,0.65,0.6637,,,,,,,,,0.65,,0.6593,0.6593,0.662,,0.65,,0.6564,,0.6549,,2026-07-07,1.4,,0.672,,1.41,,0.6546,,,,,,1.45,0.659,,,2.0,Not Found
f0620d5ff3f64875ff71939d62f51d91,tennis_atp_wimbledon,ATP Wimbledon,2026-07-07T06:45:00Z,2026-07-07T13:39:50Z,Alexander Zverev @ Jiri Lehecka,Alexander Zverev,1.06,1.03,1.03,1.04,1.03,,,1.07,1.06,1.04,,,1.07,,,,,1.05,1.04,1.04,,,,,1.05,,1.04,,,1.03,,,0.9092,0.9378,0.9378,0.9308,0.9354,,,0.9328,0.9293,0.9353,,,0.934,,,,,0.9398,0.9308,0.9353,,,,,0.9307,,0.9522,,,0.942,,,2026-07-07,,,,,,,,,,,,,,,,,2.0,Not Found
cec20beb38dbca67256225209c560a23,tennis_atp_wimbledon,ATP Wimbledon,2026-07-07T12:00:00Z,2026-07-07T13:39:50Z,Jan-Lennard Struff @ Jannik Sinner,Jan-Lennard Struff,9.5,8.5,8.5,10.0,9.0,9.75,10.0,21.0,11.8,11.5,,11.52,14.0,,,,11.11,10.5,12.0,11.5,,10.6,,,29.0,,,,,,,,0.0809,0.0734,0.0734,0.0692,0.0748,0.0705,0.0692,0.043,0.0707,0.0627,,0.0717,0.0684,,,,0.0688,0.0714,0.0515,0.0627,,0.0842,,,,,,,,,,,2026-07-07,8.5,,0.0781,,,,,,,,,,12.25,0.0554,,,2.0,Not Found
747770c36738cee8a1c7b74838f0d9a4,tennis_wta_wimbledon,WTA Wimbledon,2026-07-07T13:47:00Z,2026-07-07T13:39:50Z,Karolina Muchova @ Naomi Osaka,Karolina Muchova,2.16,2.15,2.2,2.22,2.15,2.13,2.13,2.28,2.12,2.1,2.1,2.23,2.28,,,2.14,2.27,2.2,2.1,2.1,2.1,2.27,2.2,,2.2,2.15,2.21,,2.1,2.17,2.1,,0.4391,0.4384,0.4366,0.4328,0.4367,0.4371,0.4371,0.4352,0.4468,0.4491,0.4491,0.4369,0.4368,,,0.4412,0.4378,0.4399,0.4491,0.4491,0.4491,0.4378,0.4349,,0.4399,0.4367,0.4422,,0.4491,0.4414,0.444,,2026-07-07,2.15,,0.4332,,2.2,2.1,0.4349,0.4457,2.1,,0.4491,,2.14,0.436,,,2.0,Not Found
4d096634781dc749a8d3b1af71bf68e8,soccer_uefa_champs_league_qualification,UEFA Champions League Qualification,2026-07-07T16:00:00Z,2026-07-07T13:39:50Z,Inter Club d'Escaldes @ Lincoln Red Imps FC,Inter Club d'Escaldes,3.4,,,,,3.35,3.35,3.6,3.3,2.95,2.95,,,,,,,3.3,3.25,2.95,,,2.93,2.93,3.4,2.93,3.3,,,3.34,,,0.2688,,,,,0.2695,0.2695,0.273,0.2827,0.3118,0.3118,,,,,,,0.2791,0.2772,0.3118,,,0.3148,0.3148,0.2768,0.3148,0.2804,,,0.2751,,,2026-07-07,,,,,3.2,,0.269,,2.8,,0.3101,,,,,,3.0,Not Found
62ec0bd8cdd643ab2babffa3140b7573,soccer_uefa_champs_league_qualification,UEFA Champions League Qualification,2026-07-07T15:59:00Z,2026-07-07T16:11:32Z,The New Saints FC @ Sabah FK,Sabah FK,1.22,,,,,,,1.33,1.3,1.22,1.18,,,,,,,,,1.22,,,,,1.18,,,,,,,,0.7925,,,,,,,0.7487,0.7462,0.7889,0.8037,,,,,,,,,0.7889,,,,,0.8267,,,,,,,,2026-07-07,,,,,1.12,,0.847,,,,,,,,,,3.0,Not Found
a6da973c5749ce60adab77d64b3664f4,soccer_fifa_world_cup,FIFA World Cup,2026-07-07T20:00:00Z,2026-07-07T18:20:56Z,Colombia @ Switzerland,Colombia,2.3,2.2,2.25,2.25,2.3,2.3,2.3,2.38,2.3,2.3,2.25,2.33,2.36,2.38,,2.31,,2.32,2.3,2.3,2.25,,2.33,,2.3,2.25,2.36,,2.3,2.28,2.25,,0.4195,0.4336,0.4299,0.4308,0.414,0.4243,0.4243,0.4187,0.4173,0.4268,0.429,0.4217,0.4223,0.4165,,0.4223,,0.4231,0.4041,0.4268,0.429,,0.4192,,0.4187,0.4305,0.418,,0.4095,0.423,0.4277,,2026-07-07,2.25,2.26,0.4269,0.4256,2.15,2.3,0.452,0.4187,2.3,,0.4231,,2.2,0.4336,Polymarket,2.38,3.0,Not Found
fe794d5ef716d67105150bdc4f10a90a,soccer_uefa_champs_league_qualification,UEFA Champions League Qualification,2026-07-07T18:30:00Z,2026-07-07T18:20:56Z,Larne FC @ Tre Fiori F.C.,Larne FC,1.43,,,,,1.43,1.43,1.51,1.47,1.41,1.41,,,,,,,1.4,1.4,1.41,,,1.48,1.47,1.47,1.48,,,,1.43,,,0.6742,,,,,0.6725,0.6728,0.6603,0.6631,0.6843,0.6843,,,,,,,0.6895,0.6813,0.6843,,,0.6525,0.6556,0.665,0.6515,,,,0.6754,,,2026-07-07,1.35,,0.7055,,,,,,1.34,,0.7,,,,,,3.0,Not Found
11f3c8ced81fe3e4fc3240a55917c994,soccer_uefa_champs_league_qualification,UEFA Champions League Qualification,2026-07-07T18:45:00Z,2026-07-07T18:20:56Z,FC Atert Bissen @ Klaksvíkar Ítróttarfelag,Draw,4.8,,,,,,,4.9,4.5,4.75,4.75,,,,,,,4.5,4.33,4.75,,,4.3,4.3,4.4,,4.25,,,4.25,,,0.1831,,,,,,,0.1994,0.2023,0.1877,0.1841,,,,,,,0.1989,0.1978,0.1877,,,0.2089,0.2089,0.2089,,0.2127,,,0.211,,,2026-07-07,4.7,,0.1769,,4.4,,0.1813,,4.5,,0.1775,,,,,,3.0,Not Found
c892fb37a2662fa901742b27c6b7f205,baseball_mlb,MLB,2026-07-07T22:41:00Z,2026-07-07T20:20:31Z,Athletics @ Detroit Tigers,Athletics,2.72,2.7,2.7,2.7,2.8,2.65,2.65,2.98,2.78,2.8,2.8,2.85,2.98,2.94,2.94,2.87,2.94,,2.75,2.8,2.8,2.96,2.9,2.9,2.75,2.82,2.81,2.7,2.75,2.72,2.8,,0.3483,0.338,0.3404,0.3404,0.3337,0.3508,0.3508,0.3345,0.3374,0.3337,0.3313,0.3399,0.3345,0.3345,0.3345,0.3341,0.3367,,0.337,0.3337,0.3313,0.3356,0.3323,0.3323,0.3417,0.3395,0.3468,0.3562,0.3346,0.3414,0.343,,2026-07-07,2.8,,0.3265,,2.75,2.8,0.3394,0.3407,,,,,2.79,0.3391,Polymarket,2.94,2.0,Not Found
c6cb9a245bef2e4059ab23b5a362cdce,tennis_atp_wimbledon,ATP Wimbledon,2026-07-07T16:33:00Z,2026-07-07T20:20:31Z,Novak Djokovic @ Felix Auger-Aliassime,Felix Auger-Aliassime,3.3,2.85,3.0,3.07,3.1,3.09,2.86,3.65,2.78,3.0,2.88,3.21,3.3,,,,3.17,,3.0,3.05,,3.25,,,3.4,,,,,,,,0.2784,0.2878,0.2879,0.2783,0.2854,0.283,0.3099,0.272,0.3374,0.3043,0.3005,0.2908,0.3019,,,,0.2928,,0.299,0.3016,,0.3017,,,0.2711,,,,,,,,2026-07-07,3.0,,0.2963,,,,,,2.95,,0.2907,,,,,,2.0,Not Found
a250fe250560caa8b56cd4e061c8e7b0,baseball_mlb,MLB,2026-07-07T22:36:00Z,2026-07-07T21:48:44Z,Chicago Cubs @ Baltimore Orioles,Chicago Cubs,1.89,1.84,1.86,1.85,1.87,1.88,1.88,1.98,1.88,1.88,1.87,1.94,1.98,2.0,1.92,1.93,1.96,1.87,1.85,1.88,1.85,1.97,1.93,1.93,1.88,1.93,1.94,1.94,1.91,1.88,1.91,,0.5094,0.5113,0.5111,0.5112,0.511,0.5055,0.5055,0.5025,0.5082,0.5095,0.5096,0.5052,0.5025,0.5,0.5153,0.5065,0.5076,0.511,0.5085,0.5095,0.5112,0.5013,0.5065,0.5065,0.5069,0.5065,0.5052,0.5102,0.5,0.5055,0.5118,,2026-07-07,1.8,,0.524,,1.86,1.93,0.5124,0.5065,,,,,1.88,0.5122,Polymarket,2.0,2.0,Not Found
e38e52ed47e9148a67603013c94f7295,baseball_mlb,MLB,2026-07-07T22:41:00Z,2026-07-07T21:48:44Z,Atlanta Braves @ Pittsburgh Pirates,Pittsburgh Pirates,1.66,1.64,1.64,1.65,1.67,1.66,1.66,1.74,1.67,1.68,1.67,1.7,1.74,1.75,1.72,1.71,1.74,1.65,1.65,1.68,1.66,1.72,1.71,1.71,1.67,1.72,1.71,1.76,1.67,1.66,1.71,,0.5819,0.5776,0.5776,0.5768,0.5772,0.576,0.576,0.57,0.5762,0.5754,0.5752,0.5777,0.57,0.5654,0.5761,0.575,0.5728,0.5808,0.5808,0.5754,0.577,0.5752,0.5721,0.5721,0.5772,0.5695,0.5741,,0.5721,0.576,0.575,,2026-07-07,1.6,,0.5951,,1.66,1.71,0.579,0.5721,,,,,1.7,0.5679,Polymarket,1.75,2.0,Not Found
5f2cd17a152606acb902265f7892b9df,baseball_milb,MiLB,2026-07-07T22:35:00Z,2026-07-07T21:48:44Z,Omaha Storm Chasers @ Louisville Bats,Louisville Bats,1.78,,,,,,,,,,,,,,,,,,,,1.76,,1.77,,1.77,,1.77,,,,,,0.5309,,,,,,,,,,,,,,,,,,,,0.529,,0.5325,,0.5325,,0.5261,,,,,,2026-07-07,,,,,,,,,,,,,,,,,2.0,Not Found
2ad78f5629a283e9ba60ca031023293a,baseball_milb,MiLB,2026-07-07T22:35:00Z,2026-07-07T21:48:44Z,Syracuse Mets @ Norfolk Tides,Syracuse Mets,1.76,,,,,,,,,,,,,,,,,,,,1.7,,1.77,,1.74,,1.7,,,,,,0.539,,,,,,,,,,,,,,,,,,,,0.5514,,0.5325,,0.5435,,0.5514,,,,,,2026-07-07,,,,,,,,,,,,,,,,,2.0,Not Found
c5c7cdb1ae1f9545bc4e5a686264436d,baseball_milb,MiLB,2026-07-07T22:35:00Z,2026-07-07T22:47:19Z,Scranton/Wilkes-Barre RailRiders @ Buffalo Bisons,Scranton/Wilkes-Barre RailRiders,1.89,,,,,,,,,,,,,,,,,,,,1.85,,1.87,,1.87,,1.86,,,,,,0.5,,,,,,,,,,,,,,,,,,,,0.5,,0.5,,0.5,,0.5,,,,,,2026-07-07,,,,,,,,,,,,,,,,,2.0,Not Found
a21ff3f3e886298451df6978c4be743c,baseball_mlb,MLB,2026-07-07T23:41:00Z,2026-07-07T23:41:46Z,Cleveland Guardians @ Minnesota Twins,Cleveland Guardians,1.9,1.8,1.88,1.86,1.91,1.86,1.86,1.99,1.91,1.89,1.83,1.96,1.8,1.97,1.96,1.9,1.96,1.91,1.91,1.89,1.85,1.87,1.93,1.93,1.91,1.95,1.96,1.95,1.91,1.9,1.93,,0.4958,0.5031,0.5028,0.4985,0.5,0.5,0.5,0.4987,0.4915,0.5,0.5,0.5,0.509,0.5038,0.5,0.5,0.5026,0.5,0.5,0.5,0.5,0.5,0.5053,0.5053,0.5,0.5,0.5,0.4905,0.5,0.5,0.5053,,2026-07-07,1.9,,0.4854,,1.89,1.95,0.4986,0.5,,,,,1.93,0.4987,Polymarket,1.97,2.0,Not Found
c6ef398cb6827a8a660c67c3f3e6dbd5,baseball_mlb,MLB,2026-07-08T00:06:00Z,2026-07-07T23:41:46Z,Los Angeles Angels @ Texas Rangers,Texas Rangers,1.6,1.58,1.6,1.57,1.62,1.61,1.61,1.65,1.61,1.6,1.57,1.67,1.66,1.64,1.67,1.65,1.65,1.6,1.6,1.6,1.56,1.66,1.65,1.65,1.61,1.65,1.65,1.64,1.62,1.6,1.62,,0.6042,0.5991,0.5951,0.5962,0.5959,0.596,0.596,0.6014,0.5978,0.6067,0.6101,0.5893,0.5963,0.6049,0.5945,0.5964,0.603,0.5997,0.5997,0.6067,0.6122,0.598,0.5947,0.5947,0.6005,0.5929,0.5956,0.6008,0.5913,0.5988,0.6046,,2026-07-08,1.55,,0.6142,,1.61,1.64,0.5978,0.5965,,,,,1.62,0.5968,Polymarket,1.64,2.0,Not Found
53966d4de4d1da8972c6564664409a9b,baseball_mlb,MLB,2026-07-07T23:46:00Z,2026-07-07T23:41:46Z,Milwaukee Brewers @ St. Louis Cardinals,St. Louis Cardinals,1.89,1.86,1.88,1.84,1.91,1.9,1.9,1.97,1.89,1.92,1.91,1.92,1.98,,1.96,1.94,1.94,1.89,1.91,1.92,1.89,1.97,1.94,1.94,1.89,1.94,1.95,1.91,1.91,1.87,,,0.5094,0.5057,0.5055,0.5029,0.5,0.5,0.5,0.5026,0.5055,0.5,0.5,0.5117,0.5025,,0.5,0.5026,0.5077,0.5041,0.5,0.5,0.5,0.5063,0.5026,0.5026,0.5055,0.5026,0.5026,0.5093,0.5,0.5083,,,2026-07-07,1.93,,0.4888,,1.87,1.95,0.5056,0.5,,,,,1.91,0.5027,,,2.0,Not Found
8df69c8e501590af54db5363e5fdc3af,baseball_mlb,MLB,2026-07-08T02:11:00Z,2026-07-08T01:13:11Z,Colorado Rockies @ Los Angeles Dodgers,Colorado Rockies,3.5,3.4,3.45,3.4,3.6,3.32,3.32,3.8,3.57,3.45,3.4,3.63,3.75,3.86,3.57,3.55,3.77,3.42,3.4,3.45,3.4,3.7,3.61,3.61,3.6,3.54,3.64,3.82,3.3,3.45,,,0.2641,0.2624,0.2632,0.2624,0.2572,0.2747,0.2747,0.2612,0.2584,0.269,0.2683,0.2646,0.263,,0.2697,0.2677,0.2623,0.2674,0.2624,0.269,0.2683,0.2648,0.2654,0.2654,0.2543,0.2653,0.2642,0.2605,0.2756,0.2632,,,2026-07-08,3.6,,0.2483,,3.45,3.55,0.2632,0.2592,,,,,3.55,0.2621,Polymarket,3.86,2.0,Not Found
622a46f12d0dc3b057125b0b59f00507,baseball_mlb,MLB,2026-07-08T01:41:00Z,2026-07-08T01:13:11Z,Arizona Diamondbacks @ San Diego Padres,Arizona Diamondbacks,2.02,1.98,2.0,1.94,2.0,1.98,1.98,2.1,2.02,2.02,2.0,2.08,2.1,2.09,2.08,2.06,2.11,2.0,2.0,2.02,1.97,2.12,2.05,2.05,2.02,2.06,2.06,2.11,2.0,2.0,2.06,,0.4743,0.4747,0.4722,0.4752,0.4768,0.4793,0.4793,0.4735,0.4713,0.4743,0.4768,0.4716,0.4735,0.4775,0.4758,0.4739,0.4724,0.4753,0.4722,0.4743,0.4791,0.4699,0.4751,0.4751,0.4728,0.4739,0.4753,,0.4722,0.4738,0.4739,,2026-07-08,2.0,,0.4675,,2.0,2.05,0.4753,0.4765,,,,,2.02,0.4743,Polymarket,2.09,2.0,Not Found
7b7ae2c411b9b8122144d502c0bd1757,baseball_mlb,MLB,2026-07-07T23:11:50Z,2026-07-08T01:13:11Z,Philadelphia Phillies @ Cincinnati Reds,Philadelphia Phillies,1.03,1.08,1.07,1.06,1.05,1.04,1.04,1.1,1.05,1.04,1.02,1.06,1.03,1.09,1.09,,1.04,1.06,1.05,1.04,1.03,1.08,,,1.06,,,,,,,,0.9423,0.8984,0.9085,0.8992,0.9262,0.9262,0.9262,0.8936,0.9187,0.9373,0.9376,0.9281,0.9334,0.9152,0.9137,,0.9157,0.9161,0.9174,0.9373,0.9328,0.908,,,0.9161,,,,,,,,2026-07-07,1.01,,0.9496,,,,,,,,,,1.09,0.8873,Polymarket,1.09,2.0,Not Found
a11dc5b41df437e869c4abe72abced1f,baseball_mlb,MLB,2026-07-07T22:46:00Z,2026-07-08T01:13:11Z,Houston Astros @ Washington Nationals,Houston Astros,1.04,1.09,1.07,1.05,1.07,1.05,1.04,1.08,1.04,1.01,,1.08,1.02,1.07,1.09,1.04,1.06,1.07,,1.01,1.04,1.06,,,1.06,,,,,,,,0.9308,0.8942,0.9048,0.9072,0.9067,0.915,0.9216,0.9086,0.9303,0.9638,,0.9066,0.9292,,,0.9356,0.9342,0.9085,,0.9617,0.9219,0.9332,,,0.9129,,,,,,,,2026-07-07,,,,,,,,,,,,,1.12,0.8631,Polymarket,1.07,2.0,Not Found
cf0feb00e1c51d27588020e9b5802bc8,baseball_npb,NPB,2026-07-08T09:00:00Z,2026-07-08T04:34:35Z,Fukuoka SoftBank Hawks @ Orix Buffaloes,Orix Buffaloes,2.16,,,2.02,2.25,2.15,2.15,,2.15,2.23,2.23,2.15,,,,,,2.2,2.1,,2.23,,2.2,2.2,2.1,2.01,2.13,,2.19,,2.0,,0.4374,,,0.4445,0.4117,0.4384,0.4384,,0.4402,0.4212,0.4212,0.4501,,,,,,0.4297,0.4387,,0.4212,,0.4349,0.4349,0.4422,0.4647,0.4507,,0.4359,,0.4559,,2026-07-08,2.1,,0.4351,,2.0,,0.4451,,2.23,,0.4212,,2.11,0.4446,,,2.0,Not Found
c5d59cac07da17ff59f712977d03d503,baseball_npb,NPB,2026-07-08T09:00:00Z,2026-07-08T04:34:35Z,Tokyo Yakult Swallows @ Hiroshima Toyo Carp,Tokyo Yakult Swallows,2.22,,,2.09,2.2,2.2,2.2,,2.2,2.23,2.23,2.29,,,,,,2.23,2.2,,2.23,,2.25,2.25,2.2,2.16,2.27,,2.28,,2.15,,0.4258,,,0.4287,0.4242,0.4297,0.4297,,0.4314,0.4175,0.4175,0.4207,,,,,,0.423,0.4167,,0.4175,,0.4264,0.4264,0.4242,0.4339,0.4226,,0.4181,,0.4239,,2026-07-08,2.15,,0.4239,,2.05,,0.4314,,2.23,,0.4175,,2.19,0.4271,,,2.0,Not Found
c836397cffa720d9bcb5ff7664936612,baseball_kbo,KBO,2026-07-08T09:30:00Z,2026-07-08T04:34:35Z,SSG Landers @ Doosan Bears,Doosan Bears,1.48,,,1.43,1.48,1.5,1.5,,1.5,1.5,1.5,1.48,,,,,,1.48,,,1.5,,1.5,1.5,1.45,,1.53,,1.5,,1.45,,0.6513,,,0.6439,0.6455,0.641,0.641,,0.641,0.6373,0.6373,0.6513,,,,,,0.6506,,,0.6373,,0.6509,0.6509,0.6561,,0.6409,,0.6333,,0.6487,,2026-07-08,1.45,,0.6487,,1.43,,0.6456,,,,,,1.48,0.6448,,,2.0,Not Found
c789e3f1cebd88497371ab5aa39c2d31,baseball_kbo,KBO,2026-07-08T09:30:00Z,2026-07-08T04:34:35Z,Kia Tigers @ Lotte Giants,Lotte Giants,2.68,,,2.43,2.6,2.6,2.6,,2.6,2.6,2.6,2.62,,,,,,2.6,,,2.6,,2.7,2.7,2.6,,2.63,,2.62,,2.6,,0.3487,,,0.3561,0.3545,0.359,0.359,,0.359,0.3545,0.3545,0.3575,,,,,,0.359,,,0.3545,,0.3541,0.3541,0.3545,,0.3675,,0.3436,,0.3451,,2026-07-08,2.65,,0.3366,,2.45,,0.3544,,,,,,2.6,0.3545,,,2.0,Not Found
22713ebd76046e0c78e7e1b864abbfd7,baseball_npb,NPB,2026-07-08T09:00:00Z,2026-07-08T07:11:58Z,Hanshin Tigers @ Yomiuri Giants,Hanshin Tigers,1.61,,,1.56,1.61,1.62,1.62,,1.62,1.56,1.56,1.66,,,,,,1.61,1.57,,1.56,,1.65,1.65,1.59,1.65,1.68,,1.63,,1.57,,0.5969,,,0.5912,0.5932,0.5913,0.5913,,0.5913,0.6104,0.6104,0.5875,,,,,,0.596,0.5962,,0.6104,,0.5884,0.5884,0.5971,0.5808,0.5774,,0.5931,,0.5962,,2026-07-08,1.57,,0.5962,,1.55,,0.59,,1.56,,0.6104,,1.61,0.5913,,,2.0,Not Found
7690becf85023f18aedbb03e8f547c53,baseball_npb,NPB,2026-07-08T09:15:00Z,2026-07-08T07:11:58Z,Chunichi Dragons @ Yokohama DeNA BayStars,Chunichi Dragons,2.4,,,2.25,2.4,2.35,2.35,,2.4,2.28,2.28,2.47,,,,,,2.35,2.25,,2.28,,2.4,2.4,2.4,2.39,2.44,,2.38,,2.35,,0.3919,,,0.3954,0.3837,0.4003,0.4003,,0.3899,0.4107,0.4107,0.3899,,,,,,0.4003,0.4038,,0.4107,,0.3997,0.3997,0.3837,0.3947,0.3924,,0.3995,,0.386,,2026-07-08,2.35,,0.3838,,2.2,,0.3983,,2.28,,0.4107,,2.36,0.3934,,,2.0,Not Found
2a881c52e61ca2b3731f8a786923b85d,baseball_kbo,KBO,2026-07-08T09:30:00Z,2026-07-08T09:38:37Z,NC Dinos @ Hanwha Eagles,Hanwha Eagles,,,,,,,,,1.8,1.81,1.81,,,,,,,,,,1.81,,1.83,1.83,,,1.85,,,,1.75,,,,,,,,,,0.5214,0.5211,0.5211,,,,,,,,,,0.5211,,0.5232,0.5232,,,0.5276,,,,0.5293,,2026-07-08,,,,,,,,,,,,,,,,,2.0,Not Found
e1ddcd7d8e1c4ca551702bccd5dd81ba,baseball_kbo,KBO,2026-07-08T09:30:00Z,2026-07-08T09:38:37Z,Kiwoom Heroes @ KT Wiz,Kiwoom Heroes,2.8,,,2.5,2.75,2.8,2.65,,2.6,2.6,2.75,2.9,,,,,,2.6,,,2.55,,3.02,3.02,2.8,,3.0,,2.75,,,,0.3289,,,0.3429,0.3247,0.3337,0.3462,,0.3522,0.3427,0.3322,0.3203,,,,,,0.3451,,,0.3389,,0.311,0.311,0.3265,,0.3194,,0.3247,,,,2026-07-08,2.7,,0.328,,2.65,,0.321,,,,,,2.7,0.328,,,2.0,Not Found
43f7ec2035b93622c5ada40b6b28cdc4,baseball_npb,NPB,2026-07-08T09:30:00Z,2026-07-08T09:38:37Z,Tohoku Rakuten Golden Eagles @ Saitama Seibu Lions,Tohoku Rakuten Golden Eagles,2.24,,,2.05,2.25,2.18,2.1,,2.1,2.08,1.94,2.05,,,,,,2.08,2.05,,2.04,,2.05,2.05,2.1,1.89,2.18,,1.99,,1.95,,0.4165,,,0.4314,0.4038,0.4263,0.444,,0.4422,0.4374,0.4845,0.4736,,,,,,0.441,0.4445,,0.4345,,0.4661,0.4661,0.4422,0.4943,0.4403,,0.481,,0.4707,,2026-07-08,2.1,,0.4351,,1.91,,0.4744,,1.97,,,,1.99,0.4719,,,2.0,Not Found
161a8d4a3695b31723dc042e7ec72858,soccer_uefa_champs_league_qualification,UEFA Champions League Qualification,2026-07-08T15:00:00Z,2026-07-08T09:38:37Z,FK Sutjeska Nikšić @ FC Kairat,FK Sutjeska Nikšić,15.0,,,,,16.5,16.5,18.5,13.0,12.0,11.5,,,,,,,14.0,13.0,12.0,,,10.5,10.5,13.0,13.0,,,,15.0,,,0.0416,,,,,0.0319,0.0319,0.0511,0.0569,0.0605,0.0608,,,,,,,0.0476,0.0513,0.0605,,,0.0676,0.0676,0.0598,0.0598,,,,0.042,,,2026-07-08,13.0,,0.0406,,13.0,,0.0435,,11.0,,0.0449,,,,,,3.0,Not Found
988048d0b32a6d8e639ca555ebf361ad,soccer_uefa_champs_league_qualification,UEFA Champions League Qualification,2026-07-08T16:00:00Z,2026-07-08T09:38:37Z,FC Iberia 1999 @ FC Flora,Draw,3.5,,,,,,,3.8,3.65,3.75,3.75,,,,,,,3.5,3.3,3.75,,,3.5,3.5,3.7,3.5,3.54,,,3.54,,,0.2608,,,,,,,0.261,0.2536,0.2415,0.2415,,,,,,,0.2629,0.2692,0.2415,,,0.2586,0.2586,0.2534,0.2586,0.2586,,,0.2586,,,2026-07-08,3.5,,0.2499,,3.4,,0.2521,,3.55,,0.2354,,,,,,3.0,Not Found
422e9daaacc114651853267b712e3125,tennis_wta_wimbledon,WTA Wimbledon,2026-07-08T09:00:00Z,2026-07-08T13:11:31Z,Jasmine Paolini @ Marta Kostyuk,Jasmine Paolini,5.3,5.0,5.7,5.5,6.0,5.3,5.64,6.4,5.53,6.4,6.1,6.71,7.4,,,,6.06,5.5,5.0,6.4,,7.0,,,,,,,3.1,,,,0.167,0.1495,0.1332,0.1405,0.1329,0.1479,0.1382,0.1508,0.1631,0.1277,0.119,0.1397,0.1328,,,,0.1477,0.1561,0.1614,0.1277,,0.1328,,,,,,,0.2936,,,,2026-07-08,4.7,,0.1753,,,,,,6.1,,0.119,,5.5,0.1561,,,2.0,Not Found
dddbd0f0e0bfc925a35cef4b17f733a8,tennis_atp_wimbledon,ATP Wimbledon,2026-07-08T13:40:00Z,2026-07-08T13:11:31Z,Arthur Fery @ Flavio Cobolli,Arthur Fery,3.3,3.15,3.25,3.22,3.3,3.14,3.14,3.25,3.23,3.25,3.25,3.14,3.25,,,3.21,3.33,3.22,3.3,3.25,3.25,3.3,,,3.4,3.25,3.4,,3.3,3.34,2.9,,0.2811,0.2884,0.2889,0.293,0.2784,0.2861,0.2861,0.3042,0.2844,0.2835,0.2835,0.3071,0.3066,,,0.277,0.2955,0.2956,0.2756,0.2835,0.2835,0.3019,,,0.2794,0.2779,0.2847,,0.2756,0.2793,0.3153,,2026-07-08,3.2,3.25,0.2803,0.2889,3.3,3.25,0.2866,0.2862,3.2,,0.2859,,3.18,0.2896,,,2.0,Not Found
163c1098790f630e06fc3d953b87f778,soccer_uefa_champs_league_qualification,UEFA Champions League Qualification,2026-07-08T17:00:00Z,2026-07-08T13:11:31Z,KF Egnatia @ Petrocub Hîncești,KF Egnatia,3.3,,,,,3.25,3.25,3.55,3.2,3.35,3.35,,,,,,,3.25,3.1,3.35,,,3.07,3.07,,3.2,3.29,,,3.22,,,0.2763,,,,,0.2797,0.2797,0.2794,0.2925,0.2724,0.2724,,,,,,,0.2844,0.2927,0.2724,,,0.2991,0.2991,,0.2867,0.2878,,,0.2867,,,2026-07-08,3.4,,0.2593,,3.2,,0.2691,,3.15,,0.2707,,,,,,3.0,Not Found
c12db019b8589c642e49bd7d48b70301,cricket_t20_blast,T20 Blast,2026-07-08T17:30:00Z,2026-07-08T15:35:37Z,Northamptonshire @ Glamorgan,Northamptonshire,,,,,,1.72,1.72,1.79,,1.73,1.73,1.79,1.8,,,,,,1.73,,,,1.77,,,,,,1.73,1.72,,,,,,,,0.5526,0.5526,0.5521,,0.5451,0.5451,0.5242,0.5526,,,,,,0.5509,,,,0.5325,,,,,,0.5509,0.5407,,,2026-07-08,,,,,,,,,,,,,,,,,2.0,Not Found
cac9cb1a9927506c8b6d1aa7fd9f74e7,soccer_uefa_champs_league_qualification,UEFA Champions League Qualification,2026-07-08T17:00:00Z,2026-07-08T17:05:24Z,Universitatea Craiova @ FC Vitebsk,Universitatea Craiova,1.67,,,,,,,1.64,,1.2,1.17,,,,,,,1.7,,1.2,,,1.65,1.65,,,1.74,,,1.66,,,0.5756,,,,,,,0.6012,,0.8019,0.8122,,,,,,,0.5731,,0.8024,,,0.5797,0.5797,,,0.557,,,0.5784,,,2026-07-08,,,,,,,,,,,,,,,,,3.0,Not Found
b30f441aed60f4a1f7cb47c9ff03f0b1,cricket_t20_blast,T20 Blast,2026-07-08T18:00:00Z,2026-07-08T17:05:24Z,Middlesex @ Hampshire,Middlesex,,,,,,3.0,3.0,3.35,,2.95,2.95,2.6,3.35,,,,,,3.1,,,,3.12,,,,,,2.9,2.8,,,,,,,,0.3043,0.3043,0.2946,,0.3072,0.3072,0.3451,0.2946,,,,,,0.2936,,,,0.2899,,,,,,0.3153,0.3163,,,2026-07-08,,,,,,,,,,,,,,,,,2.0,Not Found
01222b25aedb001d3e4c83cb1164261f,baseball_milb,MiLB,2026-07-08T22:35:00Z,2026-07-08T20:09:48Z,Omaha Storm Chasers @ Louisville Bats,Omaha Storm Chasers,2.06,,,,,,,,,,,,,,,,,,,,2.02,,2.05,,2.05,,2.02,,,,,,0.457,,,,,,,,,,,,,,,,,,,,0.4568,,0.4565,,0.4565,,0.4585,,,,,,2026-07-08,,,,,,,,,,,,,,,,,2.0,Not Found
f30eb3060b32a01dced2737d2398b918,baseball_mlb,MLB,2026-07-08T22:41:00Z,2026-07-08T21:31:09Z,Atlanta Braves @ Pittsburgh Pirates,Atlanta Braves,2.02,1.94,1.96,1.96,1.98,1.98,1.98,2.12,1.98,2.0,2.0,2.08,2.12,2.08,2.08,2.11,2.11,2.0,2.0,2.0,1.97,2.1,2.1,2.1,2.03,2.06,2.06,2.07,2.0,2.0,2.1,,0.4743,0.483,0.4804,0.4804,0.4823,0.4793,0.4793,0.4699,0.4823,0.4768,0.4768,0.4701,0.4699,0.4758,0.4758,0.4637,0.4696,0.4753,0.4722,0.4768,0.4791,0.4707,0.4649,0.4649,0.4701,0.4739,0.4753,0.4784,0.4722,0.4738,0.4649,,2026-07-08,1.97,,0.476,,1.98,2.06,0.4808,0.4739,,,,,1.98,0.4851,Polymarket,2.08,2.0,Not Found
ee87ced2d6a2acedec0ca6c9d37dde8c,baseball_mlb,MLB,2026-07-08T22:41:00Z,2026-07-08T21:31:09Z,Seattle Mariners @ Miami Marlins,Seattle Mariners,1.77,1.76,1.76,1.76,1.77,1.78,1.78,1.85,1.79,1.76,1.75,1.82,1.86,1.85,1.82,1.83,1.85,1.78,1.75,1.76,1.75,1.85,1.83,1.83,1.78,1.83,1.83,1.81,1.8,1.77,1.82,,0.5444,0.5341,0.5402,0.5378,0.5386,0.5346,0.5346,0.5366,0.5354,0.546,0.5476,0.54,0.5352,0.5355,0.5443,0.5363,0.5377,0.537,0.5418,0.546,0.5453,0.5366,0.5351,0.5351,0.5394,0.5351,0.5374,0.5448,0.5278,0.5386,0.5389,,2026-07-08,1.7,,0.556,,1.78,1.83,0.537,0.5351,,,,,1.79,0.5389,Polymarket,1.85,2.0,Not Found
4b1d5f19fa5a24ebbe0d67462b7c2bb4,baseball_milb,MiLB,2026-07-08T22:35:00Z,2026-07-08T21:31:09Z,Scranton/Wilkes-Barre RailRiders @ Buffalo Bisons,Scranton/Wilkes-Barre RailRiders,1.78,,,,,,,,,,,,,,,,,,,,1.75,,1.77,,1.77,,1.76,,,,,,0.5309,,,,,,,,,,,,,,,,,,,,0.5306,,0.5325,,0.5325,,0.5303,,,,,,2026-07-08,,,,,,,,,,,,,,,,,2.0,Not Found
673394fe5878e43a0bdc2feb5f6634d3,baseball_mlb,MLB,2026-07-08T22:46:00Z,2026-07-08T22:37:26Z,Houston Astros @ Washington Nationals,Houston Astros,2.16,2.05,2.05,2.03,2.15,2.12,2.12,2.22,2.08,2.08,2.07,2.19,2.22,2.27,2.22,2.23,2.25,2.12,2.1,2.08,2.06,2.21,2.21,2.21,2.15,2.18,2.18,2.24,2.1,2.11,2.23,,0.4458,0.4532,0.4565,0.4522,0.4402,0.4452,0.4452,0.4443,0.4579,0.4595,0.4591,0.4474,0.4443,0.4346,0.4459,0.4385,0.4429,0.4468,0.4491,0.4595,0.4586,0.4453,0.4405,0.4405,0.4419,0.4469,0.4485,,0.4491,0.4479,0.4385,,2026-07-08,2.1,,0.444,,2.05,2.18,0.4549,0.4453,,,,,2.12,0.4518,Polymarket,2.27,2.0,Not Found
2254187dcc5ccd21d6c8a1b2ab690416,baseball_milb,MiLB,2026-07-08T22:45:00Z,2026-07-08T22:37:26Z,Columbus Clippers @ Lehigh Valley IronPigs,Lehigh Valley IronPigs,2.06,,,,,,,,,,,,,,,,,,,,2.05,,2.05,,2.05,,2.02,,,,,,0.457,,,,,,,,,,,,,,,,,,,,0.4498,,0.4565,,0.4565,,0.4585,,,,,,2026-07-08,,,,,,,,,,,,,,,,,2.0,Not Found
033ac4dc54c226f37ea68567c58cb3aa,soccer_brazil_serie_b,Brazil Série B,2026-07-08T23:00:00Z,2026-07-08T22:37:26Z,Criciuma @ Ponte Preta,Criciuma,1.57,,,,1.57,1.58,1.58,1.66,1.59,1.61,1.56,1.61,1.65,,,,,1.64,1.6,1.61,1.6,,1.6,1.6,1.57,1.57,1.61,,1.6,1.59,,,0.6114,,,,0.6021,0.6075,0.6075,0.6009,0.607,0.5973,0.6009,0.606,0.6034,,,,,0.5866,0.5964,0.5973,0.5928,,0.6036,0.6036,0.6072,0.612,0.5966,,0.5964,0.6025,,,2026-07-08,1.5,1.56,0.6313,0.6106,,,,,,,,,,,,,3.0,Not Found
0fc4abb4edf30887b57b4f686db8179a,basketball_wnba,WNBA,2026-07-08T23:38:00Z,2026-07-08T23:43:44Z,Minnesota Lynx @ Connecticut Sun,Minnesota Lynx,1.36,,,,1.22,1.28,1.28,1.35,1.34,1.29,1.25,1.31,1.36,1.39,1.39,1.26,1.35,1.27,1.33,1.29,1.26,1.36,1.32,1.32,1.38,1.31,,,,,,,0.7064,,,,0.7848,0.7382,0.7382,0.7165,0.7169,0.7468,0.7551,0.7436,0.7184,0.7193,0.7096,0.7652,0.7229,0.7488,0.7244,0.7468,0.754,0.7184,0.7367,0.7367,0.6899,0.7439,,,,,,,2026-07-08,,,,,,1.32,,0.7359,1.25,,0.7462,,1.3,0.7457,Polymarket,1.39,2.0,Not Found
88cb3f823f958bc6b24e7f918541e63f,baseball_mlb,MLB,2026-07-09T00:06:00Z,2026-07-09T01:19:47Z,Los Angeles Angels @ Texas Rangers,Texas Rangers,4.0,3.9,4.1,3.33,4.33,3.86,3.86,3.5,3.78,4.0,3.85,4.3,3.4,4.0,4.17,4.52,3.85,4.1,4.1,4.1,3.9,3.95,,,4.5,,,,,,,,0.2185,0.2184,0.2187,0.2595,0.2023,0.223,0.223,0.2396,0.2323,0.2218,0.2166,0.2098,0.2406,0.2462,,0.1974,0.2061,0.222,0.1982,0.2154,0.2184,0.239,,,0.1874,,,,,,,,2026-07-09,4.3,,0.1889,,,,,,,,,,3.95,0.2266,Polymarket,4.0,2.0,Not Found
49de1a8b7d85007610fb077c920e206a,baseball_mlb,MLB,2026-07-09T02:11:00Z,2026-07-09T01:19:47Z,Colorado Rockies @ Los Angeles Dodgers,Colorado Rockies,3.1,3.0,3.05,3.0,3.2,3.04,3.04,3.4,3.17,3.3,3.3,3.32,3.45,3.45,3.23,3.21,3.39,3.18,3.15,3.3,3.25,3.4,3.32,3.32,3.2,3.18,3.29,3.22,3.1,3.15,,,0.3016,0.3017,0.3016,0.3017,0.2886,0.3022,0.3022,0.2899,0.2928,0.2839,0.2811,0.2909,0.2878,0.2852,0.3002,0.2934,0.2929,0.2896,0.2828,0.2839,0.2807,0.2924,0.2883,0.2883,0.2913,0.2975,0.2948,0.3007,0.2936,0.2911,,,2026-07-09,3.1,,0.2909,,3.05,3.1,0.3016,0.3016,,,,,3.12,0.3005,Polymarket,3.45,2.0,Not Found
fa2f6fc2aee410abafe5d685acfde5f3,baseball_mlb,MLB,2026-07-08T23:11:00Z,2026-07-09T01:19:47Z,Kansas City Royals @ New York Mets,Kansas City Royals,2.4,2.25,2.35,2.07,2.3,2.51,2.51,2.22,2.43,2.25,2.2,2.43,2.2,2.44,2.38,2.63,2.2,2.4,2.4,2.28,2.23,2.4,,,2.6,,,,,,,,0.3878,0.3933,0.3963,0.4421,0.4087,0.3614,0.3614,0.4443,0.379,0.4155,0.4068,0.3873,0.4088,0.4055,0.4142,0.3545,0.4448,0.3899,0.375,0.4107,0.4057,0.4053,,,0.3545,,,,,,,,2026-07-08,2.7,,0.328,,,,,,,,,,2.35,0.3902,Polymarket,2.44,2.0,Not Found
820b5e5318a55de2575d16d7bbe15cfa,baseball_milb,MiLB,2026-07-09T02:05:00Z,2026-07-09T01:19:47Z,Tacoma Rainiers @ Las Vegas Aviators,Tacoma Rainiers,1.89,,,,,,,,,,,,,,,,,,,,1.92,,1.87,,1.91,,1.89,,,,,,0.5,,,,,,,,,,,,,,,,,,,,0.4826,,0.5,,0.4886,,0.4913,,,,,,2026-07-09,,,,,,,,,,,,,,,,,2.0,Not Found
5f06cb50d8958999edebedd877cc1cdd,baseball_npb,NPB,2026-07-09T09:00:00Z,2026-07-09T01:19:47Z,Hanshin Tigers @ Yomiuri Giants,Yomiuri Giants,2.18,,,2.06,2.1,2.15,2.15,,2.15,2.23,2.23,2.22,,,,,,2.17,2.1,,2.23,,2.2,2.2,2.15,2.08,2.18,,2.19,,2.15,,0.4335,,,0.436,0.4422,0.4384,0.4384,,0.4367,0.4212,0.4212,0.4345,,,,,,0.4363,0.4387,,0.4212,,0.4349,0.4349,0.4332,0.4497,0.4403,,0.4359,,0.4239,,2026-07-09,2.15,,0.4239,,2.05,,0.4353,,2.23,,0.4212,,2.15,0.4349,,,2.0,Not Found
ebfa159d77e940d1886c507d7000ca73,baseball_npb,NPB,2026-07-09T09:00:00Z,2026-07-09T05:14:32Z,Tokyo Yakult Swallows @ Hiroshima Toyo Carp,Tokyo Yakult Swallows,2.48,,,2.31,2.45,2.4,2.4,,2.45,2.25,2.25,2.54,,,,,,,2.38,,2.25,,2.45,2.45,2.45,2.46,2.46,,2.48,,2.4,,0.3769,,,0.3831,0.3773,0.3919,0.3919,,0.3836,0.4155,0.4155,0.3784,,,,,,,0.3833,,0.4155,,0.3935,0.3935,0.3773,0.3848,0.3888,,0.3831,,0.375,,2026-07-09,2.5,,0.3599,,2.3,,0.3818,,2.25,,0.4155,,2.42,0.384,,,2.0,Not Found
5a3a9413f9d9b04f2389104acb385007,baseball_npb,NPB,2026-07-09T09:15:00Z,2026-07-09T05:14:32Z,Chunichi Dragons @ Yokohama DeNA BayStars,Chunichi Dragons,2.34,,,2.17,2.3,2.3,2.3,,2.3,2.33,2.33,2.38,,,,,,,2.25,,2.33,,2.37,2.37,2.3,2.26,2.33,,2.34,,2.25,,0.4031,,,0.4099,0.4068,0.4087,0.4087,,0.4087,0.3961,0.3961,0.4052,,,,,,,0.4038,,0.3961,,0.4061,0.4061,0.4029,0.4164,0.4116,,0.4069,,0.4038,,2026-07-09,2.25,,0.4038,,2.15,,0.41,,2.33,,0.3961,,2.28,0.4087,,,2.0,Not Found
aad3e4e0448df3cbdcf052004cc31ff0,baseball_kbo,KBO,2026-07-09T09:30:00Z,2026-07-09T05:14:32Z,SSG Landers @ Doosan Bears,Doosan Bears,1.61,,,1.55,1.61,1.62,1.62,,1.62,1.62,1.62,1.63,,,,,,,,,1.62,,1.65,1.65,1.61,,1.68,,1.6,,1.57,,0.5969,,,0.59,0.5883,0.5913,0.5913,,0.5913,0.5893,0.5893,0.5894,,,,,,,,,0.5893,,0.5903,0.5903,0.5883,,0.583,,0.5903,,0.5962,,2026-07-09,1.57,,0.5962,,1.55,,0.59,,,,,,1.61,0.5903,,,2.0,Not Found
24982864c3294758ca3ee985a1c919b9,baseball_kbo,KBO,2026-07-09T09:30:00Z,2026-07-09T08:47:56Z,Kiwoom Heroes @ KT Wiz,KT Wiz,1.6,,,,1.61,1.62,1.62,,1.62,1.56,1.56,1.59,,,,,,1.61,,,1.56,,1.6,1.6,1.57,,1.65,,1.57,,1.55,,0.6006,,,,0.5932,0.5913,0.5913,,0.5913,0.6104,0.6104,0.6044,,,,,,0.596,,,0.6104,,0.6101,0.6101,0.6057,,0.5938,,0.6011,,0.6052,,2026-07-09,1.52,,0.6162,,1.54,,0.5974,,,,,,1.6,0.596,,,2.0,Not Found
a2173436fe92a7a3be2ffda6045ed998,baseball_kbo,KBO,2026-07-09T09:30:00Z,2026-07-09T11:39:36Z,Kia Tigers @ Lotte Giants,Lotte Giants,18.0,,,,14.0,,13.5,,14.0,13.0,,19.98,,,,,,,,,,,,,8.0,,,,,,,,0.0327,,,,0.0407,,0.042,,,0.0483,,0.03,,,,,,,,,,,,,0.0908,,,,,,,,2026-07-09,,,,,,,,,,,,,5.25,0.1488,,,2.0,Not Found
c16a9052499cf37cf12fb2b5c275b62c,tennis_wta_wimbledon,WTA Wimbledon,2026-07-09T12:30:00Z,2026-07-09T14:16:17Z,Coco Gauff @ Karolina Muchova,Karolina Muchova,1.77,1.98,2.0,2.03,1.95,1.85,2.07,2.04,2.19,2.14,1.92,1.78,2.06,,,,1.92,2.1,2.0,2.14,,2.07,,,2.2,,,,,,,,0.5386,0.4476,0.4559,0.4469,0.4832,0.5,0.4421,0.4874,0.4325,0.4429,0.4779,0.5428,0.4823,,,,0.4901,0.4524,0.461,0.4429,,0.4784,,,0.4314,,,,,,,,2026-07-09,2.0,,0.4643,,,,,,1.89,,0.4788,,1.55,0.6226,,,2.0,Not Found
9b5f82481ae5c777a49b79e00549f76f,cricket_international_t20,International Twenty20,2026-07-09T16:30:00Z,2026-07-09T14:16:17Z,India @ England,England,1.82,,,,,1.85,1.85,1.94,1.77,1.8,1.8,1.79,1.94,,,1.78,,,,,,,1.82,,,,,,1.8,,1.8,,0.5196,,,,,0.5139,0.5139,0.5126,0.5325,0.5278,0.5278,0.5401,0.5126,,,0.5309,,,,,,,0.5272,,,,,,0.5278,,0.5278,,2026-07-09,,,,,,,,,,,,,,,,,2.0,Not Found
7f35bcd205e1fc92964d4de90ee2c1fc,basketball_nba_summer_league,NBA Summer League,2026-07-09T19:30:00Z,2026-07-09T18:31:32Z,Minnesota Timberwolves @ New Orleans Pelicans,New Orleans Pelicans,2.44,,,,,,,,2.45,,,2.43,,,,,,,,,2.32,,,,2.45,,,,,2.39,,,0.3844,,,,,,,,0.3856,,,0.3873,,,,,,,,,0.397,,,,0.3896,,,,,0.3824,,,2026-07-09,,,,,,,,,,,,,,,,,2.0,Not Found
e54f2b5ad7f13791e046656b00fa19ef,baseball_milb,MiLB,2026-07-09T22:35:00Z,2026-07-09T20:25:51Z,Syracuse Mets @ Norfolk Tides,Syracuse Mets,1.58,,,,,,,,,,,,,,,,,,,,1.56,,1.59,,1.59,,1.57,,,,,,0.6028,,,,,,,,,,,,,,,,,,,,0.6031,,0.5989,,0.5971,,0.5982,,,,,,2026-07-09,,,,,,,,,,,,,,,,,2.0,Not Found
83cf12bed561626b784721179f647eb2,baseball_mlb,MLB,2026-07-09T22:41:00Z,2026-07-09T21:58:34Z,Seattle Mariners @ Miami Marlins,Miami Marlins,2.1,2.0,2.0,2.03,2.05,2.03,2.03,2.18,2.05,2.14,2.12,2.12,2.18,2.17,2.13,2.11,2.17,,2.05,2.14,2.12,2.17,2.1,2.1,2.09,2.11,2.1,2.13,2.0,2.04,2.1,,0.4556,0.4659,0.4691,0.4638,0.4661,0.4654,0.4654,0.4561,0.4646,0.4463,0.4468,0.4626,0.4561,0.4557,0.46,0.4637,0.4572,,0.4582,0.4463,0.4468,0.4557,0.4649,0.4649,0.4551,0.4622,0.4649,0.4585,0.4722,0.4642,0.4649,,2026-07-09,2.0,,0.4675,,2.05,2.11,0.463,0.4622,,,,,2.07,0.4638,Polymarket,2.17,2.0,Not Found
ba25bfe0dec143713f1dee2d83e6a95d,baseball_milb,MiLB,2026-07-09T22:35:00Z,2026-07-09T21:58:34Z,Scranton/Wilkes-Barre RailRiders @ Buffalo Bisons,Scranton/Wilkes-Barre RailRiders,1.75,,,,,,,,,,,,,,,,,,,,1.73,,1.74,,1.77,,1.73,,,,,,0.543,,,,,,,,,,,,,,,,,,,,0.5415,,0.5435,,0.5325,,0.5415,,,,,,2026-07-09,,,,,,,,,,,,,,,,,2.0,Not Found
3144ca1aad749217cfcc49870537e877,baseball_milb,MiLB,2026-07-09T22:45:00Z,2026-07-09T21:58:34Z,Columbus Clippers @ Lehigh Valley IronPigs,Columbus Clippers,1.75,,,,,,,,,,,,,,,,,,,,1.74,,1.74,,1.74,,1.75,,,,,,0.543,,,,,,,,,,,,,,,,,,,,0.5374,,0.5435,,0.5435,,0.5345,,,,,,2026-07-09,,,,,,,,,,,,,,,,,2.0,Not Found
90c6087be05068e6e648737ffb53ce1d,baseball_milb,MiLB,2026-07-09T22:45:00Z,2026-07-09T21:58:34Z,Rochester Red Wings @ Worcester Red Sox,Rochester Red Wings,1.75,,,,,,,,,,,,,,,,,,,,1.74,,1.78,,1.74,,1.74,,,,,,0.543,,,,,,,,,,,,,,,,,,,,0.5374,,0.5296,,0.5435,,0.5374,,,,,,2026-07-09,,,,,,,,,,,,,,,,,2.0,Not Found
673121d56b103f8d38738980fbffafef,baseball_mlb,MLB,2026-07-09T22:41:00Z,2026-07-09T23:22:27Z,Athletics @ Detroit Tigers,Detroit Tigers,1.7,1.68,1.76,1.63,1.69,1.64,1.64,1.67,1.68,1.71,1.66,1.74,1.65,1.79,1.79,1.66,1.77,1.75,1.61,1.74,1.7,1.78,,,1.65,,,,,,,,0.5583,0.5425,0.5402,0.5709,0.5633,0.5712,0.5712,0.5782,0.5618,0.5565,0.5573,0.5504,0.5579,0.5541,0.5541,0.578,0.5552,0.5476,0.578,0.547,0.549,0.5557,,,0.5758,,,,,,,,2026-07-09,1.55,,0.6004,,,,,,,,,,1.65,0.5808,Polymarket,1.79,2.0,Not Found
58d65ddcc6e16d6cc04d2d9d7b9b0185,basketball_nba_summer_league,NBA Summer League,2026-07-09T21:52:51Z,2026-07-09T23:22:27Z,Detroit Pistons @ Philadelphia 76ers,Detroit Pistons,2.86,,,,,,,,3.3,,,3.06,,,,,,,,,3.2,,,,3.45,,,,,,,,0.3202,,,,,,,,0.2727,,,0.3037,,,,,,,,,0.2562,,,,0.2573,,,,,,,,2026-07-09,,,,,,,,,,,,,,,,,2.0,Not Found
019f58f03fa0fbca8f9e15db693806e6,basketball_nba_summer_league,NBA Summer League,2026-07-09T23:46:22Z,2026-07-10T01:06:39Z,Charlotte Hornets @ Orlando Magic,Charlotte Hornets,1.29,,,,,,,,1.17,,,1.61,,,,,,,,,1.22,,,,1.13,,,,,,,,0.7447,,,,,,,,0.8253,,,0.5863,,,,,,,,,0.7628,,,,0.8499,,,,,,,,2026-07-09,,,,,,,,,,,,,,,,,2.0,Not Found
8f0d0dc535085dbd8b4cf7ce19f94c19,baseball_npb,NPB,2026-07-10T09:00:00Z,2026-07-10T08:35:31Z,Tohoku Rakuten Golden Eagles @ Fukuoka SoftBank Hawks,Tohoku Rakuten Golden Eagles,2.76,,,2.43,2.55,2.7,2.7,,2.7,2.7,2.7,2.75,,,,,,2.7,2.62,,2.7,,2.8,2.8,2.65,2.66,2.69,,2.7,,2.6,,0.3363,,,0.346,0.3627,0.3473,0.3473,,0.3473,0.338,0.338,0.3485,,,,,,0.345,0.3436,,0.338,,0.3407,0.3407,0.3439,0.3546,0.3525,,0.3473,,0.3451,,2026-07-10,2.7,,0.328,,2.5,,0.3454,,2.7,,0.338,,2.67,0.3448,,,2.0,Not Found
451d968c199aea5ffc0b45e4c54d17d3,baseball_npb,NPB,2026-07-10T09:00:00Z,2026-07-10T08:35:31Z,Tokyo Yakult Swallows @ Hanshin Tigers,Hanshin Tigers,1.62,,,1.54,1.61,1.62,1.62,,1.62,1.63,1.63,1.65,,,,,,1.64,1.61,,1.63,,1.62,1.62,1.61,1.65,1.66,,1.66,,1.6,,0.5913,,,0.5843,0.5978,0.5913,0.5913,,0.5913,0.5845,0.5845,0.5903,,,,,,0.5846,0.5833,,0.5845,,0.6003,0.6003,0.5883,0.5788,0.5848,,0.5819,,0.5852,,2026-07-10,1.55,,0.6052,,1.56,,0.5824,,1.63,,0.5845,,1.62,0.5864,,,2.0,Not Found
0b3fe19d26220d453131b4060bca04d5,baseball_npb,NPB,2026-07-10T09:00:00Z,2026-07-10T08:35:31Z,Saitama Seibu Lions @ Hokkaido Nippon-Ham Fighters,Hokkaido Nippon-Ham Fighters,1.59,,,1.51,1.57,1.6,1.6,,1.62,1.53,1.53,1.65,,,,,,1.56,1.53,,1.53,,1.62,1.62,1.59,1.65,1.55,,1.57,,1.57,,0.6044,,,0.5964,0.6101,0.5997,0.5997,,0.5913,0.6252,0.6252,0.5921,,,,,,0.6164,0.6167,,0.6252,,0.6003,0.6003,0.5971,0.5808,0.6257,,0.6169,,0.5962,,2026-07-10,1.52,,0.6162,,1.53,,0.5995,,1.53,,0.6252,,1.6,0.596,,,2.0,Not Found
44e62e651d10ff39cb2e279f27e9eb22,baseball_npb,NPB,2026-07-10T09:15:00Z,2026-07-10T08:35:31Z,Yomiuri Giants @ Yokohama DeNA BayStars,Yokohama DeNA BayStars,1.89,,,1.8,1.87,1.88,1.88,,1.87,1.83,1.83,1.93,,,,,,1.89,1.85,,1.83,,1.91,1.91,1.87,1.87,1.93,,1.91,,1.85,,0.5055,,,0.506,0.5056,0.5055,0.5055,,0.511,0.5155,0.5155,0.5027,,,,,,0.5041,0.5,,0.5155,,0.5,0.5,0.5,0.5,0.5,,0.5,,0.5,,2026-07-10,1.9,,0.4854,,1.78,,0.5062,,1.83,,0.5155,,1.86,0.507,,,2.0,Not Found
cc95f6dde494fb94b9b04f2291f8fb80,aussierules_afl,AFL,2026-07-10T09:40:50Z,2026-07-10T08:35:31Z,North Melbourne Kangaroos @ Collingwood Magpies,North Melbourne Kangaroos,,,,,,2.95,2.95,3.15,3.05,,,2.94,,,,,,,,3.05,,,,,,3.1,,,,3.04,2.9,,,,,,,0.2964,0.2964,0.3139,0.3016,,,0.3155,,,,,,,,0.3016,,,,,,0.299,,,,0.2913,0.3048,,2026-07-10,3.1,,0.2825,,2.9,,0.2965,,,,,,,,,,2.0,Not Found
6251caf095b33fbb8f29fcc09bc147fa,soccer_finland_veikkausliiga,Veikkausliiga - Finland,2026-07-10T16:00:00Z,2026-07-10T13:30:21Z,SJK Seinäjoki @ VPS Vaasa,Draw,3.9,,,,3.8,3.95,3.95,4.2,4.0,3.65,3.65,4.19,4.2,,,3.77,,4.2,3.8,3.65,3.65,,4.1,4.1,3.9,3.9,3.92,,3.8,3.92,3.9,,0.2305,,,,0.2371,0.2272,0.2272,0.2363,0.2293,0.2448,0.2419,0.227,0.2363,,,0.2463,,0.2249,0.2306,0.2448,0.2419,,0.2252,0.2252,0.2336,0.2336,0.2325,,0.2306,0.2311,0.2203,,2026-07-10,3.9,,0.2283,,3.6,,0.231,,3.5,,0.2396,,,,,,3.0,Not Found
7851f71cdc95fa8de4d75f7953affe0b,cricket_t20_blast,T20 Blast,2026-07-10T16:30:00Z,2026-07-10T13:30:21Z,Gloucestershire @ Worcestershire,Gloucestershire,,,,,,1.8,1.8,1.9,,1.82,1.82,1.79,1.9,,,,,,1.8,,,,1.77,,,,,,1.8,1.77,,,,,,,,0.5278,0.5278,0.5228,,0.517,0.517,0.5242,0.5228,,,,,,0.5278,,,,0.5325,,,,,,0.5278,0.5248,,,2026-07-10,,,,,,,,,,,,,,,,,2.0,Not Found
c6972e0fc8710d6a85a5bdba4333bb72,cricket_t20_blast,T20 Blast,2026-07-10T17:30:00Z,2026-07-10T13:30:21Z,Surrey @ Kent,Kent,,,,,,2.45,2.45,2.28,,2.35,2.35,2.32,2.4,,,,,,2.5,,,,2.32,,,,,,2.5,2.25,,,,,,,,0.3815,0.3815,0.4125,,0.3923,0.3923,0.395,0.4089,,,,,,0.3732,,,,0.4011,,,,,,0.3732,0.4038,,,2026-07-10,,,,,,,,,,,,,,,,,2.0,Not Found
ca3da2bc7940867ee961cd82f94aa7fa,cricket_t20_blast,T20 Blast,2026-07-10T18:00:00Z,2026-07-10T17:55:49Z,Hampshire @ Essex,Essex,,,,,,1.95,1.95,2.06,,2.05,2.05,2.1,1.75,,,,,,2.0,,,,,,,,,,2.1,1.95,,,,,,,,0.4861,0.4861,0.4823,,0.4565,0.4565,0.4405,0.5319,,,,,,0.4722,,,,,,,,,,0.4491,0.4723,,,2026-07-10,,,,,,,,,,,,,,,,,2.0,Not Found
92e7b787d15c7a7e6bedb2a49aa327e0,cricket_t20_blast,T20 Blast,2026-07-10T18:00:00Z,2026-07-10T17:55:49Z,Yorkshire @ Lancashire,Yorkshire,,,,,,1.85,1.85,1.89,,1.83,1.83,1.76,1.89,,,,,,1.91,,,,,,,,,,1.8,1.8,,,,,,,,0.5139,0.5139,0.5265,,0.5155,0.5155,0.5328,0.5265,,,,,,0.5,,,,,,,,,,0.5278,0.5146,,,2026-07-10,,,,,,,,,,,,,,,,,2.0,Not Found
1879afc23e9a2438af72210f48f4f8df,soccer_league_of_ireland,League of Ireland,2026-07-10T18:45:00Z,2026-07-10T17:55:49Z,Drogheda United @ Dundalk,Dundalk,1.65,1.6,1.64,,1.62,1.65,1.65,1.72,1.67,1.64,1.61,1.71,1.72,,,,,1.66,,1.64,1.63,,1.66,1.66,1.64,1.64,1.66,,1.6,1.64,1.6,,0.5839,0.5786,0.5757,,0.5831,0.5764,0.5764,0.5781,0.5798,0.5838,0.5883,0.5707,0.5781,,,,,0.5814,,0.5838,0.5852,,0.5811,0.5811,0.5792,0.5792,0.58,,0.5886,0.5859,0.5885,,2026-07-10,1.6,,0.5956,,1.61,1.66,0.5816,0.5811,1.56,,0.5969,,,,,,3.0,Not Found
645ddd88314778b7cc17c28bfa437629,soccer_league_of_ireland,League of Ireland,2026-07-10T19:00:00Z,2026-07-10T17:55:49Z,St Patricks Athletic @ Waterford FC,Draw,3.9,3.8,4.0,,3.9,3.9,3.9,4.4,4.2,3.85,3.8,4.11,4.3,,,,,4.0,,3.85,3.8,,4.1,4.1,4.0,3.9,4.1,,3.8,4.1,4.0,,0.2344,0.2166,0.2166,,0.2225,0.2298,0.2298,0.2245,0.2196,0.2341,0.2298,0.2295,0.228,,,,,0.2345,,0.2341,0.2338,,0.2222,0.2222,0.2209,0.2265,0.2219,,0.224,0.2203,0.2175,,2026-07-10,4.0,,0.221,,3.8,4.1,0.2242,0.2222,3.65,,0.2287,,,,,,3.0,Not Found
bcbb6198c5a093a54bd0734117581794,basketball_nba_summer_league,NBA Summer League,2026-07-10T20:30:00Z,2026-07-10T19:46:42Z,Cleveland Cavaliers @ Indiana Pacers,Cleveland Cavaliers,1.43,,,,,,,,1.4,,,1.41,,,,,,,,,1.47,,,,1.43,,,,,1.39,,,0.6736,,,,,,,,0.6932,,,0.6816,,,,,,,,,0.6478,,,,0.6802,,,,,0.683,,,2026-07-10,,,,,,,,,,,,,,,,,2.0,Not Found
895dfbfbbb57ff9ecc3cb430a9c69076,baseball_mlb,MLB,2026-07-10T22:41:00Z,2026-07-10T23:14:13Z,Philadelphia Phillies @ Detroit Tigers,Detroit Tigers,2.36,2.3,2.4,2.33,2.45,2.25,2.25,2.36,2.38,2.23,2.18,1.81,2.14,2.44,2.38,2.27,2.41,2.45,2.3,2.28,2.2,2.4,,,2.2,,,,1.8,,,,0.3934,0.3841,0.3878,0.392,0.3794,0.4078,0.4078,0.3974,0.3833,0.4193,0.4109,0.5275,0.4068,0.4055,0.4142,0.4154,0.4098,0.3856,0.3906,0.4107,0.4148,0.3978,,,0.4242,,,,0.5278,,,,2026-07-10,2.25,,0.3996,,,,,,,,,,1.9,0.5,Polymarket,2.44,2.0,Not Found
7295f7e8db8d22124fdf261cda31a1f6,basketball_wnba,WNBA,2026-07-10T23:32:50Z,2026-07-11T00:12:37Z,Dallas Wings @ Toronto Tempo,Toronto Tempo,1.9,,,,1.95,1.93,1.96,1.83,1.95,1.94,1.97,1.88,2.2,2.44,,2.05,2.25,1.9,2.0,2.05,1.91,2.03,,,2.2,,,,,,,,0.4958,,,,0.4786,0.475,0.4661,0.5328,0.4786,0.4845,0.4597,0.4971,0.4108,0.4055,,0.4582,0.4192,0.4854,0.4722,0.4582,0.484,0.4539,,,0.4186,,,,,,,,2026-07-10,,,,,,,,,1.85,,0.4846,,1.85,0.5071,Polymarket,2.44,2.0,Not Found
f308816130f3007f771929f15d62862c,baseball_mlb,MLB,2026-07-11T00:45:00Z,2026-07-11T00:12:37Z,Milwaukee Brewers @ Pittsburgh Pirates,Pittsburgh Pirates,1.79,1.74,1.82,1.76,1.8,,,1.86,,1.79,1.78,1.83,,1.85,1.85,1.85,,1.8,,1.79,1.77,1.83,1.85,1.85,1.8,1.83,,,,,,,0.5389,0.5242,0.5222,0.5341,0.5339,,,0.533,,0.5378,0.5382,0.5374,,0.5355,0.5355,0.5287,,0.5278,,0.5378,0.5386,0.5374,0.5276,0.5276,0.5339,0.534,,,,,,,2026-07-11,,,,,,1.85,,0.5287,,,,,,,Polymarket,1.85,2.0,Not Found
9b96dfa671de9ce8f9996f04e7349d94,baseball_milb,MiLB,2026-07-11T00:08:00Z,2026-07-11T00:12:37Z,St. Paul Saints @ Iowa Cubs,Iowa Cubs,1.98,,,,,,,,,,,,,,,,,,,,1.94,,1.87,,2.0,,1.96,,1.91,,,,0.4732,,,,,,,,,,,,,,,,,,,,0.4768,,0.5,,0.4675,,0.4726,,0.484,,,,2026-07-11,,,,,,,,,,,,,,,,,2.0,Not Found
9aeff58d8651b7aa9e2118ef585c865c,americanfootball_cfl,CFL,2026-07-11T00:30:00Z,2026-07-11T00:12:37Z,Toronto Argonauts @ Winnipeg Blue Bombers,Winnipeg Blue Bombers,2.16,,,,2.25,2.15,2.15,2.18,2.24,2.18,2.16,2.14,,,,,,2.2,,2.18,2.17,2.15,2.05,2.05,2.2,2.05,,,,,2.1,,0.4391,,,,0.4228,0.4384,0.4384,0.4561,0.4256,0.4352,0.4339,0.4496,,,,,,0.4314,,0.4352,0.4328,0.4563,0.4661,0.4661,0.4349,0.4661,,,,,0.4556,,2026-07-11,,,,,,2.2,,0.4349,,,,,2.14,0.4412,,,2.0,Not Found
250b0373676b10f51ed1c59c93714245,baseball_mlb,MLB,2026-07-11T00:46:00Z,2026-07-11T03:44:39Z,New York Yankees @ Washington Nationals,Washington Nationals,12.0,9.5,9.5,7.75,11.0,12.0,12.0,14.0,8.6,16.0,,4.98,,16.67,16.67,,13.33,9.0,9.0,16.0,,15.5,,,10.0,,,,,,,,0.0515,0.0853,0.0809,0.0928,0.0647,0.0655,0.0655,0.0549,0.0819,0.0362,,0.1694,,0.0538,0.0538,,0.0567,0.0839,0.0748,0.0362,,0.0515,,,0.0738,,,,,,,,2026-07-11,,,,,,,,,,,,,,,Polymarket,16.67,2.0,Not Found
976819aa47554213e70bc968d9356fc4,baseball_mlb,MLB,2026-07-11T02:16:00Z,2026-07-11T03:44:39Z,Colorado Rockies @ San Francisco Giants,Colorado Rockies,3.1,2.1,2.2,2.77,3.1,3.0,3.0,1.5,2.2,2.3,2.23,3.13,1.95,2.56,2.38,2.21,2.27,2.2,2.15,2.3,2.25,2.58,,,2.2,,,,,,,,0.2936,0.4256,0.4261,0.3182,0.2936,0.2963,0.2963,,0.4224,0.4068,0.4037,0.2948,0.4534,0.3664,0.4107,0.4286,,0.4242,0.422,0.4068,0.4038,0.3649,,,0.4242,,,,,,,,2026-07-11,2.2,,0.4148,,,,,,,,,,3.05,0.2936,Polymarket,2.56,2.0,Not Found
6e6d497bb9f1262c4d90ac952028e411,baseball_npb,NPB,2026-07-11T05:00:00Z,2026-07-11T03:44:39Z,Hiroshima Toyo Carp @ Chunichi Dragons,Chunichi Dragons,1.67,,,1.61,1.67,1.68,1.68,,1.67,1.66,1.66,1.69,,,,,,1.68,1.61,,1.66,,1.69,1.69,1.65,1.69,1.7,,1.66,,1.6,,0.5742,,,0.5713,0.5721,0.5703,0.5703,,0.5721,0.5718,0.5718,0.5766,,,,,,0.5703,0.5833,,0.5718,,0.5736,0.5736,0.5758,0.5633,0.5699,,0.5819,,0.5852,,2026-07-11,1.62,,0.5761,,1.59,,0.5706,,1.66,,0.5718,,1.66,0.5729,,,2.0,Not Found
f6d3d763bb1dcde33192abc47f1859b3,aussierules_afl,AFL,2026-07-11T06:15:10Z,2026-07-11T06:02:27Z,Geelong Cats @ Greater Western Sydney Giants,Greater Western Sydney Giants,,,,,,2.1,2.1,2.14,2.05,,,2.08,,,,,,,,2.08,,,,,,2.2,,,,2.11,1.95,,,,,,,0.4295,0.4295,0.4648,0.4565,,,0.4595,,,,,,,,0.4547,,,,,,0.4279,,,,0.4358,0.4707,,2026-07-11,2.2,,0.4148,,2.05,,0.4314,,,,,,,,,,2.0,Not Found
0c493f1a9203463411a62b1c6e454c5f,cricket_odi,One Day Internationals,2026-07-11T07:30:00Z,2026-07-11T06:02:27Z,Bangladesh @ Zimbabwe,Zimbabwe,,,,,,,,2.44,2.15,2.15,2.15,2.2,,,,2.12,,,,,,,,,,,,,2.2,2.11,2.1,,,,,,,,,0.4091,0.4367,0.4349,0.4349,0.4349,,,,0.4435,,,,,,,,,,,,,0.4279,0.4339,0.444,,2026-07-11,,,,,,,,,,,,,,,,,2.0,Not Found
7ee9d32c9a2bbf969461d3352a893ebd,baseball_npb,NPB,2026-07-11T09:00:00Z,2026-07-11T06:02:27Z,Tohoku Rakuten Golden Eagles @ Fukuoka SoftBank Hawks,Fukuoka SoftBank Hawks,1.52,,,1.47,1.53,1.55,1.55,,1.53,1.56,1.56,1.54,,,,,,,1.5,,1.56,,1.54,1.54,1.5,1.54,1.55,,1.53,,1.5,,0.6336,,,0.6301,0.6268,0.6226,0.6226,,0.6307,0.6077,0.6077,0.6331,,,,,,,0.6333,,0.6077,,0.6331,0.6331,0.6333,0.6278,0.6257,,0.633,,0.625,,2026-07-11,1.47,,0.6401,,1.46,,0.6297,,1.56,,0.6077,,1.51,0.6319,,,2.0,Not Found
365aae1b7bbd03a5e7fa33d890300d03,baseball_npb,NPB,2026-07-11T09:00:00Z,2026-07-11T06:02:27Z,Yomiuri Giants @ Yokohama DeNA BayStars,Yomiuri Giants,1.76,,,1.69,1.74,1.78,1.78,,1.74,1.85,1.85,1.77,,,,,,,1.73,,1.85,,1.83,1.83,1.69,1.77,1.78,,1.78,,1.7,,0.5437,,,0.5421,0.5435,0.537,0.537,,0.5493,0.5112,0.5112,0.5499,,,,,,,0.539,,0.5112,,0.5232,0.5232,0.5578,0.5325,0.5428,,0.5405,,0.5441,,2026-07-11,1.72,,0.5407,,1.68,,0.5412,,1.85,,0.5112,,1.75,0.5418,,,2.0,Not Found
c927a4a92cdd5fe4eabe122f8f977a6e,soccer_korea_kleague1,K League 1,2026-07-11T10:30:00Z,2026-07-11T09:48:16Z,Pohang Steelers @ Gwangju FC,Gwangju FC,,4.7,4.9,5.1,5.25,5.15,5.15,6.0,5.5,5.8,5.8,5.93,6.0,,5.88,,,5.75,,5.8,5.75,,5.6,5.6,5.5,,5.47,,5.0,5.5,,,,0.1699,0.1709,0.1622,0.1655,0.1613,0.1613,0.1626,0.161,0.1336,0.1378,0.1564,0.1637,,0.1628,,,0.1547,,0.1336,0.1332,,0.1599,0.1599,0.1545,,0.1604,,0.1661,0.158,,,2026-07-11,5.7,,0.1473,,4.95,,0.156,,5.6,,0.1319,,,,,,3.0,Not Found
ea7bde5e6997754a79113d78e88e5e53,soccer_china_superleague,Super League - China,2026-07-11T11:00:00Z,2026-07-11T09:48:16Z,Henan FC @ Wuhan Three Towns,Wuhan Three Towns,3.0,,,,,,,,,3.05,3.0,,,,2.94,,,,2.9,3.05,3.05,,,,,,,,2.9,,,,0.3088,,,,,,,,,0.3024,0.3024,,,,0.3234,,,,0.3125,0.3024,0.3024,,,,,,,,0.3125,,,,2026-07-11,,,,,,,,,,,,,,,,,3.0,Not Found
07f21d0ed763dd57c384ae70453e615f,soccer_china_superleague,Super League - China,2026-07-11T11:00:00Z,2026-07-11T09:48:16Z,Qingdao Hainiu FC @ Zhejiang,Zhejiang,1.42,,,,,,,,,,,,,,1.54,,,,1.44,,,,,,,1.42,,,1.44,,,,0.6791,,,,,,,,,,,,,,0.6462,,,,0.6667,,,,,,,0.6793,,,0.6667,,,,2026-07-11,,,,,,,,,,,,,,,,,3.0,Not Found
ccf5dfa453a671a3d3ab5952365e0445,soccer_china_superleague,Super League - China,2026-07-11T11:35:00Z,2026-07-11T09:48:16Z,Qingdao West Coast FC @ Shenzhen Peng City FC,Qingdao West Coast FC,2.85,2.8,2.85,,,2.98,2.98,3.05,2.95,2.88,2.85,3.01,3.05,,3.03,3.13,,2.85,2.9,2.88,2.85,,3.0,3.0,2.9,2.9,2.98,,2.9,2.89,2.85,,0.3271,0.3138,0.3162,,,0.3098,0.3098,0.3216,0.3178,0.3231,0.3216,0.3194,0.3216,,0.3267,0.3038,,0.3297,0.3157,0.3231,0.3243,,0.3151,0.3151,0.3203,0.3203,0.32,,0.3157,0.3198,0.3181,,2026-07-11,2.85,2.9,0.3211,0.3141,2.9,,0.3107,,,,,,,,,,3.0,Not Found
80fcca621cf4430b30a4476a561b98f5,soccer_finland_veikkausliiga,Veikkausliiga - Finland,2026-07-11T12:00:00Z,2026-07-11T10:47:17Z,HJK Helsinki @ FC Lahti,HJK Helsinki,2.35,,,,2.3,2.38,2.38,2.46,2.35,2.18,2.17,2.43,2.48,,,2.27,,2.38,2.3,2.18,2.17,,2.38,2.38,2.35,2.35,2.33,,2.3,2.33,2.3,,0.4032,,,,0.4089,0.3969,0.3969,0.4047,0.4045,0.43,0.4295,0.4003,0.4017,,,0.4228,,0.4067,0.4045,0.43,0.4295,,0.4026,0.4026,0.4045,0.4045,0.4049,,0.4045,0.4049,0.4024,,2026-07-11,2.25,,0.4158,,2.15,2.38,0.4172,0.4026,2.08,,0.4343,,,,,,3.0,Not Found
d93af9c4dc090f492e9acc7bd48867e9,soccer_norway_eliteserien,Eliteserien - Norway,2026-07-11T12:00:00Z,2026-07-11T10:47:17Z,Lillestrom @ Fredrikstad FK,Draw,3.4,3.15,3.3,3.37,3.4,3.45,3.45,3.6,3.35,3.3,3.3,3.46,3.6,,,3.44,,3.4,,3.3,3.3,,3.35,3.35,3.3,3.35,3.42,,3.3,3.34,3.2,,0.2695,,0.2604,0.27,0.2695,0.2716,0.2716,0.2733,0.2805,0.2762,0.2762,0.2778,0.2733,,,0.2783,,0.284,,0.2762,0.2762,,0.2808,0.2808,0.2735,0.2805,0.2767,,0.2747,0.2751,0.2766,,2026-07-11,,3.25,,0.2739,3.2,3.35,0.2711,0.2808,3.15,,0.271,,,,,,3.0,Not Found
f69df6cffd356f6beabcc212fa5bab8e,soccer_korea_kleague1,K League 1,2026-07-11T10:30:00Z,2026-07-11T11:39:14Z,Bucheon FC 1995 @ Sangju Sangmu FC,Sangju Sangmu FC,,2.1,2.2,2.17,2.3,2.3,2.3,2.14,2.25,2.4,2.4,2.29,2.2,,2.33,,,2.38,,2.48,,,,,2.2,,,,,,,,,,0.4188,0.4279,0.3888,0.4017,0.4017,0.4501,0.4211,0.3822,0.3716,0.417,0.4314,,0.4226,,,0.3968,,0.3714,,,,,0.4273,,,,,,,,2026-07-11,2.2,,0.4234,,,,,,2.25,,,,,,,,3.0,Not Found
9b8dacf8585a105aae8a8cf212e612b3,soccer_korea_kleague1,K League 1,2026-07-11T10:30:00Z,2026-07-11T11:39:14Z,Jeonbuk Hyundai Motors @ Ulsan Hyundai FC,Jeonbuk Hyundai Motors,,1.54,1.56,1.54,,1.58,1.55,1.66,1.59,1.57,1.51,1.6,1.64,,1.59,,,1.57,,1.57,,,,,1.56,,,,,,,,,0.6053,0.6059,0.6144,,0.6026,0.6107,0.5979,0.6074,0.6034,0.6159,0.6059,0.589,,0.6227,,,0.6141,,0.602,,,,,0.6126,,,,,,,,2026-07-11,1.5,,0.6339,,,,,,1.47,,,,,,,,3.0,Not Found
3a25249faf989cb2566f057fb83f3965,soccer_finland_veikkausliiga,Veikkausliiga - Finland,2026-07-11T14:00:00Z,2026-07-11T12:39:29Z,AC Oulu @ TPS Turku,Draw,3.5,,,,3.3,3.45,3.45,3.6,3.4,3.3,3.3,3.55,3.6,,,3.35,,3.4,3.3,3.3,3.3,,3.4,3.4,3.4,3.4,3.36,,3.3,3.36,3.3,,0.262,,,,0.2788,0.2678,0.2678,0.2746,0.2752,0.2739,0.2713,0.2708,0.2746,,,0.2798,,0.2805,0.2721,0.2739,0.2713,,0.2756,0.2756,0.2703,0.2703,0.2734,,0.2721,0.2734,0.2683,,2026-07-11,3.3,,0.2735,,3.1,3.4,0.2732,0.2756,3.15,,0.2717,,,,,,3.0,Not Found
3edad2c72f9ec7db84bcd8e3ea60e14d,soccer_norway_eliteserien,Eliteserien - Norway,2026-07-11T14:00:00Z,2026-07-11T12:39:29Z,Molde @ Aalesund,Molde,2.1,1.96,2.0,2.05,2.1,2.12,2.12,2.16,2.1,2.08,2.08,2.13,2.18,,,2.1,,2.2,,2.08,2.08,,2.14,2.14,2.05,2.15,2.12,,2.05,2.07,2.0,,0.4563,,0.4591,0.4604,0.4507,0.4535,0.4535,0.4597,0.4555,0.455,0.455,0.4581,0.4568,,,0.4559,,0.4445,,0.455,0.455,,0.4484,0.4484,0.4579,0.447,0.4558,,0.4548,0.459,0.4584,,2026-07-11,2.0,2.06,0.4714,0.452,1.97,2.14,0.4635,0.4484,1.96,,0.4639,,,,,,3.0,Not Found
d15a75b87ceb2c1e55cc7552f4a75ff1,soccer_finland_veikkausliiga,Veikkausliiga - Finland,2026-07-11T14:00:00Z,2026-07-11T12:39:29Z,IFK Mariehamn @ IF Gnistan,IFK Mariehamn,9.5,,,,8.0,8.8,8.8,10.0,8.5,8.0,7.5,9.38,10.0,,,8.49,,9.75,8.5,8.0,7.5,,8.6,8.6,8.25,8.25,9.15,,8.5,9.3,8.0,,0.0834,,,,0.1025,0.0892,0.0892,0.0957,0.0986,0.0975,0.103,0.0934,0.0957,,,0.106,,0.0891,0.0887,0.0975,0.103,,0.0949,0.0949,0.098,0.098,0.0866,,0.0887,0.0834,0.0928,,2026-07-11,8.5,,0.0887,,7.3,8.6,0.09,0.0949,7.5,,0.0882,,,,,,3.0,Not Found
365676735c02ee96cba5ddf28a76573c,tennis_wta_wimbledon,WTA Wimbledon,2026-07-11T14:23:00Z,2026-07-11T14:10:36Z,Linda Noskova @ Karolina Muchova,Karolina Muchova,1.64,1.65,1.66,1.65,1.69,1.63,1.63,1.71,1.68,1.66,1.66,1.68,1.71,,,1.7,1.69,,1.7,1.66,1.66,1.7,1.67,,1.69,1.65,1.68,,1.7,1.66,1.62,,0.5875,0.5856,0.5838,0.5903,0.5686,0.5815,0.5815,0.5841,0.5703,0.5819,0.5819,0.583,0.5823,,,0.5699,0.5858,,0.5719,0.5819,0.5819,0.584,0.5839,,0.5785,0.5808,0.5724,,0.5719,0.5866,0.5864,,2026-07-11,1.62,,0.5864,,1.65,,0.5903,,1.66,,0.5819,,1.64,0.5797,,,2.0,Not Found
d0bcd18299db4530d1b7fc1d973bc8c2,soccer_league_of_ireland,League of Ireland,2026-07-11T16:00:00Z,2026-07-11T14:10:36Z,Sligo Rovers @ Galway United,Galway United,1.69,1.62,1.66,,1.69,,,1.76,1.69,1.73,1.71,1.72,1.76,,,,,,,1.73,1.73,,1.71,1.71,1.66,1.66,1.7,,1.67,1.68,1.65,,0.5687,0.5727,0.5693,,0.5596,,,0.5614,0.5724,0.5502,0.5525,0.5676,0.5633,,,,,,,0.5502,0.5502,,0.5623,0.5623,0.572,0.572,0.5661,,0.5678,0.5715,0.5738,,2026-07-11,1.65,,0.5761,,1.62,1.71,0.5778,0.5623,1.65,,0.5601,,,,,,3.0,Not Found
9ac7b427bf75ae28c799d22805b908d6,cricket_international_t20,International Twenty20,2026-07-11T14:00:00Z,2026-07-11T15:15:44Z,India @ England,England,1.05,,,,,1.03,1.03,1.06,1.04,1.05,1.02,,1.06,,,,,,,,,,,,,,,,1.44,,,,0.9174,,,,,0.9438,0.947,0.9394,0.9332,0.9307,0.9376,,0.9347,,,,,,,,,,,,,,,,0.6654,,,,2026-07-11,,,,,,,,,,,,,,,,,2.0,Not Found
93c27f5318a98fdd2a9bfbc42269f134,basketball_wnba,WNBA,2026-07-11T17:00:00Z,2026-07-11T16:12:59Z,New York Liberty @ Minnesota Lynx,Minnesota Lynx,1.49,,,,1.5,1.46,1.46,1.55,1.51,1.49,1.49,1.51,1.56,1.56,1.56,1.51,1.56,1.5,1.5,1.49,1.49,1.54,1.51,1.51,1.51,1.51,1.49,,,,,,0.6462,,,,0.6447,0.6538,0.6538,0.6401,0.6417,0.6455,0.6455,0.6424,0.638,0.6353,0.6353,0.6424,0.6332,0.6373,0.641,0.6455,0.6455,0.6422,0.6459,0.6459,0.6424,0.6424,0.6497,,,,,,2026-07-11,,,,,,1.51,,0.6424,1.43,,0.6497,,1.51,0.6366,Polymarket,1.56,2.0,Not Found
7b574dcdbf9a868685131f66fc0b96c1,soccer_sweden_allsvenskan,Allsvenskan - Sweden,2026-07-11T15:30:00Z,2026-07-11T16:12:59Z,BK Hacken @ Örgryte IS,BK Hacken,1.53,1.17,1.15,1.54,1.16,1.15,1.15,1.23,1.67,1.14,1.14,1.2,1.22,,,,,1.18,1.18,1.14,,,,,1.18,,,,,,,,0.6258,0.8254,0.8375,0.6078,0.8317,0.8363,0.8363,0.7956,0.5733,0.8479,0.8479,0.8108,0.8136,,,,,0.8322,0.8171,0.846,,,,,0.8171,,,,,,,,2026-07-11,1.12,,0.8601,,,,,,1.03,,,,,,,,3.0,Not Found
b541e54bffd0dde887b66b2cee84e784,cricket_odi,One Day Internationals,2026-07-11T18:30:00Z,2026-07-11T16:12:59Z,New Zealand @ West Indies,New Zealand,,,,,,,,1.72,1.62,1.6,1.6,1.65,,,,1.64,,,,,,,,,,,,,1.62,1.61,1.65,,,,,,,,,0.5806,0.5864,0.5951,0.5951,0.5866,,,,0.5797,,,,,,,,,,,,,0.5913,0.5801,0.5758,,2026-07-11,,,,,,,,,,,,,,,,,2.0,Not Found
2feae07227f18e0d93b1f987a2aa3d93,basketball_nba_summer_league,NBA Summer League,2026-07-11T19:30:00Z,2026-07-11T16:12:59Z,Miami Heat @ Orlando Magic,Orlando Magic,1.56,,,,,,,,1.49,,,1.49,,,,,,,,,1.5,,,,1.51,,,,,1.47,,,0.6156,,,,,,,,0.6504,,,0.6447,,,,,,,,,0.6317,,,,0.6424,,,,,0.6441,,,2026-07-11,,,,,,,,,,,,,,,,,2.0,Not Found
9f2c4d943190edd1073d4cd6760fcf8c,basketball_wnba,WNBA,2026-07-11T20:00:00Z,2026-07-11T17:17:48Z,Portland Fire @ Atlanta Dream,Portland Fire,6.4,,,,7.0,6.5,6.5,7.4,7.0,6.75,6.75,7.22,7.6,7.69,,7.0,7.41,6.6,6.5,6.75,6.75,7.5,6.92,6.92,6.75,6.85,,,,,,,0.1317,,,,0.1169,0.1224,0.1224,0.129,0.121,0.1236,0.1236,0.1228,0.1272,0.1264,,0.125,0.125,0.1212,0.1265,0.1236,0.1195,0.1281,0.1258,0.1258,0.1236,0.1266,,,,,,,2026-07-11,,,,,,7.0,,0.121,6.4,,0.1064,,7.13,0.1156,Polymarket,7.69,2.0,Not Found
ff676cfabd491a806f9fad9a93924adb,baseball_mlb,MLB,2026-07-11T20:11:00Z,2026-07-11T19:33:01Z,Boston Red Sox @ New York Mets,New York Mets,1.68,1.66,1.68,1.67,1.69,1.68,1.68,1.75,1.69,1.68,1.68,1.73,1.75,1.72,1.72,1.75,1.77,1.66,1.67,1.68,1.67,1.75,1.75,1.75,1.69,1.73,1.7,1.76,1.67,1.65,1.74,,0.5744,0.5686,0.5651,0.569,0.5665,0.5683,0.5683,0.5664,0.5675,0.5734,0.5703,0.5688,0.5664,0.5761,0.5761,0.5615,0.5622,0.577,0.5721,0.5734,0.5721,0.5664,0.5595,0.5595,0.5696,0.5658,0.5777,,0.5721,0.5798,0.5651,,2026-07-11,1.67,,0.5668,,1.68,1.73,0.5703,0.5658,,,,,1.71,0.5641,Polymarket,1.72,2.0,Not Found
fa7f7234dfc6756f0e1588308e0a5de2,basketball_nba_summer_league,NBA Summer League,2026-07-11T22:00:00Z,2026-07-11T20:25:39Z,New York Knicks @ San Antonio Spurs,New York Knicks,2.8,,,,,,,,2.85,,,2.71,,,,,,,,,2.5,,,,2.75,,,,,2.62,,,0.3313,,,,,,,,0.3282,,,0.342,,,,,,,,,0.3667,,,,0.344,,,,,0.3436,,,2026-07-11,,,,,,,,,,,,,,,,,2.0,Not Found
0cb24f4f87b17ae766a08c3b763910c9,mma_mixed_martial_arts,MMA,2026-07-11T22:00:00Z,2026-07-11T21:23:03Z,Farid Basharat @ John Garza,John Garza,5.6,,,,6.0,6.39,6.39,6.2,6.0,,,6.26,6.4,6.67,,,6.67,,6.1,,6.0,6.0,6.5,,6.0,,5.6,,,,,,0.1583,,,,0.1447,0.1358,0.1358,0.1533,0.1447,,,0.1451,0.1508,0.1439,,,0.1476,,0.1355,,0.1447,0.156,0.1305,,0.1447,,0.1429,,,,,,2026-07-11,,,,,,5.5,,0.1484,,,,,,,Polymarket,6.67,2.0,Not Found
93a5e6119186fda8b8ae5e4ec2abd550,baseball_mlb,MLB,2026-07-11T20:35:00Z,2026-07-11T21:23:03Z,Seattle Mariners @ Tampa Bay Rays,Tampa Bay Rays,1.29,1.33,1.35,1.3,1.31,1.27,1.27,1.56,1.26,1.3,1.27,1.33,1.29,1.37,1.37,,1.32,,1.25,1.3,1.3,1.37,,,1.28,,,,,,,,0.7447,0.7093,0.7141,0.7259,0.7388,0.7496,0.7496,0.6282,0.7613,0.7418,0.7422,0.7284,0.7187,0.7249,0.72,,0.7313,,0.7571,0.7418,0.7331,0.7157,,,0.7498,,,,,,,,2026-07-11,1.22,,0.7747,,,,,,,,,,1.75,0.5418,Polymarket,1.37,2.0,Not Found
e9c527dfb9a026a34bcccc4f585e16ec,basketball_nba_summer_league,NBA Summer League,2026-07-11T21:30:00Z,2026-07-11T21:23:03Z,Indiana Pacers @ Philadelphia 76ers,Philadelphia 76ers,1.62,,,,,,,,1.62,,,1.65,,,,,,,,,1.61,,,,1.67,,,,,1.63,,,0.5913,,,,,,,,0.5968,,,0.5818,,,,,,,,,0.5883,,,,0.582,,,,,0.5774,,,2026-07-11,,,,,,,,,,,,,,,,,2.0,Not Found
b4b0558df052906271fbdc0c41a7064e,baseball_milb,MiLB,2026-07-11T22:05:00Z,2026-07-11T22:12:23Z,Nashville Sounds @ Charlotte Knights,Charlotte Knights,2.1,,,,,,,,,,,,,,,,,,,,1.87,,2.09,,2.05,,,,2.05,,,,0.4457,,,,,,,,,,,,,,,,,,,,0.4927,,0.4468,,0.4445,,,,0.4498,,,,2026-07-11,,,,,,,,,,,,,,,,,2.0,Not Found
17b2b8f4cb7c62f6320681c87bd96654,baseball_milb,MiLB,2026-07-11T22:35:00Z,2026-07-11T22:12:23Z,Durham Bulls @ Jacksonville Jumbo Shrimp,Jacksonville Jumbo Shrimp,1.78,,,,,,,,,,,,,,,,,,,,1.74,,1.77,,1.77,,1.77,,1.73,,,,0.5309,,,,,,,,,,,,,,,,,,,,0.5374,,0.5325,,0.5325,,0.5261,,0.539,,,,2026-07-11,,,,,,,,,,,,,,,,,2.0,Not Found
5e0dae3531fbd78a46c4262c70b16b9b,baseball_milb,MiLB,2026-07-11T23:05:00Z,2026-07-11T22:12:23Z,Toledo Mud Hens @ Indianapolis Indians,Indianapolis Indians,2.06,,,,,,,,,,,,,,,,,,,,2.05,,2.05,,2.05,,2.0,,2.0,,,,0.457,,,,,,,,,,,,,,,,,,,,0.4498,,0.4565,,0.4565,,0.4626,,0.461,,,,2026-07-11,,,,,,,,,,,,,,,,,2.0,Not Found
3a75ea45c45a5073484e9a615108b99f,americanfootball_cfl,CFL,2026-07-11T23:06:00Z,2026-07-11T23:11:56Z,Calgary Stampeders @ Montreal Alouettes,Calgary Stampeders,2.62,,,,2.75,2.82,2.6,1.01,2.75,2.55,2.43,2.83,,,,,,2.77,,2.55,2.7,2.78,2.74,2.74,2.8,2.63,,,,,2.7,,0.353,,,,0.3322,0.3252,0.3545,,0.3322,0.365,0.3679,0.3365,,,,,,0.3259,,0.365,0.345,0.3509,0.3491,0.3491,0.3337,0.3633,,,,,0.3519,,2026-07-11,,,,,,2.7,,0.3519,,,,,2.55,0.3671,,,2.0,Not Found
a2501dff8c71ab28b0051fafeed81903,baseball_mlb,MLB,2026-07-11T23:16:48Z,2026-07-12T00:12:01Z,Atlanta Braves @ St. Louis Cardinals,Atlanta Braves,6.6,6.25,7.0,6.1,7.25,6.67,6.67,7.6,6.7,7.0,6.1,6.77,6.8,7.69,7.69,,7.14,7.0,6.1,7.0,6.25,7.7,,,7.0,,,,,,,,0.1212,0.1295,0.1169,0.1233,0.1102,0.112,0.112,0.1233,0.1159,0.1127,0.1147,0.1234,0.1106,0.1264,0.1264,,0.1236,0.1169,0.1233,0.1127,0.117,0.1225,,,0.1127,,,,,,,,2026-07-11,6.5,,0.1096,,,,,,,,,,6.5,0.1224,Polymarket,7.69,2.0,Not Found
905eded07401b11c6af237cc8f44e182,baseball_milb,MiLB,2026-07-12T01:35:00Z,2026-07-12T00:12:01Z,Round Rock Express @ Reno Aces,Reno Aces,1.78,,,,,,,,,,,,,,,,,,,,1.79,,1.67,,1.83,,1.82,,1.8,,,,0.5334,,,,,,,,,,,,,,,,,,,,0.5203,,0.569,,0.5114,,0.5116,,0.516,,,,2026-07-12,,,,,,,,,,,,,,,,,2.0,Not Found
be69e88d9c16a29d7fa3ae3b16720c6c,baseball_npb,NPB,2026-07-12T04:00:00Z,2026-07-12T03:59:08Z,Saitama Seibu Lions @ Hokkaido Nippon-Ham Fighters,Saitama Seibu Lions,2.28,,,2.06,2.2,2.25,2.25,,2.2,2.17,2.17,2.31,,,,,,2.27,2.2,,2.17,,2.34,2.34,2.2,2.13,2.29,,2.28,,2.2,,0.4125,,,0.4201,0.4279,0.4192,0.4192,,0.4279,0.4328,0.4328,0.4188,,,,,,0.4154,0.4167,,0.4328,,0.4106,0.4106,0.4242,0.4406,0.4189,,0.4181,,0.4148,,2026-07-12,2.3,,0.3948,,2.1,,0.4256,,2.17,,0.4328,,2.23,0.4193,,,2.0,Not Found
03e7d7b119dde7a4bc1b864cd161a66a,baseball_npb,NPB,2026-07-12T09:00:00Z,2026-07-12T06:43:19Z,Yomiuri Giants @ Yokohama DeNA BayStars,Yokohama DeNA BayStars,2.02,,,1.92,1.95,2.0,2.0,,2.0,2.02,2.02,2.07,,,,,,2.05,2.0,,2.02,,2.11,2.11,2.0,1.92,2.05,,2.08,,1.95,,0.4713,,,0.4697,0.4832,0.4722,0.4722,,0.4768,0.465,0.465,0.4683,,,,,,0.463,0.461,,0.465,,0.4529,0.4529,0.4675,0.4872,0.4707,,0.4595,,0.4707,,2026-07-12,2.0,,0.4593,,1.9,,0.4708,,2.02,,0.465,,2.0,0.4707,,,2.0,Not Found
1466ef4cca7a70ac8dac81364198ddeb,soccer_korea_kleague1,K League 1,2026-07-12T10:30:00Z,2026-07-12T08:55:13Z,FC Anyang @ Incheon United,Incheon United,,2.0,2.05,2.05,2.15,2.08,2.08,2.22,2.15,1.92,1.93,2.17,2.22,,2.17,,,2.15,,1.92,1.91,,2.11,2.11,2.08,,2.11,,2.1,2.09,,,,0.4548,0.4532,0.4549,0.4406,0.4497,0.4497,0.4477,0.4467,0.4841,0.4838,0.4492,0.4477,,0.4571,,,0.4456,,0.4841,0.4846,,0.4546,0.4546,0.452,,0.4512,,0.4444,0.4542,,,2026-07-12,2.0,,0.4714,,2.0,,0.4639,,1.88,,0.4872,,,,,,3.0,Not Found
6cb0727407c266ebe3839e192bc395ac,soccer_sweden_allsvenskan,Allsvenskan - Sweden,2026-07-12T12:00:00Z,2026-07-12T12:37:21Z,Degerfors IF @ Västerås SK,Västerås SK,1.32,1.36,1.36,1.32,,1.36,1.36,1.5,1.36,1.36,1.36,1.4,1.5,,,,,1.4,1.4,1.36,,,,,,,,,,,,,0.7234,0.6963,0.703,0.7146,,0.7035,0.7035,0.6624,0.7124,0.703,0.703,0.6918,0.6605,,,,,0.7021,0.6796,0.703,,,,,,,,,,,,,2026-07-12,1.35,,0.708,,,,,,1.23,,,,,,,,3.0,Not Found
10c37f6f1e9f662b19d5cce46bce5d46,cricket_t20_blast,T20 Blast,2026-07-12T13:30:00Z,2026-07-12T12:37:21Z,Birmingham Bears @ Northamptonshire,Northamptonshire,,,,,,1.75,1.75,1.84,,1.78,1.78,1.76,1.84,,,,,,1.73,,,,1.77,,,,,,1.73,1.71,,,,,,,,0.5418,0.5418,0.5381,,0.5309,0.5309,0.5341,0.5381,,,,,,0.5509,,,,0.5325,,,,,,0.5509,0.5449,,,2026-07-12,,,,,,,,,,,,,,,,,2.0,Not Found
314f37e3b4dd516e50fbe8945ba1423a,cricket_t20_blast,T20 Blast,2026-07-12T13:30:00Z,2026-07-12T12:37:21Z,Leicestershire @ Derbyshire,Derbyshire,,,,,,1.85,1.85,1.82,,1.8,1.8,1.82,1.82,,,,,,1.91,,,,1.83,,,,,,1.91,1.77,,,,,,,,0.5139,0.5139,0.5454,,0.52,0.52,0.5157,0.5454,,,,,,0.5,,,,0.5114,,,,,,0.5,0.5248,,,2026-07-12,,,,,,,,,,,,,,,,,2.0,Not Found
5b4a2d6a8033e6364669b29469f5b7ce,cricket_t20_blast,T20 Blast,2026-07-12T13:30:00Z,2026-07-12T12:37:21Z,Hampshire @ Sussex,Sussex,,,,,,2.25,2.25,2.66,,2.25,2.25,2.22,2.68,,,,,,2.2,,,,2.32,,,,,,2.2,2.25,,,,,,,,0.4192,0.4192,0.3675,,0.4136,0.4136,0.4147,0.3661,,,,,,0.4279,,,,0.4011,,,,,,0.4279,0.4038,,,2026-07-12,,,,,,,,,,,,,,,,,2.0,Not Found
1630baae4dc59fdcf1cc3a8d996242a6,cricket_t20_blast,T20 Blast,2026-07-12T14:30:00Z,2026-07-12T12:37:21Z,Durham @ Lancashire,Durham,,,,,,2.15,2.15,2.38,,2.1,2.1,2.06,2.38,,,,,,2.15,,,,2.11,,,,,,2.15,2.12,,,,,,,,0.4384,0.4384,0.4142,,0.444,0.444,0.4503,0.4142,,,,,,0.4384,,,,0.4428,,,,,,0.4384,0.431,,,2026-07-12,,,,,,,,,,,,,,,,,2.0,Not Found
c13e6767db03b2bfe9f073c601d96e28,soccer_brazil_serie_b,Brazil Série B,2026-07-12T14:01:00Z,2026-07-12T14:12:15Z,Grêmio Novorizontino @ Operario PR,Operario PR,2.25,,,,2.5,2.35,2.35,2.56,2.35,2.38,2.25,2.65,2.64,,,,,,2.4,2.28,,,2.6,2.6,2.57,2.5,2.55,,2.5,2.59,,,0.4194,,,,0.3575,0.393,0.393,0.3885,0.4006,0.3946,0.3973,0.3648,0.3751,,,,,,0.3797,0.3937,,,0.3639,0.3639,0.3609,0.3731,0.3687,,0.3638,0.3596,,,2026-07-12,2.5,2.55,0.369,0.3629,,,,,,,,,,,,,3.0,Not Found
5c299a8cc523e126e6b1529978e93baf,soccer_norway_eliteserien,Eliteserien - Norway,2026-07-12T15:00:00Z,2026-07-12T14:12:15Z,IK Start @ SK Brann,SK Brann,1.37,1.39,1.42,1.42,1.44,1.43,1.43,1.48,1.45,1.36,1.36,1.43,1.48,,,1.4,,,,1.36,1.36,,1.44,1.44,1.42,1.42,1.45,,1.44,1.43,1.4,,0.6992,0.6748,0.6728,0.6771,0.6683,0.6794,0.6794,0.6734,0.6666,0.7088,0.7088,0.68,0.6734,,,0.6861,,,,0.7088,0.7088,,0.6748,0.6748,0.6748,0.6748,0.6733,,0.6648,0.6752,0.6799,,2026-07-12,1.4,1.42,0.6848,0.6713,1.39,1.44,0.6822,0.6748,1.3,,0.7234,,,,,,3.0,Not Found
fef98d50fae2c9965f0479534bf3514a,baseball_milb,MiLB,2026-07-12T17:05:00Z,2026-07-12T15:17:22Z,Durham Bulls @ Jacksonville Jumbo Shrimp,Durham Bulls,2.1,,,,,,,,,,,,,,,,,,,,2.08,,2.09,,2.05,,2.04,,2.05,,,,0.4457,,,,,,,,,,,,,,,,,,,,0.4428,,0.4468,,0.4565,,0.4527,,0.4498,,,,2026-07-12,,,,,,,,,,,,,,,,,2.0,Not Found
7446dc66dc13eb736b1b6a5a61b450e4,baseball_mlb,MLB,2026-07-12T16:16:00Z,2026-07-12T16:16:04Z,Milwaukee Brewers @ Pittsburgh Pirates,Milwaukee Brewers,2.1,1.98,2.0,2.01,2.05,2.03,2.03,2.18,2.08,2.12,2.1,2.08,2.1,2.17,2.17,2.19,2.17,2.08,2.05,2.12,2.1,2.19,2.16,2.17,2.13,2.16,,2.21,2.0,2.09,2.15,,0.4556,0.4747,0.4722,0.4581,0.4565,0.4654,0.4654,0.4561,0.4579,0.4518,0.4524,0.4701,0.4619,0.4557,0.4557,0.4474,0.4557,0.4563,0.4582,0.4518,0.4507,0.4521,0.4506,0.4495,0.4474,0.4522,,,0.4722,0.4519,0.4548,,2026-07-12,2.0,,0.4675,,2.05,2.15,0.4582,0.4532,,,,,2.13,0.449,Polymarket,2.17,2.0,Not Found
3fedf28e4c7bafa9999751d4a276a534,baseball_milb,MiLB,2026-07-12T17:05:00Z,2026-07-12T16:16:04Z,Scranton/Wilkes-Barre RailRiders @ Buffalo Bisons,Scranton/Wilkes-Barre RailRiders,1.78,,,,,,,,,,,,,,,,,,,,1.74,,1.77,,1.77,,1.77,,1.73,,,,0.5309,,,,,,,,,,,,,,,,,,,,0.5374,,0.5325,,0.5325,,0.5274,,0.539,,,,2026-07-12,,,,,,,,,,,,,,,,,2.0,Not Found
568190205089d07f728bd077a88b5cee,soccer_brazil_serie_b,Brazil Série B,2026-07-12T19:00:00Z,2026-07-12T18:30:27Z,Nautico PE @ Avai,Avai,2.65,,,,,2.72,2.72,2.84,2.75,2.85,2.7,2.74,2.84,,,,,2.7,2.75,2.85,2.8,,2.8,2.8,2.68,2.65,,,2.75,2.73,,,0.3539,,,,,0.3399,0.3399,0.3497,0.3442,0.327,0.3291,0.3415,0.3497,,,,,0.347,0.3336,0.327,0.325,,0.3369,0.3369,0.3443,0.3516,,,0.3336,0.3398,,,2026-07-12,,2.7,,0.3402,,,,,,,,,,,,,3.0,Not Found
262e4910eb328374d4d62b6c5cce0639,basketball_nba_summer_league,NBA Summer League,2026-07-12T23:00:00Z,2026-07-12T22:24:29Z,Orlando Magic @ Portland Trail Blazers,Orlando Magic,1.6,,,,,,,,1.57,,,1.55,,,,,,,,,1.51,,,,1.57,,,,,1.53,,,0.6006,,,,,,,,0.6144,,,0.621,,,,,,,,,0.627,,,,0.6185,,,,,0.6176,,,2026-07-12,,,,,,,,,,,,,,,,,2.0,Not Found
fe68ffc365d4293a95245903345e9888,basketball_nba_summer_league,NBA Summer League,2026-07-13T00:00:00Z,2026-07-12T22:24:29Z,Sacramento Kings @ Washington Wizards,Sacramento Kings,2.22,,,,,,,,2.3,,,2.3,,,,,,,,,2.1,,,,2.35,,,,,2.3,,,0.4258,,,,,,,,0.4144,,,0.4106,,,,,,,,,0.4405,,,,0.4041,,,,,0.3989,,,2026-07-13,,,,,,,,,,,,,,,,,2.0,Not Found
ede5b024bd43926bf24a9be2678abf31,americanfootball_cfl,CFL,2026-07-12T23:11:00Z,2026-07-12T23:25:30Z,Hamilton Tiger-Cats @ Saskatchewan Roughriders,Saskatchewan Roughriders,1.14,,,,1.12,1.17,1.16,1.24,1.15,1.15,1.13,,,,,,,1.15,,1.15,,,,,,,,,,,,,0.8477,,,,0.8595,0.8253,0.833,0.7896,0.8386,0.8455,0.8463,,,,,,,0.8348,,0.8455,,,,,,,,,,,,,2026-07-12,,,,,,,,,,,,,,,,,2.0,Not Found
91f2bf256fbc8ab686e6580715e5a08f,soccer_sweden_allsvenskan,Allsvenskan - Sweden,2026-07-13T17:00:00Z,2026-07-12T23:25:30Z,Halmstads BK @ Djurgardens IF,Djurgardens IF,1.24,1.17,1.19,1.2,1.25,1.21,1.21,1.25,1.24,1.24,1.21,1.23,1.26,,,1.27,,1.23,1.22,1.2,1.18,,1.22,1.22,1.23,1.22,1.22,,1.22,,1.2,,0.7832,,0.7969,0.7967,0.7769,0.8028,0.8028,0.7947,0.7879,0.7995,0.804,0.7938,0.7927,,,0.7726,,0.801,0.7915,0.8053,0.8119,,0.793,0.793,0.791,0.793,0.7974,,0.792,,0.8,,2026-07-13,1.2,,0.8034,,1.19,1.22,0.8,0.793,1.12,,,,,,,,3.0,Not Found
3a693fa22bd295e1ff6d217dd3fb5ea1,soccer_brazil_serie_b,Brazil Série B,2026-07-13T22:00:00Z,2026-07-13T01:04:27Z,Londrina @ América Mineiro,Londrina,3.8,,,,3.8,3.9,3.9,4.6,3.95,3.8,3.6,4.2,4.6,,,,,3.75,4.0,3.8,3.65,,4.1,4.1,4.0,4.0,,,4.0,4.0,,,0.2362,,,,0.2317,0.2281,0.2281,0.2141,0.2346,0.2386,0.2365,0.2225,0.2164,,,,,0.2447,0.218,0.2386,0.24,,0.2215,0.2215,0.2222,0.2222,,,0.218,0.2239,,,2026-07-13,3.7,3.8,0.2343,0.2273,,,,,,,,,,,,,3.0,Not Found
59e806dd41a1cdd33be91c732ab446be,basketball_wnba,WNBA,2026-07-13T23:00:00Z,2026-07-13T04:40:16Z,Los Angeles Sparks @ Atlanta Dream,Los Angeles Sparks,3.8,,,,3.8,3.7,3.7,3.85,3.75,3.4,3.4,3.64,,3.85,3.7,3.9,4.0,3.6,3.6,3.4,3.4,3.7,3.92,3.92,3.7,3.87,,,,,,,0.241,,,,0.244,0.2383,0.2383,0.2511,0.2457,0.2683,0.2683,0.2498,,0.2539,0.2592,0.2376,0.2404,0.2483,0.2513,0.2683,0.2683,0.2535,0.2339,0.2339,0.2475,0.2355,,,,,,,2026-07-13,,,,,,3.9,,0.2345,3.25,,0.257,,3.8,0.2379,Polymarket,3.85,2.0,Not Found
37fdaf1eb4367f77378872fea0388e4b,cricket_odi,One Day Internationals,2026-07-13T18:30:00Z,2026-07-13T07:53:58Z,New Zealand @ West Indies,New Zealand,,,,,,,,1.76,1.69,1.72,1.72,,,,,1.7,,,,,,,,,,,,,1.7,1.68,,,,,,,,,,0.5648,0.5633,0.5526,0.5526,,,,,0.5583,,,,,,,,,,,,,0.5616,0.5549,,,2026-07-13,,,,,,,,,,,,,,,,,2.0,Not Found
bf7b7b53e9f99cd321115465f1b24689,basketball_nba_summer_league,NBA Summer League,2026-07-13T20:30:00Z,2026-07-13T16:06:04Z,Toronto Raptors @ Indiana Pacers,Toronto Raptors,1.59,,,,,,,,1.62,,,1.62,,,,,,,,,1.62,,1.65,,1.62,,,,,1.58,,,0.6044,,,,,,,,0.5968,,,0.5922,,,,,,,,,0.5844,,0.5903,,0.5959,,,,,0.5962,,,2026-07-13,,,,,,,,,,,,,,,,,2.0,Not Found
4d0c100eda90c0f6aa03b342d5782398,basketball_nba_summer_league,NBA Summer League,2026-07-13T23:00:00Z,2026-07-13T18:04:33Z,Dallas Mavericks @ Memphis Grizzlies,Dallas Mavericks,4.5,,,,,,,,4.6,,,4.34,,,,,,,,,3.9,,4.5,,4.5,,,,,4.2,,,0.1979,,,,,,,,0.1955,,,0.1985,,,,,,,,,0.225,,0.2013,,0.1979,,,,,0.2024,,,2026-07-13,,,,,,,,,,,,,,,,,2.0,Not Found
224d8212c089b064d542230ade40cdaf,soccer_brazil_serie_b,Brazil Série B,2026-07-13T23:30:00Z,2026-07-13T22:36:32Z,Athletic Club (MG) @ Ceará,Draw,3.1,,,,,3.1,3.1,3.3,3.15,3.25,3.1,3.2,3.3,,,,,3.25,2.9,3.25,3.2,,3.0,3.0,3.05,3.0,3.0,,2.9,,,,0.2977,,,,,0.2933,0.2933,0.2995,0.298,0.2822,0.2807,0.2981,0.3008,,,,,0.2855,0.3129,0.2822,0.28,,0.3101,0.3101,0.2996,0.3101,0.2996,,0.3129,,,,2026-07-13,3.1,3.1,0.287,0.2924,,,,,,,,,,,,,3.0,Not Found
6d79b4498a50317cb5e9fe4a449c649c,basketball_nba_summer_league,NBA Summer League,2026-07-14T00:00:00Z,2026-07-13T22:36:32Z,Miami Heat @ Cleveland Cavaliers,Miami Heat,1.94,,,,,,,,2.02,,,2.02,,,,,,,,,1.93,,,,2.1,,,,,1.97,,,0.4918,,,,,,,,0.4728,,,0.4713,,,,,,,,,0.4843,,,,0.4556,,,,,0.4713,,,2026-07-14,,,,,,,,,,,,,,,,,2.0,Not Found
7bc7be85680c7c5eea88161440006dea,basketball_nba_summer_league,NBA Summer League,2026-07-14T02:00:00Z,2026-07-13T22:36:32Z,Phoenix Suns @ Milwaukee Bucks,Milwaukee Bucks,2.34,,,,,,,,2.36,,,2.4,,,,,,,,,2.28,,2.38,,2.35,,,,,2.34,,,0.4031,,,,,,,,0.4032,,,0.3919,,,,,,,,,0.4068,,0.4033,,0.4041,,,,,0.3911,,,2026-07-14,,,,,,,,,,,,,,,,,2.0,Not Found
089163a3a05d1b2e8028fab27ad5605f,basketball_wnba,WNBA,2026-07-14T01:00:00Z,2026-07-13T23:32:28Z,Phoenix Mercury @ Minnesota Lynx,Phoenix Mercury,5.7,,,,6.25,6.0,6.0,6.4,6.25,5.8,5.8,6.13,6.6,6.67,6.67,6.0,6.67,5.5,5.5,5.8,5.8,6.4,5.94,5.94,5.75,5.9,5.76,,,,,,0.1491,,,,0.1375,0.1329,0.1329,0.1508,0.1375,0.1476,0.1476,0.1468,0.1484,0.1439,0.1439,0.1447,0.1476,0.1523,0.1523,0.1476,0.1476,0.1508,0.1494,0.1494,0.1484,0.15,0.152,,,,,,2026-07-14,,,,,,5.7,,0.1529,5.5,,0.1322,,5.8,0.1476,Polymarket,6.67,2.0,Not Found
628c08c455f507510a985d4ed69380e2,boxing_boxing,Boxing,2026-07-14T07:00:00Z,2026-07-13T23:32:28Z,Shota Kajino @ Takara Kawaguchi,Takara Kawaguchi,,,,,,1.6,1.6,,,,,1.73,,,,,,,,,,,1.74,1.71,,1.69,1.57,,,,,,,,,,,0.5852,0.5852,,,,,0.5565,,,,,,,,,,,0.5435,0.5532,,0.5633,0.611,,,,,,2026-07-14,,,,,,,,,,,,,,,,,2.0,Not Found
cf46e20b6f7164feeee6f9d56212614b,baseball_npb,NPB,2026-07-14T09:00:00Z,2026-07-14T00:58:27Z,Chiba Lotte Marines @ Saitama Seibu Lions,Saitama Seibu Lions,1.61,,,1.56,1.57,1.62,1.62,,1.61,1.66,1.66,1.61,,,,,,1.64,1.61,,1.66,,1.65,1.65,1.57,1.61,1.57,,1.63,,1.55,,0.5969,,,0.5912,0.6057,0.5913,0.5913,,0.5978,0.5739,0.5739,0.6056,,,,,,0.5846,0.5833,,0.5739,,0.5903,0.5903,0.6057,0.596,0.6185,,0.5931,,0.6052,,2026-07-14,1.57,,0.5962,,1.55,,0.59,,1.66,,0.5739,,1.61,0.5922,,,2.0,Not Found
40b1fd1de0f552315fe7adc5b8c2eca5,baseball_npb,NPB,2026-07-14T09:00:00Z,2026-07-14T04:11:24Z,Yokohama DeNA BayStars @ Hiroshima Toyo Carp,Hiroshima Toyo Carp,2.1,,,1.98,2.1,2.1,2.1,,2.1,2.12,2.12,2.17,,,,,,2.12,2.1,,2.12,,2.15,2.15,2.1,2.02,2.12,,2.12,,2.1,,0.4524,,,0.4549,0.4457,0.4524,0.4524,,0.4507,0.4417,0.4417,0.4463,,,,,,0.4468,0.4387,,0.4417,,0.4452,0.4452,0.4422,0.4634,0.4534,,0.4501,,0.4351,,2026-07-14,1.95,,0.4707,,1.96,,0.4539,,2.12,,0.4417,,2.07,0.4542,,,2.0,Not Found
19a1dc62b2c56fbc46c270d09d0e0221,basketball_wnba,WNBA,2026-07-31T23:35:00Z,2026-08-01T01:13:18Z,Seattle Storm @ Atlanta Dream,Seattle Storm,9.3,,,,8.5,6.2,6.2,,7.0,7.5,7.0,,7.4,11.11,10.0,7.48,9.52,7.0,8.5,7.5,7.5,8.0,,,9.0,,,,,,,,0.0776,,,,0.0871,0.1177,0.1177,,0.1169,0.1037,0.0952,,0.0868,0.0863,0.0955,0.1039,0.0938,0.1041,0.0871,0.1037,0.095,0.108,,,0.0794,,,,,,,,2026-07-31,,,,,,,,,7.0,,0.0907,,9.75,0.0705,Polymarket,11.11,2.0,Not Found
df9eba7a564b0b80a2a4fbd790388ee4,baseball_mlb,MLB,2026-07-31T23:06:00Z,2026-08-01T01:13:18Z,Philadelphia Phillies @ Baltimore Orioles,Baltimore Orioles,1.57,1.66,1.66,1.65,1.48,1.67,1.64,1.58,1.66,1.66,1.48,1.5,1.67,1.79,1.61,1.73,1.79,1.65,,1.66,1.63,1.78,,,1.67,,,,,,,,0.6224,0.5512,0.5739,0.5705,0.6492,0.5602,0.5723,0.6081,0.5708,0.5739,0.6338,0.6432,0.5443,0.5541,0.6152,0.5532,0.5489,0.5758,,0.5739,0.5731,0.5473,,,0.5668,,,,,,,,2026-07-31,1.6,,0.5852,,,,,,,,,,3.85,0.2299,Polymarket,1.79,2.0,Not Found
15e821a6c86416ad02d1f39e529dbe4d,americanfootball_cfl,CFL,2026-07-31T23:40:00Z,2026-08-01T01:13:18Z,Montreal Alouettes @ Ottawa Redblacks,Ottawa Redblacks,9.7,,,,9.5,6.35,6.7,1.09,8.5,11.5,11.0,,,,,,,5.9,,12.0,,,,,8.5,,,,,,,,0.0754,,,,0.0719,0.1283,0.1201,,0.0915,0.0673,0.0504,,,,,,,0.1343,,0.0609,,,,,0.0871,,,,,,,,2026-07-31,,,,,,,,,,,,,,,,,2.0,Not Found
9431473f8584ab5bc9d63ad26492ba86,soccer_chile_campeonato,Primera División - Chile,2026-08-01T00:00:00Z,2026-08-01T01:13:18Z,Audax Italiano @ Universidad de Concepción,Universidad de Concepción,4.3,3.7,3.85,,3.9,3.9,3.9,4.5,3.95,4.9,4.75,3.96,4.6,,4.35,,,4.0,3.9,,,,,,3.95,,,,,,,,0.2087,0.2234,0.2248,,0.2128,0.2259,0.2235,0.2189,0.228,0.168,0.1606,0.2279,0.2099,,0.223,,,0.2374,0.2142,,,,,,0.2249,,,,,,,,2026-08-01,3.8,,0.2267,,,,,,,,,,,,,,3.0,Not Found
0b314c94b53dbed0719087c29b520ace,baseball_mlb,MLB,2026-08-01T02:11:00Z,2026-08-01T04:38:26Z,Minnesota Twins @ Seattle Mariners,Seattle Mariners,16.0,13.0,14.0,9.5,14.0,12.0,12.0,12.0,11.4,13.0,,6.75,,14.29,14.29,,12.5,12.0,11.0,12.5,10.5,12.5,,,11.0,,,,,,,,0.0551,0.0577,0.0549,0.0672,0.0455,0.0655,0.0655,0.0744,0.0537,0.0483,,0.1276,,0.0633,0.0633,,0.0638,0.0609,0.0553,0.0546,0.0526,0.0683,,,0.0647,,,,,,,,2026-08-01,,,,,,,,,,,,,11.0,0.06,Polymarket,14.29,2.0,Not Found
5a8aa1dc02d62cb2da7c8230278ce55c,rugbyleague_nrl,NRL,2026-08-01T05:00:00Z,2026-08-01T04:38:26Z,New Zealand Warriors @ Gold Coast Titans,Gold Coast Titans,,2.3,2.35,,,2.5,2.5,,,2.43,2.43,,,,,,,,,2.43,2.4,,2.45,,,,,,,2.49,,,,0.3944,0.3909,,,0.3757,0.3757,,,,,,,,,,,,,,,,,,,,,,,0.3727,,,2026-08-01,2.4,,0.3827,,2.3,,0.395,,,,,,,,,,3.0,Not Found
9fad9080f6994afda6ca1347311e5152,rugbyleague_nrl,NRL,2026-08-01T07:30:00Z,2026-08-01T04:38:26Z,Canberra Raiders @ Penrith Panthers,Penrith Panthers,,1.32,1.33,,,1.32,1.32,,,1.36,1.36,,,,,,,,,1.36,1.36,,1.34,,,,,,,1.35,,,,0.7181,0.7159,,,0.7273,0.7273,,,,,,,,,,,,,,,,,,,,,,,0.7119,,,2026-08-01,1.3,,0.7348,,1.33,,0.7129,,,,,,,,,,3.0,Not Found
f52e94248b82e2d87156bf4f1fbe4825,baseball_npb,NPB,2026-08-01T09:00:00Z,2026-08-01T04:38:26Z,Chunichi Dragons @ Hiroshima Toyo Carp,Chunichi Dragons,1.7,,,1.65,1.74,1.7,1.7,,1.71,1.7,1.7,,,,,,,1.7,1.67,,1.7,,1.74,1.74,1.69,1.76,1.75,,1.71,,1.65,,0.5626,,,0.5555,0.5435,0.5616,0.5616,,0.5598,0.5583,0.5583,,,,,,,0.5637,0.5613,,0.5583,,0.5548,0.5548,0.5578,0.5353,0.5532,,0.5641,,0.5649,,2026-08-01,1.65,,0.5649,,1.64,,0.5549,,1.7,,0.5583,,1.7,0.5572,,,2.0,Not Found
e617d94a595ab6cc2dbd73a766f7f9d7,baseball_npb,NPB,2026-08-01T05:00:10Z,2026-08-01T07:14:04Z,Chiba Lotte Marines @ Hokkaido Nippon-Ham Fighters,Chiba Lotte Marines,2.64,,,2.38,2.65,2.6,2.6,,2.65,2.38,,2.44,,,,,,2.42,2.5,,2.32,,,,2.55,,,,,,,,0.3493,,,0.3604,0.339,0.3545,0.3545,,0.3439,0.3768,,0.376,,,,,,0.3733,0.3528,,0.3754,,,,0.3605,,,,,,,,2026-08-01,2.4,,0.375,,,,,,2.25,,0.3701,,2.6,0.3475,,,2.0,Not Found
189439ba595578a4eaa1265764e6db05,aussierules_afl,AFL,2026-08-01T08:35:50Z,2026-08-01T07:14:04Z,Greater Western Sydney Giants @ Port Adelaide Power,Port Adelaide Power,,,,,,1.85,1.85,2.02,1.91,,,,,,,,,1.92,,1.83,,,,,,,,,,1.79,1.95,,,,,,,0.5,0.5,0.4937,0.4944,,,,,,,,,0.4959,,0.5168,,,,,,,,,,0.5216,0.4707,,2026-08-01,1.75,,0.5293,,1.82,,0.4985,,,,,,,,,,2.0,Not Found
22b0c165812f3c83a36d7a9f929d4495,baseball_npb,NPB,2026-08-01T09:00:00Z,2026-08-01T07:14:04Z,Hanshin Tigers @ Tokyo Yakult Swallows,Tokyo Yakult Swallows,2.32,,,2.16,2.2,2.3,2.3,,2.3,2.33,2.33,2.39,,,,,,2.33,2.25,,2.33,,2.35,2.35,2.3,2.28,2.31,,2.34,,2.25,,0.4069,,,0.413,0.4242,0.4087,0.4087,,0.4087,0.3961,0.3961,0.4025,,,,,,0.404,0.4038,,0.3961,,0.4097,0.4097,0.4029,0.4125,0.4152,,0.4069,,0.4038,,2026-08-01,2.25,,0.4038,,2.15,,0.4141,,2.33,,0.3961,,2.26,0.4126,,,2.0,Not Found
7901ac55bc45e2c1848818cf3a10af77,soccer_china_superleague,Super League - China,2026-08-01T11:00:00Z,2026-08-01T10:56:41Z,Yunnan Yukun @ Tianjin Jinmen Tiger FC,Draw,3.6,3.6,3.7,,,3.6,3.6,3.9,3.8,3.55,3.5,3.82,3.9,,3.85,3.75,,3.85,3.5,3.55,3.55,,3.75,3.75,3.75,3.75,3.73,,3.5,3.65,3.6,,0.2538,0.2374,0.2376,,,0.2508,0.2508,0.253,0.2426,0.2531,0.2543,0.2489,0.253,,0.2496,0.2502,,0.2402,0.2546,0.2531,0.2531,,0.2534,0.2534,0.2434,0.2534,0.2454,,0.2546,0.2476,0.2466,,2026-08-01,3.6,3.6,0.2483,0.2476,3.6,,0.2457,,,,,,,,,,3.0,Not Found
e6185d83427fdab8f1e9a7879b9a40c5,soccer_china_superleague,Super League - China,2026-08-01T12:00:00Z,2026-08-01T10:56:41Z,Wuhan Three Towns @ Chengdu Rongcheng FC,Draw,5.1,5.0,5.1,,,4.95,4.95,5.5,4.8,5.25,5.2,4.71,5.5,,5.26,4.9,,5.5,4.4,5.25,5.25,,5.15,5.15,4.8,5.15,4.69,,4.4,4.55,4.33,,0.1639,0.1613,0.1642,,,0.1736,0.1736,0.1792,0.1899,0.1622,0.1607,0.1971,0.1803,,0.187,0.1847,,0.1632,0.1955,0.1622,0.1622,,0.1808,0.1808,0.1864,0.1808,0.1971,,0.1955,0.1934,0.1946,,2026-08-01,4.9,4.9,0.1749,0.1741,4.9,,0.1705,,,,,,,,,,3.0,Not Found
bc6cc45277f8529c191f593281cac4a7,soccer_poland_ekstraklasa,Ekstraklasa - Poland,2026-08-01T12:45:00Z,2026-08-01T10:56:41Z,Wisła Kraków @ Piast Gliwice,Wisła Kraków,2.9,,,,2.95,3.05,3.05,3.25,3.1,2.9,2.85,3.21,3.25,,3.33,,,2.95,3.0,2.9,2.9,,3.3,3.3,3.05,3.3,3.1,,,3.08,,,0.3233,,,,0.3118,0.2995,0.2995,0.3038,0.3024,0.3219,0.3179,0.2984,0.3052,,,,,0.3224,0.3031,0.3219,0.3185,,0.2899,0.2899,0.2989,0.2899,0.2979,,,0.298,,,2026-08-01,,,,,,,,,2.75,,0.3184,,,,,,3.0,Not Found
9eb6481d720e838cfd88fa7c9531481d,soccer_sweden_superettan,Superettan - Sweden,2026-08-01T13:00:00Z,2026-08-01T12:08:13Z,GIF Sundsvall @ Sandvikens IF,Draw,3.9,,,,3.7,3.95,3.95,4.1,3.95,3.9,3.9,3.95,4.1,,,,,3.9,3.5,3.85,3.8,,3.85,3.85,3.65,3.85,3.82,,3.5,3.82,3.65,,0.233,,,,0.2373,0.2288,0.2288,0.2382,0.2363,0.2334,0.2334,0.2363,0.2396,,,,,0.2402,0.2444,0.2304,0.2314,,0.2375,0.2375,0.2447,0.2375,0.2373,,0.2444,0.2354,0.2346,,2026-08-01,3.9,,0.2202,,,3.85,,0.2375,,,,,,,,,3.0,Not Found
5668e581927f774315eb885d4c3ebfd9,soccer_russia_premier_league,Premier League - Russia,2026-08-01T13:15:00Z,2026-08-01T12:08:13Z,Kryliya Sovetov @ CSKA Moscow,Kryliya Sovetov,,,,,,,,,,,,6.76,,,,,,,,,,,6.4,,6.5,,7.12,,,7.0,,,,,,,,,,,,,,0.1346,,,,,,,,,,,0.1335,,0.1219,,0.1358,,,0.1315,,,2026-08-01,,,,,,,,,,,,,,,,,3.0,Not Found
22f1726abf97950e74b9a560e02012bf,soccer_sweden_superettan,Superettan - Sweden,2026-08-01T13:00:00Z,2026-08-01T13:52:59Z,Falkenbergs FF @ Varbergs BoIS,Draw,3.9,,,,3.75,3.9,3.9,4.3,3.9,4.0,3.9,4.0,4.3,,,,,4.0,3.7,4.0,,,,,4.0,,,,,,,,0.2295,,,,0.23,0.2255,0.2255,0.2283,0.232,0.216,0.2086,0.2256,0.2283,,,,,0.2227,0.2278,0.216,,,,,0.2315,,,,,,,,2026-08-01,4.0,,0.2146,,,,,,,,,,,,,,3.0,Not Found
6c045ec3b8869b5469727b215b4824c1,soccer_norway_eliteserien,Eliteserien - Norway,2026-08-01T14:00:00Z,2026-08-01T13:52:59Z,Sandefjord @ Fredrikstad FK,Draw,3.4,3.35,3.4,3.23,3.3,3.5,3.5,3.65,3.4,3.4,3.4,3.51,3.65,,,3.51,,3.4,,3.4,3.4,,3.4,3.4,3.4,3.4,3.54,,3.25,3.34,3.25,,0.2715,0.2596,0.2622,0.2721,0.2778,0.2659,0.2659,0.2707,0.2734,0.2664,0.2664,0.2741,0.2718,,,0.2678,,0.284,,0.2664,0.2664,,0.283,0.283,0.2715,0.283,0.2648,,0.2786,0.2756,0.272,,2026-08-01,3.3,3.3,0.2742,0.2688,3.3,3.4,0.2669,0.283,3.25,,0.2622,,,,,,3.0,Not Found
b6dae1c2426a1c8a41582b6aff4f0e36,cricket_the_hundred,The Hundred,2026-08-01T13:30:00Z,2026-08-01T14:54:37Z,Welsh Fire @ Birmingham Phoenix,Birmingham Phoenix,,,,,,4.1,4.1,4.6,4.6,4.1,,,4.6,,,,,,4.2,,,,,,,,,,4.2,,,,,,,,,0.2187,0.2187,0.215,0.1813,0.2154,,,0.215,,,,,,0.2092,,,,,,,,,,0.2092,,,,2026-08-01,,,,,,,,,,,,,,,,,2.0,Not Found
accd8b430f69db8863f4fa2bd01d4e31,soccer_england_efl_cup,EFL Cup,2026-08-01T14:00:00Z,2026-08-01T14:54:37Z,Rochdale @ Tranmere Rovers,Tranmere Rovers,3.1,2.85,2.95,,3.1,2.92,2.92,3.25,,2.95,2.95,3.04,3.25,,,,,3.14,2.88,2.95,,,,,3.1,,,,,,,,0.3001,0.302,0.3042,,0.2911,0.3086,0.3086,0.3047,,0.3047,0.3047,0.3067,0.3054,,,,,0.2966,0.3124,0.3047,,,,,0.3075,,,,,,,,2026-08-01,3.0,,0.3017,,,,,,2.8,,,,,,,,3.0,Not Found
44130cd6a4e313d2e5778f2c5c1d5458,tennis_atp_canadian_open,ATP Canadian Open,2026-08-01T14:30:00Z,2026-08-01T14:54:37Z,Pablo Llamas Ruiz @ Marcos Giron,Marcos Giron,,,,,,,,,,,,1.6,,,,,2.94,,,,,,1.59,1.59,2.7,,,,,,,,,,,,,,,,,,,0.6033,,,,,0.3129,,,,,,0.6137,0.6137,0.3473,,,,,,,,2026-08-01,,,,,,,,,,,,,,,,,2.0,Not Found
b2b2ec59ece3b9ece328717012459667,soccer_russia_premier_league,Premier League - Russia,2026-08-01T15:30:00Z,2026-08-01T14:54:37Z,Lokomotiv Moscow @ FC Dynamo Makhachkala,Draw,,,,,,,,,,,,3.48,,,,,,,,,,,3.25,,3.35,,3.61,,,3.52,,,,,,,,,,,,,,0.2761,,,,,,,,,,,0.2871,,0.2691,,0.2717,,,0.2704,,,2026-08-01,,3.2,,0.2827,,,,,,,,,,,,,3.0,Not Found
f31f4b6fa7e6aba2783914a7caeb6a3a,soccer_denmark_superliga,Denmark Superliga,2026-08-01T16:00:00Z,2026-08-01T15:59:34Z,AGF Aarhus @ Lyngby,Draw,3.5,3.4,3.45,3.32,3.4,3.5,3.5,3.65,3.6,3.6,3.55,3.63,3.65,,,3.57,,3.75,3.3,3.6,3.6,,3.58,3.58,3.3,3.58,3.52,,3.3,3.64,3.45,,0.2665,0.2538,0.2534,0.2612,0.2671,0.2643,0.2643,0.271,0.2584,0.2558,0.2537,0.2641,0.27,,,0.2642,,0.2492,0.2692,0.2558,0.2564,,0.2673,0.2673,0.2723,0.2673,0.2668,,0.273,0.2508,0.2665,,2026-08-01,3.4,3.5,0.2647,0.2654,3.25,3.58,,0.2673,3.4,3.45,0.2491,0.2667,,,,,3.0,Not Found
4d962692ad5866313db7e2756efed519,soccer_norway_eliteserien,Eliteserien - Norway,2026-08-01T16:00:00Z,2026-08-01T15:59:34Z,Viking FK @ IK Start,Draw,4.7,4.4,4.5,4.4,4.6,4.6,4.6,5.0,4.8,4.2,4.2,4.85,5.1,,,4.56,,4.9,,4.2,4.2,,4.7,4.7,4.6,4.7,5.06,,4.5,4.65,4.4,,0.1893,0.1886,0.1896,0.1915,0.1925,0.1967,0.1967,0.1965,0.1894,0.2096,0.2096,0.1948,0.1925,,,0.1991,,0.1939,,0.2096,0.2096,,0.2011,0.2011,0.1943,0.2011,0.1803,,0.1833,0.1913,0.1915,,2026-08-01,4.6,4.3,0.1874,0.2006,4.35,4.7,0.1926,0.2011,3.95,,0.2049,,,,,,3.0,Not Found
4eda99032c13fd0fffb60ece22b3e033,soccer_spl,Premiership - Scotland,2026-08-01T16:30:00Z,2026-08-01T15:59:34Z,Hearts @ Aberdeen,Aberdeen,2.95,,,,2.8,2.82,2.82,3.1,2.9,2.9,2.85,2.99,3.1,,3.03,,,2.9,2.8,2.9,2.88,,2.95,2.95,2.85,2.95,2.89,,2.8,2.88,2.85,,0.3164,,,,0.3315,0.3294,0.3294,0.3192,0.3261,0.3231,0.3211,0.3218,0.3205,,0.3299,,,0.3288,0.33,0.3231,0.322,,0.3273,0.3273,0.3228,0.3209,0.3236,,0.33,0.3231,0.3274,,2026-08-01,2.85,2.8,0.3213,0.3233,2.75,,0.3388,,2.85,,0.3183,,,,,,3.0,Not Found
191b7f4013972da25d42c4f5130c3a9f,soccer_switzerland_superleague,Swiss Superleague,2026-08-01T16:00:00Z,2026-08-01T17:10:31Z,Servette @ FC Zurich,FC Zurich,1.69,1.58,1.62,,1.65,,,1.75,,1.63,1.56,1.72,1.73,,,,,1.67,,1.63,,,,,1.67,,,,,,,,0.5703,0.587,0.5832,,0.5664,,,0.5683,,0.5778,0.5912,0.5617,0.5758,,,,,0.5739,,0.5784,,,,,0.5739,,,,,,,,2026-08-01,1.6,,0.5933,,,,,,1.57,,0.5913,,,,,,3.0,Not Found
143b6952453db5d5e146fb590df5c241,soccer_russia_premier_league,Premier League - Russia,2026-08-01T17:45:00Z,2026-08-01T17:10:31Z,Dinamo Moscow @ FC Baltika Kaliningrad,Draw,,,,,,,,,,,,3.25,,,,,,,,,,,3.1,,3.1,,3.32,,,3.24,,,,,,,,,,,,,,0.2968,,,,,,,,,,,0.3009,,0.2933,,0.2957,,,0.295,,,2026-08-01,,3.15,,0.2882,,,,,,,,,,,,,3.0,Not Found
d5c04ef0d9ad398c751bde36f2b3fafb,tennis_wta_washington_open,WTA Washington Open,2026-08-01T18:00:00Z,2026-08-01T17:10:31Z,Diana Shnaider @ Jessica Pegula,Diana Shnaider,4.1,4.0,4.1,4.0,,3.9,3.9,4.4,3.96,4.0,4.0,4.06,4.4,,,,4.17,,3.6,4.0,4.0,4.3,4.16,4.16,4.0,4.0,3.81,,3.6,,,,0.2154,0.2218,0.2251,0.2282,,0.2282,0.2282,0.226,0.2294,0.225,0.225,0.2325,0.226,,,,0.2382,,0.2513,0.225,0.225,0.2287,0.2202,0.2202,0.225,0.225,0.2375,,0.2513,,,,2026-08-01,,,,,4.0,3.95,0.2185,0.2298,3.85,,0.2234,,,,,,2.0,Not Found
6638edcf1951091325eb55a11f0b5b27,tennis_atp_canadian_open,ATP Canadian Open,2026-08-01T18:20:00Z,2026-08-01T18:11:03Z,Hugo Dellien @ Benjamin Bonzi,Hugo Dellien,,,,,,,,,,,,4.72,,,,,4.88,,,,,,4.5,4.5,4.75,,,,,4.6,,,,,,,,,,,,,,0.1927,,,,,0.196,,,,,,0.2013,0.2013,0.1886,,,,,0.1739,,,2026-08-01,,,,,,,,,,,,,,,,,2.0,Not Found
7212326fe5966b805452fd7f8b0a12eb,soccer_switzerland_superleague,Swiss Superleague,2026-08-01T18:30:00Z,2026-08-01T18:11:03Z,BSC Young Boys @ FC Thun,BSC Young Boys,1.8,1.76,1.8,1.78,1.87,1.82,1.82,1.89,1.83,1.93,1.93,1.83,1.89,,,1.94,,2.0,1.8,1.93,1.93,,1.83,1.83,1.77,1.8,1.83,,1.8,1.8,1.8,,0.5291,0.5283,0.5248,0.5281,0.5105,0.5227,0.5227,0.527,0.5275,0.4896,0.4896,0.5342,0.527,,,0.5018,,0.4831,0.5223,0.4896,0.4896,,0.5343,0.5343,0.5361,0.533,0.5237,,0.5223,0.5318,0.5216,,2026-08-01,1.77,1.85,0.5424,0.5204,1.77,1.83,0.5286,0.5343,1.89,,0.4942,,,,,,3.0,Not Found
887515990979436aed352a22f6f8fdff,baseball_mlb,MLB,2026-08-01T19:08:00Z,2026-08-01T19:34:44Z,St. Louis Cardinals @ Toronto Blue Jays,Toronto Blue Jays,1.51,1.4,1.46,1.45,1.5,1.51,1.51,1.53,1.41,1.48,1.43,1.49,1.39,1.49,1.54,1.49,1.47,1.4,1.44,1.48,1.45,1.48,,,1.5,,,,1.57,,,,0.6459,0.6685,0.6538,0.6525,0.641,0.6245,0.6245,0.6443,0.6773,0.6477,0.6497,0.6476,0.6659,0.6655,0.6448,0.6455,0.6701,0.6905,0.6472,0.6477,0.6487,0.6642,,,0.6333,,,,0.6084,,,,2026-08-01,1.35,,0.698,,,,,,,,,,1.5,0.6333,Polymarket,1.49,2.0,Not Found
e9d3ed7c6df9b35e3b167038806ecd53,basketball_wnba,WNBA,2026-08-01T19:04:00Z,2026-08-01T20:30:16Z,New York Liberty @ Phoenix Mercury,New York Liberty,3.9,,,,3.75,3.4,3.4,3.65,3.5,3.45,3.35,,3.55,3.7,3.57,3.8,3.45,3.55,3.6,3.45,3.4,,,,3.3,,,,,,,,0.225,,,,0.2333,0.2502,0.2502,0.261,0.2553,0.2603,0.2524,,0.2592,0.2648,,0.2348,0.2826,0.2408,0.2513,0.2603,0.2534,,,,0.2698,,,,,,,,2026-08-01,,,,,,,,,3.3,,0.2483,,2.65,0.3439,Polymarket,3.7,2.0,Not Found
1069d3da2e1b18c190e842522570a708,soccer_argentina_primera_division,Primera División - Argentina,2026-08-01T21:00:00Z,2026-08-01T20:30:16Z,Argentinos Juniors @ Belgrano de Cordoba,Draw,2.85,2.85,2.9,2.83,2.9,2.98,2.98,3.0,2.95,2.88,2.75,2.96,,,3.03,,,,,,2.85,,2.94,2.94,2.95,,3.09,,,3.04,2.85,,0.3303,0.3133,0.3109,0.3213,0.3203,0.3204,0.3204,0.3312,0.3194,0.3264,0.3253,0.3264,,,0.3234,,,,,,0.3276,,0.3285,0.3285,0.3164,,0.306,,,0.3047,0.3271,,2026-08-01,,2.9,,0.3245,2.85,2.94,0.3147,0.3285,,,,,,,,,3.0,Not Found
fc68626603614513a069256e1ab3ca9e,soccer_argentina_primera_division,Primera División - Argentina,2026-08-01T21:00:00Z,2026-08-01T20:30:16Z,Defensa y Justicia @ Estudiantes,Defensa y Justicia,6.5,5.5,5.6,5.9,6.25,6.4,6.4,7.2,6.0,6.1,5.8,6.65,,,6.67,,,,,,6.1,,6.5,6.5,6.0,,6.21,,,6.15,6.5,,0.127,0.1415,0.1448,0.1355,0.1377,0.1389,0.1389,0.1362,0.1448,0.1455,0.1352,0.138,,,0.1436,,,,,,0.143,,0.1427,0.1427,0.1422,,0.1436,,,0.1387,0.1309,,2026-08-01,,6.2,,0.1412,6.0,5.4,0.13,0.1618,,,,,,,,,3.0,Not Found
4d5ea5451ac3ebe420186dc11354eb97,tennis_atp_canadian_open,ATP Canadian Open,2026-08-01T21:30:00Z,2026-08-01T20:30:16Z,Titouan Droguet @ Dalibor Svrcina,Titouan Droguet,,,,,,,,,,,,1.93,,,,,1.94,,,,,,1.91,1.91,1.91,,,,,1.84,,,,,,,,,,,,,,0.5,,,,,0.5026,,,,,,0.5,0.5,0.5,,,,,0.5,,,2026-08-01,,,,,,,,,,,,,,,,,2.0,Not Found
84746342d2944e433747b81eda041fa8,baseball_mlb,MLB,2026-08-01T20:31:00Z,2026-08-01T21:28:29Z,Miami Marlins @ New York Mets,Miami Marlins,1.83,1.76,1.82,1.8,1.74,1.67,1.67,1.84,1.68,1.72,1.67,1.8,1.74,1.89,1.85,1.73,1.82,1.85,1.7,1.72,1.7,1.78,,,1.69,,,,,,,,0.5293,0.5153,0.5196,0.5146,0.5435,0.5613,0.5613,0.5058,0.5629,0.5548,0.5543,0.5315,0.5156,0.5242,0.5355,0.5532,0.5378,0.5203,0.5441,0.5548,0.5514,0.5258,,,0.5578,,,,,,,,2026-08-01,1.65,,0.5649,,,,,,,,,,1.7,0.5616,Polymarket,1.89,2.0,Not Found
27623e2a7ea2a15567e63a765e8b3b36,baseball_milb,MiLB,2026-08-01T22:35:00Z,2026-08-01T21:28:29Z,Memphis Redbirds @ Jacksonville Jumbo Shrimp,Memphis Redbirds,1.78,,,,,,,,,,,,,,,,,,,,1.83,,1.77,,1.77,,,,1.73,,,,0.5309,,,,,,,,,,,,,,,,,,,,0.5073,,0.5325,,0.5325,,,,0.539,,,,2026-08-01,,,,,,,,,,,,,,,,,2.0,Not Found
8baeec4213b5c7643d935d16e855921d,baseball_milb,MiLB,2026-08-01T22:35:00Z,2026-08-01T21:28:29Z,Worcester Red Sox @ Norfolk Tides,Worcester Red Sox,1.89,,,,,,,,,,,,,,,,,,,,1.82,,1.87,,1.87,,1.86,,1.85,,,,0.5,,,,,,,,,,,,,,,,,,,,0.5129,,0.5,,0.5,,0.5,,0.5,,,,2026-08-01,,,,,,,,,,,,,,,,,2.0,Not Found
f2f792a12dfc021f7d9da57904883c0a,soccer_chile_campeonato,Primera División - Chile,2026-08-01T21:30:00Z,2026-08-01T22:29:39Z,Coquimbo Unido @ Palestino,Draw,2.3,2.3,2.4,,2.2,2.4,2.4,2.46,2.5,2.3,2.2,2.35,2.44,,2.44,,,2.5,2.3,,,,,,2.37,,,,,,,,0.4096,0.3848,0.3812,,0.4101,0.3825,0.3825,0.3998,0.3792,0.3983,,0.4038,0.404,,0.4001,,,0.3844,0.3888,,,,,,0.3948,,,,,,,,2026-08-01,2.4,,0.3829,,,,,,,,,,,,,,3.0,Not Found
90d1e7f89418ee67374f16432bc883f0,baseball_milb,MiLB,2026-08-01T22:45:00Z,2026-08-01T22:29:39Z,Syracuse Mets @ Rochester Red Wings,Syracuse Mets,1.96,,,,,,,,,,,,,,,,,,,,2.07,,1.87,,2.05,,1.99,,1.85,,,,0.4804,,,,,,,,,,,,,,,,,,,,0.4439,,0.5,,0.4565,,0.4655,,0.5,,,,2026-08-01,,,,,,,,,,,,,,,,,2.0,Not Found
07b62357ba8988490469a685727ecf38,baseball_mlb,MLB,2026-08-01T23:16:00Z,2026-08-01T23:31:54Z,Washington Nationals @ Atlanta Braves,Atlanta Braves,1.24,1.22,1.23,1.22,1.22,1.19,1.19,1.27,1.25,1.21,1.18,1.47,1.19,1.25,1.27,1.21,1.23,1.22,1.22,1.19,1.19,1.44,1.6,1.6,1.18,,,,1.57,,,,0.7921,0.7848,0.7846,0.7783,0.7908,0.8017,0.8017,0.7801,0.7681,0.7996,0.8018,0.6563,0.7952,0.795,0.7838,0.8026,0.804,0.7922,0.7765,0.8149,0.8011,0.6661,0.6133,0.6133,0.8126,,,,0.6084,,,,2026-08-01,1.15,,0.8284,,,,,,,,,,1.22,0.7922,Polymarket,1.25,2.0,Not Found
47f8a5f6294a8f78a47b84de7c4b63d1,tennis_atp_washington_open,ATP Washington Open,2026-08-01T22:41:49Z,2026-08-01T23:31:54Z,Taylor Fritz @ Brandon Nakashima,Brandon Nakashima,3.7,2.35,2.5,3.0,2.3,2.6,3.7,4.3,2.45,3.0,2.8,6.79,2.9,,,,2.67,,2.5,3.0,2.88,6.0,,,3.2,,,,2.5,,,,0.2445,0.3607,0.3528,0.2667,0.3989,0.3522,0.2351,0.2287,0.3794,0.3043,0.3082,0.1389,0.3413,,,,0.3471,,0.3667,0.3043,0.3165,0.1486,,,0.2886,,,,0.3667,,,,2026-08-01,,,,,,,,,2.85,,0.2908,,,,,,2.0,Not Found
f6dd6b30348fe872243ce2f04c1bea77,soccer_usa_mls,MLS,2026-08-01T23:30:00Z,2026-08-01T23:31:54Z,Nashville SC @ D.C. United,Nashville SC,2.35,2.2,2.3,2.3,2.35,2.32,2.32,2.6,2.45,2.4,2.28,2.49,2.6,,2.5,2.4,,2.4,2.3,2.32,,,2.5,2.5,2.43,2.45,2.46,,2.3,2.39,2.4,,0.4027,,0.3987,0.3924,0.402,0.4149,0.4149,0.3817,0.3898,0.4038,0.4082,0.3905,0.3817,,0.3965,0.4005,,0.3989,0.3979,0.4067,,,0.3881,0.3881,0.3897,0.3912,0.396,,0.3979,0.3943,0.394,,2026-08-01,2.25,,0.4146,,2.3,2.5,0.3948,0.3881,2.2,,0.4115,,2.44,0.3898,,,3.0,Not Found
e22f383c06fc65d61b450e0039f9ec3f,baseball_mlb,MLB,2026-08-02T00:11:59Z,2026-08-02T01:10:19Z,Kansas City Royals @ Colorado Rockies,Kansas City Royals,3.8,3.65,3.8,3.7,3.7,3.11,3.16,3.85,3.43,3.8,3.55,3.62,3.25,4.0,3.85,4.04,3.92,3.7,3.25,3.85,3.6,3.8,,,3.85,,,,,,,,0.2499,0.237,0.2379,0.2253,0.2475,0.2848,0.2794,0.2423,0.2582,0.2348,0.2376,0.2505,0.2538,0.2462,0.2539,0.2238,0.2488,0.2414,0.2662,0.233,0.2389,0.2528,,,0.2266,,,,,,,,2026-08-02,3.7,,0.2253,,,,,,,,,,3.5,0.2582,Polymarket,4.0,2.0,Not Found
65f625f15ac20a0c9dd7905ac686d7aa,baseball_mlb,MLB,2026-08-01T23:16:00Z,2026-08-02T01:10:19Z,Arizona Diamondbacks @ Cleveland Guardians,Arizona Diamondbacks,1.61,1.54,2.0,2.18,1.67,1.78,1.84,1.7,1.84,1.65,1.61,2.12,1.74,1.85,1.69,1.68,1.85,1.75,1.7,1.56,1.63,1.85,,,1.54,,,,,,,,0.6065,0.6025,0.4691,0.4169,0.57,0.5245,0.5058,0.5267,0.5113,0.5788,0.5769,0.4485,0.5156,0.5203,0.5813,0.5714,0.497,0.5476,0.5441,0.6122,0.5753,0.5,,,0.6163,,,,,,,,2026-08-01,1.55,,0.6052,,,,,,,,,,2.15,0.4295,Polymarket,1.85,2.0,Not Found
a7b185894ae44e79e7e12c8533b5778b,baseball_mlb,MLB,2026-08-02T00:41:00Z,2026-08-02T01:10:19Z,San Francisco Giants @ San Diego Padres,San Diego Padres,1.21,1.15,1.15,1.16,1.17,1.17,1.18,1.22,1.16,1.18,1.17,1.25,1.13,1.2,1.22,1.19,1.2,1.14,,1.18,1.18,1.19,,,1.17,,,,,,,,0.8132,0.8367,0.8404,0.8223,0.8274,0.8187,0.8109,,0.8294,0.8185,0.8124,0.7804,0.8314,0.8267,0.8148,0.8156,0.8267,0.8509,,0.8185,0.8101,0.8324,,,0.8221,,,,,,,,2026-08-02,1.15,,0.8284,,,,,,,,,,1.2,0.803,Polymarket,1.2,2.0,Not Found
744ba015f780cd1c6d0d6450caef2f06,soccer_mexico_ligamx,Liga MX,2026-08-02T01:00:00Z,2026-08-02T01:10:19Z,Pachuca @ León,León,2.95,,,2.77,,2.85,2.85,3.05,2.95,2.95,2.85,3.04,3.05,,3.03,2.92,,3.0,2.75,2.95,,,3.07,3.07,,3.0,3.05,,2.8,2.93,2.9,,0.3163,,,0.3216,,0.3181,0.3181,0.3247,0.3146,0.3115,0.3116,0.3094,0.3237,,0.3199,0.3169,,0.3203,,0.3115,,,0.3141,0.3141,,0.3127,0.3143,,0.3154,0.3149,0.3141,,2026-08-02,2.7,,0.3373,,,,,,2.7,,,,,,,,3.0,Not Found
698d01455e90991aeb3e3bef6e890072,rugbyleague_nrl,NRL,2026-08-02T04:01:00Z,2026-08-02T04:37:41Z,South Sydney Rabbitohs @ Cronulla Sutherland Sharks,Cronulla Sutherland Sharks,,1.11,1.1,,,1.09,1.1,,,1.08,1.06,,,,,,,,,1.08,,,,,,,,,,,,,,0.8734,0.8807,,,0.8874,0.8784,,,,,,,,,,,,,,,,,,,,,,,,,,2026-08-02,1.15,,0.8358,,,,,,,,,,,,,,3.0,Not Found
ce6bb6cdb9e9ae2280b10ab5ed96b888,aussierules_afl,AFL,2026-08-02T05:16:00Z,2026-08-02T07:16:41Z,Melbourne Demons @ Gold Coast Suns,Gold Coast Suns,,,,,,,1.38,1.32,1.37,,,,,,,,,,,1.38,,,,,,,,,,,,,,,,,,,0.6899,,0.6955,,,,,,,,,,,0.6928,,,,,,,,,,,,,2026-08-02,1.65,,0.5649,,,,,,,,,,,,,,2.0,Not Found
d101e7c91fe957d1641bff9d0c614373,baseball_kbo,KBO,2026-08-02T09:00:00Z,2026-08-02T07:16:41Z,LG Twins @ Doosan Bears,Doosan Bears,1.95,,,1.87,1.91,1.95,1.95,,1.91,1.92,1.92,,,,,,,1.95,,,1.92,,1.93,1.93,1.91,,1.97,,1.91,,1.9,,0.489,,,0.4896,0.4944,0.4861,0.4861,,0.5,0.4901,0.4901,,,,,,,0.489,,,0.4901,,0.4931,0.4931,0.4886,,0.4947,,0.484,,0.4854,,2026-08-02,1.85,,0.5,,1.82,,0.489,,,,,,1.93,0.4888,,,2.0,Not Found
13f860d35a085893974a5d589ad9060e,baseball_npb,NPB,2026-08-02T09:01:18Z,2026-08-02T09:25:41Z,Chunichi Dragons @ Hiroshima Toyo Carp,Chunichi Dragons,2.04,,,2.0,2.2,2.12,2.12,,2.15,2.02,,,,,,,,2.11,2.05,,2.0,,,,2.0,,,,1.99,,,,0.461,,,0.447,0.4167,0.4382,0.4382,,0.4332,0.4499,,,,,,,,0.4339,0.4445,,0.4433,,,,0.4675,,,,0.481,,,,2026-08-02,2.1,,0.4351,,,,,,1.93,,,,1.8,0.5146,,,2.0,Not Found
d96abd7387a850ca09b3d037f30f0c28,soccer_korea_kleague1,K League 1,2026-08-02T10:30:00Z,2026-08-02T09:25:41Z,FC Anyang @ Ulsan Hyundai FC,FC Anyang,,3.15,3.25,3.2,3.4,3.3,3.3,3.6,3.5,3.8,3.85,3.55,3.65,,3.45,,,3.5,,3.8,3.8,,3.45,3.45,3.35,,3.5,,3.3,3.5,,,,0.2783,0.2762,0.2792,0.2675,0.2721,0.2721,0.2724,0.2646,0.2268,0.2266,0.2707,0.2699,,0.2835,,,0.2646,,0.2268,0.2244,,0.2718,0.2706,0.2709,,0.2633,,0.2706,0.2616,,,2026-08-02,3.4,,0.265,,3.3,,0.2681,,3.75,,0.2221,,,,,,3.0,Not Found
d115aa16adbce2466367a191674b90cc,soccer_china_superleague,Super League - China,2026-08-02T12:00:00Z,2026-08-02T09:25:41Z,Chongqing Tonglianglong FC @ Shenzhen Peng City FC,Chongqing Tonglianglong FC,2.8,2.55,2.6,,,2.68,2.68,2.94,2.85,2.85,2.8,2.75,2.96,,2.86,2.77,,2.8,2.75,2.85,2.85,,2.9,2.9,2.8,2.75,2.81,,2.75,2.78,2.8,,0.3345,0.3517,0.3527,,,0.3456,0.3456,0.3343,0.3302,0.3244,0.3236,0.3508,0.3327,,0.3463,0.3443,,0.3373,0.3322,0.3244,0.3228,,0.3268,0.3268,0.3344,0.3399,0.3401,,0.3322,0.3331,0.3238,,2026-08-02,2.8,2.65,0.3284,0.3474,,,,,,,,,,,,,3.0,Not Found
7ebdca8fb4ef84a455589ea024dda075,soccer_korea_kleague1,K League 1,2026-08-02T10:30:00Z,2026-08-02T10:59:15Z,Gwangju FC @ Daejeon Citizen,Gwangju FC,,5.8,6.0,6.25,5.5,6.3,6.3,7.2,7.0,5.8,5.6,7.15,7.8,,7.14,,,6.5,,5.8,,,,,6.25,,,,,,,,,0.1295,0.1314,0.1225,0.1381,0.1261,0.1246,0.131,0.121,0.1371,0.1298,0.1205,0.1228,,0.1305,,,0.1283,,0.1371,,,,,0.1324,,,,,,,,2026-08-02,6.5,,0.1211,,,,,,5.4,,,,,,,,3.0,Not Found
c41cd08c20d94834425d64a444da7298,soccer_china_superleague,Super League - China,2026-08-02T11:35:00Z,2026-08-02T10:59:15Z,Shanghai Shenhua FC @ Liaoning Tieren FC,Draw,5.1,4.9,5.0,,,4.95,4.95,5.5,5.0,4.9,4.8,5.09,5.3,,5.56,5.02,,4.75,4.6,4.9,4.9,,5.0,5.0,4.9,4.9,5.09,,4.5,4.9,4.6,,0.1708,0.165,0.1669,,,0.1752,0.1752,0.1782,0.1788,0.1788,0.1778,0.1816,0.1857,,0.1772,0.1793,,0.1909,0.1862,0.1788,0.1772,,0.1796,0.1796,0.1816,0.1816,0.1802,,0.1833,0.1778,0.1796,,2026-08-02,4.8,4.9,0.179,0.1738,,,,,,,,,,,,,3.0,Not Found
b1389335f0cb9263f588055fb8cedae5,soccer_denmark_superliga,Denmark Superliga,2026-08-02T12:00:00Z,2026-08-02T10:59:15Z,AC Horsens @ FC Midtjylland,AC Horsens,8.5,6.75,7.0,7.75,7.75,9.4,9.4,10.5,8.5,8.5,8.5,9.02,10.5,,,7.93,,9.0,8.0,8.5,8.5,,8.85,8.85,7.75,8.85,8.3,,8.0,8.4,8.5,,0.0898,0.1096,0.1104,0.0956,0.1089,0.085,0.085,0.0944,0.0957,0.0957,0.088,0.0988,0.0944,,,0.11,,0.0933,0.0936,0.0957,0.0957,,0.099,0.099,0.1002,0.099,0.0976,,0.0936,0.0948,0.0947,,2026-08-02,8.5,8.2,0.0885,0.1023,7.3,8.85,0.0942,0.099,8.0,8.4,0.0776,0.0965,,,,,3.0,Not Found
13550bcc2513df984d5bc4e2486f8a5a,soccer_spl,Premiership - Scotland,2026-08-02T13:00:00Z,2026-08-02T13:55:10Z,Kilmarnock @ St Johnstone,Draw,2.55,,,,2.4,2.55,2.55,2.74,2.6,2.55,2.45,2.55,2.72,,2.7,,,2.6,2.5,2.55,,,,,2.62,,,,,,,,0.3709,,,,0.3707,0.3578,0.3578,0.3629,0.3615,0.3652,0.3685,0.3705,0.3647,,0.3639,,,0.3615,0.3652,0.3633,,,,,0.3563,,,,,,,,2026-08-02,2.5,,0.3672,,,,,,2.43,,0.3668,,,,,,3.0,Not Found
a919c08b2e2d71a61fa3728df8810d12,cricket_test_match,Test Matches,2026-08-02T14:00:00Z,2026-08-02T13:55:10Z,Pakistan @ West Indies,West Indies,,,,,,,2.2,2.24,2.1,2.2,2.18,,2.3,,,1.74,,,2.15,,2.2,,,,,,,,1.7,2.18,,,,,,,,,0.437,0.4423,0.4525,0.434,0.4357,,0.4344,,,,,,0.4446,,0.434,,,,,,,,,0.4266,,,2026-08-02,,,,,,,,,,,,,,,,,3.0,Not Found
da3fa5bb246be607cd763d81dd8311ee,soccer_switzerland_superleague,Swiss Superleague,2026-08-02T14:30:00Z,2026-08-02T13:55:10Z,FC Lugano @ Grasshopper Zürich,Grasshopper Zürich,4.3,3.75,3.8,4.0,4.1,3.95,3.95,4.6,4.1,3.75,3.75,4.33,4.6,,,3.94,,3.85,3.6,3.75,3.75,,4.25,4.25,4.0,4.25,4.02,,3.9,4.0,3.9,,0.2057,0.2282,0.2305,0.2234,0.2199,0.2268,0.2268,0.2147,0.2253,0.2396,0.2364,0.2196,0.2147,,,0.2301,,0.2417,0.2407,0.2396,0.2396,,0.2241,0.2241,0.2217,0.2241,0.2267,,0.2265,0.2261,0.2225,,2026-08-02,4.3,4.1,0.2091,0.2239,3.95,4.25,0.2203,0.2241,3.7,,0.2368,,,,,,3.0,Not Found
82dd629264999ca4ff163c6264aadbe7,soccer_norway_eliteserien,Eliteserien - Norway,2026-08-02T15:00:00Z,2026-08-02T15:02:05Z,Tromso @ Aalesund,Tromso,1.91,1.8,1.86,1.82,1.83,1.85,1.85,2.02,1.91,1.83,1.77,1.94,,,,1.89,,1.91,,1.83,1.85,,1.93,1.93,1.88,1.91,1.88,,1.85,1.87,1.85,,0.5046,0.5085,0.5034,0.5134,0.5044,0.5072,0.5072,0.4935,0.5021,0.5098,0.5167,0.5037,,,,0.5052,,0.5064,,0.5098,0.5122,,0.506,0.506,0.5077,0.5057,0.5141,,0.5059,0.5105,0.5045,,2026-08-02,1.85,1.88,0.511,0.4974,1.83,1.93,0.5098,0.506,1.72,,,,,,,,3.0,Not Found
89000ae58cd0b4f88f03639dcf8e3baa,tennis_atp_canadian_open,ATP Canadian Open,2026-08-02T15:08:00Z,2026-08-02T15:02:05Z,Juncheng Shang @ Adolfo Daniel Vallejo,Adolfo Daniel Vallejo,2.3,2.1,2.2,2.06,2.18,,2.15,2.34,2.21,2.2,2.2,2.3,2.34,,,2.27,2.35,2.27,2.2,2.2,2.2,,2.3,2.3,2.3,2.16,2.31,,2.2,2.23,2.2,,0.4144,0.4405,0.4366,0.4378,0.43,,0.4384,0.4213,0.4232,0.4279,0.4279,0.4198,0.423,,,0.4279,0.4169,0.4261,0.4167,0.4279,0.4279,,0.418,0.418,0.4144,0.4339,0.4078,,0.4279,0.4212,0.4242,,2026-08-02,2.15,,0.4239,,2.2,2.25,0.4167,0.4192,2.2,,0.4279,,,,,,2.0,Not Found
3302c08d3c2c0b1fb840c8863280aa3f,tennis_atp_canadian_open,ATP Canadian Open,2026-08-02T15:10:00Z,2026-08-02T15:02:05Z,Rinky Hijikata @ Jaume Munar,Rinky Hijikata,2.14,2.0,2.05,1.95,2.1,,2.0,2.3,2.04,2.1,2.1,2.2,2.26,,,2.12,2.3,2.18,2.2,2.1,2.1,,2.17,2.17,2.15,2.07,2.12,,2.2,2.11,2.1,,0.4446,0.4659,0.4661,0.4657,0.4422,,0.4643,0.4317,0.461,0.4507,0.4507,0.4399,0.4388,,,0.4468,0.43,0.4436,0.4279,0.4507,0.4507,,0.4414,0.4414,0.4402,0.4525,0.4485,,0.4279,0.4463,0.444,,2026-08-02,2.05,,0.4498,,2.05,2.1,0.4498,0.4457,2.1,,0.4507,,,,,,2.0,Not Found
d20b4ec9af535561c3269e708e1abbf8,soccer_chile_campeonato,Primera División - Chile,2026-08-02T16:30:00Z,2026-08-02T17:14:40Z,Universidad Católica (CHI) @ Deportes Concepción,Deportes Concepción,1.29,,,,1.22,1.23,1.23,1.29,1.28,1.19,1.15,1.95,,,1.28,,,,1.25,,,,,,,,,,,,,,0.7533,,,,0.7803,0.7783,0.7813,0.7697,0.7589,0.8071,0.8232,0.4912,,,0.7742,,,,0.763,,,,,,,,,,,,,,2026-08-02,1.18,,0.8124,,,,,,,,,,,,,,3.0,Not Found
9fac342c72a9c67dbb60ed5a96d962b2,soccer_argentina_primera_division,Primera División - Argentina,2026-08-02T17:30:00Z,2026-08-02T17:14:40Z,Barracas Central @ Deportivo Riestra,Barracas Central,4.4,4.3,4.4,3.98,4.1,4.25,4.25,4.7,4.2,4.35,4.2,4.5,,,4.55,,,,,,4.35,,4.57,4.57,4.2,,4.43,,,4.35,4.33,,0.2051,0.1925,0.1947,0.218,0.2174,0.2175,0.2175,0.2103,0.2205,0.2096,0.2003,0.211,,,0.2131,,,,,,0.2081,,0.207,0.207,0.2148,,0.2081,,,0.2058,0.2076,,2026-08-02,,4.4,,0.2075,4.2,4.4,0.1972,0.2099,,,,,,,,,3.0,Not Found
ac67d3a7c8aea695d06a175c5df32e69,tennis_atp_canadian_open,ATP Canadian Open,2026-08-02T17:30:00Z,2026-08-02T17:14:40Z,Mariano Navone @ Matteo Berrettini,Mariano Navone,2.55,2.4,2.5,2.43,2.45,,2.48,2.66,2.51,2.48,2.48,2.55,2.68,,,,2.63,2.55,2.5,2.48,2.48,,2.49,2.49,,,2.46,,2.5,2.49,2.4,,0.3693,0.3794,0.3795,0.3832,0.3773,,0.379,0.3735,0.3745,0.3769,0.3769,0.3776,0.3721,,,,0.3756,0.3776,0.3732,0.3769,0.3769,,0.3863,0.3863,,,0.3807,,0.3732,0.374,0.3858,,2026-08-02,2.5,,0.3599,,2.4,2.55,0.3794,0.3756,2.48,,0.3769,,,,,,2.0,Not Found
f709354ee8468a68f8cd8a020e75b699,tennis_atp_canadian_open,ATP Canadian Open,2026-08-02T16:49:00Z,2026-08-02T18:14:19Z,Christopher O'Connell @ James Duckworth,James Duckworth,,2.1,2.15,2.02,2.3,,,2.26,2.14,2.1,2.02,2.22,2.26,,,,2.17,,2.2,2.1,2.1,,2.3,2.3,,,,,2.2,,,,,0.4405,0.4452,0.4499,0.3989,,,0.4355,0.4378,0.4474,0.4481,0.4362,0.4355,,,,0.438,,0.4167,0.4474,0.4474,,0.418,0.418,,,,,0.4186,,,,2026-08-02,2.3,,0.3948,,,2.2,,0.4279,1.97,,0.4471,,,,,,2.0,Not Found
c4756a328263b52cc586b2a574b5c3ec,soccer_poland_ekstraklasa,Ekstraklasa - Poland,2026-08-02T18:15:00Z,2026-08-02T18:14:19Z,Radomiak Radom @ GKS Katowice,GKS Katowice,2.0,1.94,1.96,1.91,2.0,2.0,2.0,2.08,2.0,1.85,1.8,2.01,2.08,,2.04,,,2.0,2.0,1.85,1.83,,2.02,2.02,1.94,1.95,2.02,,,1.95,,,0.4788,0.4762,0.4772,0.4797,0.4734,0.472,0.472,0.4784,0.4789,0.5171,0.5235,0.484,0.4784,,0.4835,,,0.4815,0.4704,0.5171,0.521,,0.4816,0.4816,0.4878,0.4874,0.4771,,,0.4863,,,2026-08-02,1.93,1.99,0.4883,0.4722,1.9,,0.4822,,1.74,,0.53,,,,,,3.0,Not Found
1b43ef0a26cd2d053abf7677cdbda305,tennis_atp_canadian_open,ATP Canadian Open,2026-08-02T18:30:00Z,2026-08-02T18:14:19Z,Daniel Altmaier @ Aleksandar Vukic,Daniel Altmaier,2.36,2.3,2.4,2.33,2.3,,2.31,2.5,2.39,2.23,2.23,2.4,2.5,,,2.32,2.47,2.35,2.3,2.23,2.23,,2.4,2.4,2.35,,2.3,,2.3,2.33,,,0.4013,0.4009,0.3997,0.4001,0.4068,,0.4078,0.397,0.3927,0.4212,0.4212,0.4016,0.397,,,0.4125,0.3994,0.4097,0.4068,0.4212,0.4212,,0.3997,0.3997,0.4022,,0.4087,,0.4087,0.4021,,,2026-08-02,2.3,,0.3948,,2.25,2.35,0.4097,0.4022,2.23,,0.4212,,,,,,2.0,Not Found
0a83565a7c1b5059b188a176bf7ef21f,baseball_mlb,MLB,2026-08-02T17:36:30Z,2026-08-02T19:37:40Z,Philadelphia Phillies @ Baltimore Orioles,Baltimore Orioles,,3.5,3.7,3.5,3.9,,,1.01,4.54,3.8,3.55,,,3.7,3.7,3.92,,3.7,3.5,3.8,3.6,3.4,,,3.85,,,,,,,,,0.2492,0.2445,0.2429,0.2282,,,,0.19,0.2379,0.2376,,,0.2592,0.2648,0.2307,,0.2414,0.2429,0.2379,0.2421,0.2711,,,0.2266,,,,,,,,2026-08-02,3.9,,0.2115,,,,,,,,,,,,Polymarket,3.7,2.0,Not Found
76967dffaea1fac3dcec1e9edc62b85f,baseball_mlb,MLB,2026-08-02T19:16:00Z,2026-08-02T19:37:40Z,Milwaukee Brewers @ Los Angeles Angels,Los Angeles Angels,2.65,2.4,2.55,2.4,2.6,2.71,2.53,2.68,2.43,2.65,2.55,2.99,2.2,2.38,2.5,2.42,2.53,2.35,,2.4,2.33,2.44,,,2.4,,,,2.9,,,,0.364,0.3705,0.3627,0.375,0.359,0.3324,0.3575,0.364,0.379,0.3508,0.3464,0.3151,0.4108,0.4142,0.3951,0.3881,0.3598,0.4003,,0.3878,0.3899,0.4055,,,0.3837,,,,0.3153,,,,2026-08-02,2.5,,0.3552,,,,,,,,,,2.65,0.3439,Polymarket,2.38,2.0,Not Found
93093742f035808566b727b495407df8,baseball_mlb,MLB,2026-08-02T17:42:08Z,2026-08-02T19:37:40Z,Arizona Diamondbacks @ Cleveland Guardians,Cleveland Guardians,,1.02,1.02,1.01,1.01,,,1.02,,,,1.03,,1.03,1.04,,,1.01,,,,1.03,,,,,,,,,,,,0.9685,0.9694,0.9516,0.97,,,,,,,0.9534,,0.9609,0.9558,,,0.9638,,,,0.9551,,,,,,,,,,,2026-08-02,,,,,,,,,,,,,,,Polymarket,1.03,2.0,Not Found
35da4c4e2f502231bd879b53a9562a36,soccer_chile_campeonato,Primera División - Chile,2026-08-02T19:00:00Z,2026-08-02T20:33:27Z,O'Higgins @ La Serena,Draw,1.67,1.6,1.62,,1.61,1.65,1.62,1.78,1.67,1.68,1.62,1.66,1.72,,1.72,,,1.67,1.67,,,,,,1.72,,,,,,,,0.5772,0.5801,0.5802,,0.5806,0.5748,0.5823,0.5579,0.5775,0.56,0.5702,0.5801,0.5757,,0.571,,,0.5844,0.5571,,,,,,0.5522,,,,,,,,2026-08-02,1.65,,0.5707,,,,,,,,,,,,,,3.0,Not Found
6585384b02bb9b14129e65f83ec29bc0,tennis_wta_canadian_open,WTA Canadian Open,2026-08-02T19:05:00Z,2026-08-02T20:33:27Z,Sara Bejlek @ Xiyu Wang,Xiyu Wang,4.6,3.75,3.4,3.38,4.4,,4.24,4.2,4.05,4.5,4.35,,4.8,,,,4.65,4.2,4.33,4.5,4.5,,,,4.5,,,,4.33,,,,0.192,0.206,0.2471,0.2511,0.1935,,0.1942,0.2315,0.2235,0.1944,0.1839,,0.1977,,,,0.1874,0.2125,0.1988,0.1944,0.1909,,,,0.2013,,,,0.1988,,,,2026-08-02,4.3,,0.1926,,,,,,4.25,,0.1752,,,,,,2.0,Not Found
fbabbf2e61890f93617995f58a982e8b,tennis_wta_canadian_open,WTA Canadian Open,2026-08-02T20:40:00Z,2026-08-02T20:33:27Z,Antonia Ruzic @ Lois Boisson,Antonia Ruzic,1.91,1.88,1.92,1.85,1.85,,1.87,1.95,1.85,1.94,1.94,,1.95,,,1.82,1.94,1.92,1.85,1.94,1.94,,1.86,1.86,1.87,1.8,1.91,,1.85,1.91,1.8,,0.4972,0.5055,0.5027,0.5177,0.5085,,0.5028,0.5113,0.5152,0.4875,0.4875,,0.5113,,,0.5129,0.5052,0.5053,0.5139,0.4875,0.4875,,0.5137,0.5137,0.511,0.5214,0.4972,,0.5139,0.4972,0.5146,,2026-08-02,1.8,,0.5146,,1.84,1.87,0.5086,0.5,1.94,,0.4875,,,,,,2.0,Not Found
b84705609fe51f48fa0406f2661aec1e,tennis_atp_washington_open,ATP Washington Open,2026-08-02T20:40:00Z,2026-08-02T20:33:27Z,Rafael Jodar @ Taylor Fritz,Rafael Jodar,2.46,2.35,2.4,2.43,2.25,2.32,2.32,2.52,2.46,2.35,2.35,,2.52,,,,2.53,,2.3,2.35,2.35,2.52,2.37,2.37,2.4,2.35,2.36,,2.3,,,,0.3807,0.4003,0.3997,0.3873,0.4136,0.4011,0.4011,0.3935,0.3827,0.3943,0.3943,,0.3954,,,,0.3928,,0.4068,0.3943,0.3943,0.3954,0.4061,0.4061,0.3939,0.4022,0.4032,,0.4087,,,,2026-08-02,,,,,2.4,2.4,0.3978,0.3939,2.3,,0.3969,,,,,,2.0,Not Found
80d0f22c6bbb11363e8bf8cc51e172f5,tennis_atp_canadian_open,ATP Canadian Open,2026-08-02T15:05:00Z,2026-08-02T21:30:56Z,Miomir Kecmanovic @ Michael Zheng,Michael Zheng,,1.58,1.62,,1.62,,1.65,1.75,1.68,1.64,1.57,,1.74,,,,1.67,1.65,1.6,1.64,1.63,,,,1.69,,,,1.6,,,,,0.5665,0.5705,,0.5814,,0.5758,0.5702,0.5661,0.5807,0.5881,,0.57,,,,0.5772,0.5808,0.5903,0.5807,0.5825,,,,0.5686,,,,0.5903,,,,2026-08-02,,,,,,,,,1.55,,0.5867,,,,,,2.0,Not Found
702197d604aee39050a66d572b226eee,tennis_atp_canadian_open,ATP Canadian Open,2026-08-02T15:07:00Z,2026-08-02T21:30:56Z,Nuno Borges @ Aleksandar Kovacevic,Aleksandar Kovacevic,,3.5,3.6,,4.0,,3.85,4.0,3.9,4.2,4.1,,3.95,,,,3.77,3.95,3.5,4.2,4.2,,,,4.0,,,,3.5,,,,,0.2296,0.2324,,0.2152,,0.2299,0.2462,0.2314,0.2092,0.1982,,0.2449,,,,0.216,0.2266,0.2553,0.2092,0.2058,,,,0.225,,,,0.2553,,,,2026-08-02,,,,,,,,,3.95,,0.1955,,,,,,2.0,Not Found
bfba087d11e2b11bc7a99d7e1caced8a,tennis_wta_canadian_open,WTA Canadian Open,2026-08-02T21:05:00Z,2026-08-02T21:30:56Z,Maria Camila Osorio Serrano @ Lucrezia Stefanini,Maria Camila Osorio Serrano,1.53,1.5,1.54,1.13,1.43,,1.51,1.6,1.52,1.38,1.44,1.47,1.46,,,,1.42,1.5,1.5,1.49,1.49,,,,1.4,,,,1.4,,,,0.6268,0.6061,0.6025,0.8404,0.6678,,0.621,0.6187,0.6289,0.6928,0.6472,0.6635,0.6758,,,,0.6748,0.641,0.6333,0.6433,0.6433,,,,0.6905,,,,0.6753,,,,2026-08-02,1.5,,0.625,,,,,,1.42,,0.648,,,,,,2.0,Not Found
8cb92d45e2c4570ff14320738ec395f2,basketball_wnba,WNBA,2026-08-02T23:00:00Z,2026-08-02T22:31:51Z,Connecticut Sun @ Dallas Wings,Connecticut Sun,5.4,,,,5.75,4.9,4.9,5.6,5.25,4.9,4.9,,5.7,5.88,5.56,5.25,5.88,4.9,5.0,4.9,4.9,5.75,5.31,5.31,5.0,5.15,4.86,,,,,,0.1578,,,,0.1522,0.171,0.171,0.1726,0.1679,0.1783,0.1783,,0.1711,0.1649,0.1733,0.1679,0.1613,0.1747,0.1726,0.1783,0.1783,0.1668,0.1668,0.1668,0.1726,0.1734,0.1862,,,,,,2026-08-02,,,,,,5.3,,0.1706,4.6,,0.1662,,5.3,0.1633,Polymarket,5.88,2.0,Not Found
2fe247432362d8f3c68a2689ca344169,soccer_chile_campeonato,Primera División - Chile,2026-08-02T21:30:00Z,2026-08-02T22:31:51Z,Huachipato @ Universidad de Chile,Huachipato,17.0,17.0,18.0,,13.0,17.5,17.5,24.0,18.0,12.0,11.5,16.87,24.0,,20.0,,,22.0,15.0,,,,,,17.0,,,,,,,,0.0343,0.0258,0.0262,,0.04,0.0212,0.0212,0.0398,0.0335,0.05,0.0412,0.0373,0.0398,,0.0436,,,0.0303,0.0278,,,,,,0.0318,,,,,,,,2026-08-02,25.0,,0.0035,,,,,,,,,,,,,,3.0,Not Found
b50eee6f2fb9e665aefa47859444a238,tennis_wta_washington_open,WTA Washington Open,2026-08-02T18:58:00Z,2026-08-02T23:34:05Z,Alexandra Eala @ Jessica Pegula,Jessica Pegula,1.18,1.14,1.15,1.17,,1.18,1.18,1.23,1.21,1.2,1.16,,1.22,,,,1.12,,1.25,1.2,1.19,1.23,,,1.22,,1.22,,1.25,,,,0.8217,0.8195,0.8211,0.8111,,0.8126,0.8126,0.8104,0.8036,0.8056,0.8174,,0.8118,,,,0.8365,,0.7667,0.8056,0.8091,0.8075,,,0.7987,,0.7941,,0.7667,,,,2026-08-02,,,,,,,,,1.14,,0.8209,,,,,,2.0,Not Found
9075e1d97a68d5244fa70607c57e266e,baseball_mlb,MLB,2026-08-02T23:21:00Z,2026-08-03T01:11:37Z,Boston Red Sox @ Los Angeles Dodgers,Los Angeles Dodgers,4.6,3.7,4.1,3.95,4.25,4.45,3.52,4.1,3.5,4.2,3.9,3.55,3.7,4.35,4.17,,5.26,3.95,3.25,4.2,4.8,4.2,,,4.5,,,,,,,,0.2022,0.2319,0.2154,0.2167,0.2078,0.1886,0.2452,0.2344,0.2522,0.2125,0.215,0.2621,0.2253,0.2243,0.2353,,0.1852,0.2266,0.2662,0.2125,0.1656,0.2222,,,0.1874,,,,,,,,2026-08-02,4.7,,0.1716,,,,,,,,,,3.15,0.2884,Polymarket,4.35,2.0,Not Found
25b07fc0e2e55cde958ac42fb345cda3,soccer_argentina_primera_division,Primera División - Argentina,2026-08-03T00:30:00Z,2026-08-03T01:11:37Z,Instituto de Córdoba @ Lanus,Instituto de Córdoba,4.9,4.3,4.5,4.0,4.33,4.6,4.6,5.5,4.9,4.25,4.25,4.43,,,4.55,,,,,,,,,,5.0,,,,,,,,0.1826,,0.185,0.2105,0.1939,0.1852,0.1849,0.179,0.1794,0.2101,0.1971,0.2061,,,,,,,,,,,,,0.1779,,,,,,,,2026-08-03,,,,,,,,,,,,,,,,,3.0,Not Found
c4e046e63b82b1450bd4db1b5792daef,tennis_wta_canadian_open,WTA Canadian Open,2026-08-02T22:16:00Z,2026-08-03T04:47:52Z,Leolia Jeanjean @ Magdalena Frech,Leolia Jeanjean,2.3,2.05,2.15,2.12,2.1,,,2.18,2.14,2.0,1.93,,2.16,,,,,2.2,2.0,2.0,2.0,,,,2.25,,2.28,,2.0,2.31,,,0.4087,0.4314,0.4349,0.4253,0.4387,,,0.4485,0.4378,0.4707,0.4701,,0.4506,,,,,0.4297,0.461,0.4707,0.4707,,,,0.4228,,0.4125,,0.461,0.4059,,,2026-08-02,2.2,,0.4148,,,,,,1.89,,0.4704,,,,,,2.0,Not Found
5786f10e6603606b71f60e309656f39a,cricket_odi,One Day Internationals,2026-08-03T06:30:00Z,2026-08-03T04:47:52Z,Bahrain @ Kenya,Kenya,,,,,,,,2.34,2.25,,,,,,,2.25,,,,,,,,,,,,,,2.25,2.35,,,,,,,,,0.405,0.4192,,,,,,,0.4117,,,,,,,,,,,,,,0.4038,0.3943,,2026-08-03,,,,,,,,,,,,,,,,,2.0,Not Found
74dd3f46547ada7019ee9f424ddc8df0,tennis_atp_canadian_open,ATP Canadian Open,2026-08-03T15:00:00Z,2026-08-03T04:47:52Z,Vit Kopriva @ Alexis Galarneau,Vit Kopriva,1.93,1.9,1.96,1.98,1.91,,1.93,2.06,1.94,2.0,2.0,2.0,2.06,,,1.97,2.08,1.98,1.95,2.0,2.0,2.06,2.05,2.05,1.95,1.95,1.99,,1.95,1.98,1.9,,0.4959,0.4914,0.4919,0.4837,0.4915,,0.4931,0.4823,0.4904,0.4738,0.4738,0.4854,0.4809,,,0.4835,0.4772,0.4894,0.4861,0.4738,0.4738,0.4782,0.4661,0.4661,0.489,0.4786,0.475,,0.4861,0.4778,0.4929,,2026-08-03,1.85,,0.5,,1.92,1.95,0.4916,0.4786,1.95,,0.4739,,,,,,2.0,Not Found
3eb86965aabbd68bed2e3912bd59f077,tennis_wta_canadian_open,WTA Canadian Open,2026-08-03T15:00:00Z,2026-08-03T04:47:52Z,Kayla Day @ Diane Parry,Kayla Day,1.74,1.66,1.74,1.7,1.69,,1.73,1.76,1.7,1.8,1.8,,1.77,,,1.82,1.75,1.77,1.73,1.8,1.8,,,,1.71,1.71,1.74,,1.73,1.74,,,0.5493,0.5487,0.5435,0.5478,0.5578,,0.5463,0.5629,0.5637,0.5278,0.5278,,0.5612,,,0.5247,0.5584,0.5499,0.5509,0.5278,0.5278,,,,0.5598,0.5543,0.5481,,0.5509,0.5481,,,2026-08-03,1.75,,0.5293,,1.72,1.74,0.5468,0.5435,1.76,,0.529,,,,,,2.0,Not Found
ff2ac37e9c9be5c3554b9ffb2239a958,baseball_npb,NPB,2026-08-03T09:00:00Z,2026-08-03T08:15:43Z,Tohoku Rakuten Golden Eagles @ Orix Buffaloes,Tohoku Rakuten Golden Eagles,2.06,,,1.96,1.95,2.05,2.05,,2.05,2.07,2.07,,,,,,,2.02,2.0,,2.07,,2.04,2.04,2.05,1.88,2.09,,2.08,,,,0.4602,,,0.461,0.4832,0.463,0.463,,0.4614,0.4542,0.4542,,,,,,,0.4697,0.461,,0.4542,,0.4689,0.4689,0.4565,0.4971,0.4599,,0.4595,,,,2026-08-03,2.05,,0.4498,,1.96,,0.461,,2.07,,0.4542,,2.04,0.461,,,2.0,Not Found
a63b46b92a38e1d69b2a14b1ffb032e6,tennis_wta_canadian_open,WTA Canadian Open,2026-08-03T15:00:00Z,2026-08-03T08:15:43Z,Polina Kudermetova @ Alina Korneeva,Polina Kudermetova,2.8,2.7,2.8,2.9,2.7,2.7,2.7,2.82,2.82,2.75,2.75,2.85,2.84,,,2.67,2.78,2.85,2.75,2.75,2.75,,2.64,2.64,2.8,2.8,2.76,,2.75,2.78,,,0.3313,0.3404,0.3407,0.3228,0.3404,0.338,0.338,0.3484,0.3301,0.337,0.337,0.3353,0.3471,,,0.3494,0.3465,0.3353,0.3346,0.337,0.337,,0.3583,0.3583,0.3337,0.3337,0.3363,,0.3346,0.3326,,,2026-08-03,2.7,,0.328,,2.65,2.65,0.3415,0.3576,2.65,,0.3366,,,,,,2.0,Not Found
6b9eed02fe03a61618db9e37f95842aa,tennis_wta_canadian_open,WTA Canadian Open,2026-08-03T15:00:00Z,2026-08-03T08:15:43Z,Anna Bondár @ Anhelina Kalinina,Anna Bondár,2.6,2.55,2.6,2.6,2.55,2.55,2.55,2.7,2.62,2.55,2.55,2.68,2.7,,,2.51,2.74,2.65,2.6,2.55,2.55,,2.63,2.63,2.65,2.61,2.57,,2.6,2.58,,,0.3612,0.3627,0.3634,0.3634,0.3627,0.3605,0.3605,0.3647,0.3575,0.3627,0.3627,0.3576,0.3626,,,0.3724,0.3578,0.3619,0.359,0.3627,0.3627,,0.3633,0.3633,0.3553,0.3626,0.3634,,0.359,0.3605,,,2026-08-03,2.55,,0.3513,,2.5,2.7,0.3644,0.3519,2.48,,0.3638,,,,,,2.0,Not Found
0ee76c6879bc5351f7bac42717ed8f4c,tennis_wta_canadian_open,WTA Canadian Open,2026-08-03T15:00:00Z,2026-08-03T14:05:54Z,Lanlana Tararudee @ Emerson Jones,Emerson Jones,2.9,2.6,2.7,2.9,2.85,2.79,2.79,3.15,2.8,2.95,2.95,,3.15,,,,3.03,,2.75,2.95,2.95,,3.0,3.0,2.9,2.9,2.87,,2.75,2.89,,,0.3203,0.3219,0.3229,0.3228,0.3183,0.3271,0.3271,0.3139,0.3289,0.3072,0.3072,,0.3139,,,,0.3154,,0.3247,0.3072,0.3072,,0.3146,0.3146,0.3228,0.3228,0.3221,,0.3247,0.3184,,,2026-08-03,2.9,,0.302,,2.75,2.95,0.3221,0.3198,2.88,,0.306,,,,,,2.0,Not Found
ac67d3a7c8aea695d06a175c5df32e69,tennis_atp_canadian_open,ATP Canadian Open,2026-08-03T15:00:00Z,2026-08-03T14:05:54Z,Mariano Navone @ Matteo Berrettini,Matteo Berrettini,1.49,1.5,1.52,1.52,1.5,1.5,1.5,1.52,1.5,1.43,1.43,1.53,1.53,,,1.53,1.56,1.52,1.5,1.43,1.43,1.54,1.52,1.52,1.5,1.5,1.47,,1.5,1.46,,,0.649,0.6447,0.6403,0.6388,0.6373,0.641,0.641,0.6529,0.6439,0.6711,0.6711,0.6395,0.6507,,,0.6423,0.6353,0.6438,0.641,0.6711,0.6711,0.6461,0.6424,0.6424,0.6447,0.6447,0.6543,,0.641,0.6573,,,2026-08-03,1.45,,0.6487,,1.5,1.5,0.641,0.6481,1.41,,0.6728,,,,,,2.0,Not Found
a8a11af27febaf15a82fd532ce28ef4a,soccer_spl,Premiership - Scotland,2026-08-03T18:30:00Z,2026-08-03T18:25:39Z,Dundee FC @ Celtic,Dundee FC,16.0,,,,12.0,18.5,18.5,22.0,15.0,14.0,13.0,16.66,22.0,,16.67,,,17.0,13.0,14.0,13.0,,16.35,16.35,13.0,14.4,12.7,,13.0,16.75,,,0.033,,,,0.0636,0.0293,0.0293,0.0447,0.0458,0.0516,0.0471,0.0455,0.0429,,0.0526,,,0.0409,0.0531,0.0516,0.0471,,0.0457,0.0457,0.0466,0.0542,0.0643,,0.0531,0.0368,,,2026-08-03,14.0,13.0,0.0417,0.0431,14.0,,0.0441,,13.0,,0.0446,,,,,,3.0,Not Found
ebf84115a5515cbf9115f35102d69d3d,tennis_atp_canadian_open,ATP Canadian Open,2026-08-03T17:11:00Z,2026-08-03T20:11:27Z,Martin Landaluce @ Nicolas Mejia,Martin Landaluce,1.5,1.42,1.45,1.45,1.54,1.47,1.47,1.34,1.47,1.56,1.51,1.51,1.56,,,,1.53,1.4,1.5,1.56,1.56,1.55,,,1.5,,,,1.44,,,,0.641,0.6393,0.6407,0.6448,0.6119,0.6478,0.6478,0.738,0.6529,0.6104,0.6137,0.6459,0.6353,,,,0.6292,0.6847,0.6333,0.6104,0.6104,0.636,,,0.6447,,,,0.6564,,,,2026-08-03,1.4,,0.672,,,,,,1.49,,0.6133,,,,,,2.0,Not Found
44ad4485e4b330a4e57a8a5a66222809,soccer_england_efl_cup,EFL Cup,2026-08-03T18:30:00Z,2026-08-03T20:11:27Z,Crawley Town @ York City,York City,18.0,,21.0,,12.0,,,29.0,,23.0,20.0,9.02,23.0,,,,,22.0,,20.0,,,,,,,,,,,,,0.0307,,0.0169,,0.0577,,,0.0337,,0.0111,0.0163,0.0887,0.0323,,,,,0.0283,,0.0163,,,,,,,,,,,,,2026-08-03,22.0,,0.0134,,,,,,21.0,,,,,,,,3.0,Not Found
780765848b446be251ce09f33dd3adff,tennis_wta_canadian_open,WTA Canadian Open,2026-08-03T19:37:00Z,2026-08-03T20:11:27Z,Liudmila Samsonova @ Janice Tjen,Janice Tjen,2.0,2.0,2.1,1.78,2.1,2.13,1.9,1.91,2.17,2.2,2.15,1.74,2.48,,,,2.11,2.2,2.3,2.23,2.23,2.36,,,1.91,,,,2.0,,,,0.4675,0.4375,0.4332,0.5177,0.4387,0.4299,0.4854,0.5214,0.4328,0.4242,0.4201,0.5559,0.3949,,,,0.4102,0.4297,0.3989,0.4193,0.4193,0.4195,,,0.5,,,,0.461,,,,2026-08-03,2.2,,0.4148,,,,,,2.08,,0.4199,,,,,,2.0,Not Found
de37e0dedc65578fdd76ba2fe3519038,baseball_mlb,MLB,2026-08-03T23:41:00Z,2026-08-03T23:44:10Z,Pittsburgh Pirates @ Milwaukee Brewers,Pittsburgh Pirates,2.4,2.3,2.4,2.25,2.4,2.53,2.22,2.22,2.51,2.4,2.33,2.4,2.28,2.63,2.63,2.63,2.6,2.45,2.25,2.4,2.35,2.5,2.33,2.33,2.55,2.32,2.31,2.3,2.2,2.3,,,0.3997,0.3884,0.3878,0.4038,0.3899,0.3575,0.424,0.4379,0.3659,0.3878,0.3813,0.4071,0.3815,0.3756,0.3756,0.3545,0.3798,0.3856,0.4038,0.3878,0.386,0.3795,0.417,0.417,0.3605,0.4179,0.4223,0.4233,0.4279,0.4087,,,2026-08-03,2.7,,0.328,,2.25,2.33,0.4155,0.4152,,,,,2.3,0.4049,Polymarket,2.63,2.0,Not Found
2ab8fa6200502986deaf8d8e3b2af049,tennis_wta_canadian_open,WTA Canadian Open,2026-08-03T23:50:00Z,2026-08-03T23:44:10Z,Caty McNally @ Tatjana Maria,Tatjana Maria,2.48,2.35,2.4,2.5,2.45,,,2.6,,2.38,2.38,,2.56,,,,2.6,2.5,2.38,2.38,2.38,2.56,2.55,2.55,2.45,2.4,2.39,,2.38,2.39,,,0.379,0.4003,0.3997,0.3795,0.3773,,,0.3817,,0.3916,0.3916,,0.3848,,,,0.3798,0.3855,0.3916,0.3916,0.3916,0.3828,0.3756,0.3756,0.3856,0.3939,0.3927,,0.3916,0.3907,,,2026-08-03,2.35,,0.3838,,,2.47,,0.3819,2.32,,0.3929,,,,,,2.0,Not Found
74ae10226cb75552e9cb91f8488d161e,baseball_mlb,MLB,2026-08-03T23:06:00Z,2026-08-04T01:09:00Z,St. Louis Cardinals @ New York Yankees,New York Yankees,4.6,4.8,5.2,4.3,4.0,4.56,4.56,4.5,4.06,5.25,4.8,4.6,4.3,5.26,5.26,4.23,5.26,5.3,,5.25,4.9,5.3,,,4.75,,,,,,,,0.2022,0.1731,0.1651,0.1926,0.2218,0.1823,0.1823,0.2143,0.2133,0.1642,0.1656,0.192,0.1815,0.1852,0.1852,0.2117,0.1818,0.1633,,0.1642,0.1673,0.1845,,,0.1779,,,,,,,,2026-08-03,4.5,,0.1801,,,,,,,,,,4.3,0.1996,Polymarket,5.26,2.0,Not Found
dce673f29a2a1bdfc8ad0e51de72a21d,baseball_mlb,MLB,2026-08-04T00:10:49Z,2026-08-04T01:09:00Z,Toronto Blue Jays @ Houston Astros,Houston Astros,3.5,3.45,3.6,3.05,3.6,2.71,2.81,3.55,3.39,3.75,3.5,3.41,,3.7,3.7,,3.7,3.65,2.05,3.75,3.55,3.6,,,3.65,,,,1.67,,,,0.2697,0.2512,0.2483,0.2851,0.2513,0.3324,0.3182,0.2677,0.2629,0.2396,0.2429,0.2678,,0.2648,0.2648,,0.2648,0.2524,0.4445,0.2396,0.244,0.2658,,,0.2402,,,,0.5721,,,,2026-08-04,3.5,,0.2429,,,,,,,,,,2.7,0.3404,Polymarket,3.7,2.0,Not Found
ee5bdf1920cb1fffe248c1f4bb875246,baseball_mlb,MLB,2026-08-04T00:06:00Z,2026-08-04T01:09:00Z,Los Angeles Dodgers @ Chicago Cubs,Los Angeles Dodgers,3.0,3.1,3.25,4.35,4.2,2.92,2.87,2.58,2.71,2.95,2.9,5.67,2.54,2.86,2.94,,3.03,3.25,2.7,2.95,2.95,3.2,,,2.7,,,,,,,,0.3146,0.2825,0.2807,0.1912,0.2092,0.3036,0.3119,0.3367,0.3373,0.2964,0.2818,0.1534,0.3371,0.3393,0.3345,,0.3202,0.2835,0.328,0.2964,0.2849,0.309,,,0.338,,,,,,,,2026-08-04,2.7,,0.328,,,,,,,,,,5.0,0.169,Polymarket,2.86,2.0,Not Found
543c1b084ecf7224cb7c70766183859d,basketball_wnba,WNBA,2026-08-04T01:08:00Z,2026-08-04T01:09:00Z,Phoenix Mercury @ Chicago Sky,Chicago Sky,2.02,,,,2.1,2.02,2.02,1.87,1.91,2.0,1.93,2.09,1.8,2.0,2.04,1.88,1.8,1.75,2.0,2.08,1.82,1.86,2.1,2.1,2.1,2.1,,,,,,,0.465,,,,0.4556,0.4666,0.4666,0.5,0.4886,0.4707,0.4701,0.4599,0.5303,0.4949,0.4847,0.5,0.5408,0.5293,0.4722,0.4514,0.5088,0.515,0.4556,0.4556,0.4556,0.4556,,,,,,,2026-08-04,,,,,,2.1,,0.4556,1.77,,0.5093,,2.05,0.4582,Polymarket,2.0,2.0,Not Found
1b43ef0a26cd2d053abf7677cdbda305,tennis_atp_canadian_open,ATP Canadian Open,2026-08-04T00:15:00Z,2026-08-04T01:09:00Z,Daniel Altmaier @ Aleksandar Vukic,Daniel Altmaier,2.8,2.35,2.25,2.3,2.35,2.55,2.55,2.16,2.62,2.25,2.35,1.93,2.74,,,,2.5,2.75,2.5,2.6,2.25,2.62,,,2.55,,,,2.3,,,,0.3289,0.3679,0.3933,0.3884,0.3881,0.3627,0.3627,0.4228,0.353,0.4155,0.3794,0.4987,0.3578,,,,0.3815,0.337,0.3667,0.3545,0.4155,0.3724,,,0.3714,,,,0.3989,,,,2026-08-04,2.4,,0.375,,,,,,2.45,,0.3469,,,,,,2.0,Not Found
51d4b0f4e325d916c83748deceef9ff0,baseball_npb,NPB,2026-08-04T09:00:00Z,2026-08-04T04:29:43Z,Tokyo Yakult Swallows @ Chunichi Dragons,Chunichi Dragons,1.59,,,1.54,1.54,1.6,1.6,,1.59,1.55,1.55,1.61,,,,,,1.59,1.57,,1.55,,1.59,1.59,1.57,1.61,1.62,,1.61,,,,0.6044,,,0.6005,0.6163,0.5997,0.5997,,0.6061,0.6142,0.6142,0.6056,,,,,,0.6035,0.5962,,0.6142,,0.6137,0.6137,0.6057,0.5969,0.5994,,0.6005,,,,2026-08-04,1.52,,0.6162,,1.52,,0.6017,,1.55,,0.6142,,1.58,0.6028,,,2.0,Not Found
1e7c5a99f5e9012eb4af8840f506de9e,baseball_npb,NPB,2026-08-04T09:00:00Z,2026-08-04T07:17:57Z,Saitama Seibu Lions @ Chiba Lotte Marines,Saitama Seibu Lions,1.66,,,1.6,1.61,1.65,1.65,,1.67,1.61,1.61,1.68,,,,,,1.66,1.61,,1.61,,1.68,1.68,1.61,1.68,1.69,,1.66,,,,0.578,,,0.5744,0.5932,0.5808,0.5808,,0.5772,0.5932,0.5932,0.5812,,,,,,0.577,0.5833,,0.5932,,0.5783,0.5783,0.5883,0.5683,0.5736,,0.5819,,,,2026-08-04,1.62,,0.5761,,1.6,,0.5744,,1.61,,0.5932,,1.65,0.5758,,,2.0,Not Found
396fa8045a689be79dc6db93d1d60f3a,baseball_npb,NPB,2026-08-04T08:45:47Z,2026-08-04T10:03:57Z,Hanshin Tigers @ Yokohama DeNA BayStars,Hanshin Tigers,3.1,,,2.75,3.0,2.85,2.78,,2.75,2.7,,2.57,,,,,,2.8,2.62,,2.65,,,,2.7,,,,,,,,0.2936,,,0.3087,0.2935,0.3183,0.3277,,0.3297,0.328,,0.3612,,,,,,0.3163,0.3337,,0.321,,,,0.338,,,,,,,,2026-08-04,2.7,,0.328,,,,,,2.48,,,,3.0,0.2963,,,2.0,Not Found
96d1f66b041b2df2356f82d54b39e36f,baseball_npb,NPB,2026-08-04T09:02:03Z,2026-08-04T10:03:57Z,Hokkaido Nippon-Ham Fighters @ Fukuoka SoftBank Hawks,Hokkaido Nippon-Ham Fighters,3.0,,,2.28,2.35,2.45,2.7,,2.75,2.75,,2.19,,,,,,2.3,2.62,,2.7,,,,2.4,,,,2.34,,,,0.3043,,,0.3792,0.386,0.3751,0.338,,0.3297,0.3195,,0.4289,,,,,,0.3948,0.3337,,0.3148,,,,0.3837,,,,0.4069,,,,2026-08-04,2.7,,0.328,,,,,,2.6,,,,2.55,0.3513,,,2.0,Not Found
751e59374f843e01e927d86c6eb08cec,baseball_kbo,KBO,2026-08-04T09:30:00Z,2026-08-04T10:03:57Z,LG Twins @ SSG Landers,LG Twins,2.08,,,1.87,2.05,,1.91,,2.0,2.12,,1.44,,,,,,2.15,,,1.88,,,,1.45,,,,1.36,,,,0.4497,,,0.475,0.448,,0.4915,,0.4675,0.4291,,0.6613,,,,,,0.4239,,,0.4769,,,,0.6561,,,,0.701,,,,2026-08-04,2.1,,0.4351,,,,,,,,,,1.85,0.5,,,2.0,Not Found
ad669d330176ac5796a9ec60f8ec1aa8,tennis_atp_canadian_open,ATP Canadian Open,2026-08-04T15:00:00Z,2026-08-04T10:03:57Z,Mattia Bellucci @ Sebastian Baez,Sebastian Baez,1.85,1.88,1.88,1.86,1.83,1.85,1.85,1.94,1.85,1.8,1.8,1.88,1.94,,,1.81,1.87,1.88,1.85,1.8,1.8,1.92,1.88,1.88,1.87,1.86,1.85,,1.85,1.83,,,0.5177,0.5109,0.5134,0.5176,0.5168,0.5165,0.5165,0.5126,0.5152,0.5303,0.5303,0.5184,0.5126,,,0.5275,0.5149,0.516,0.5139,0.5303,0.5303,0.5129,0.5082,0.5082,0.511,0.5029,0.519,,0.5139,0.5194,,,2026-08-04,1.75,,0.5293,,1.84,1.87,0.5179,0.511,1.76,,0.529,,,,,,2.0,Not Found
341f3e5250be46d4bb3f0a9ac077f54f,tennis_atp_canadian_open,ATP Canadian Open,2026-08-04T15:00:00Z,2026-08-04T12:13:16Z,Jenson Brooksby @ Adam Walton,Jenson Brooksby,1.73,1.72,1.76,1.76,1.71,1.73,1.73,1.83,1.72,1.73,1.73,,1.83,,,1.73,1.77,1.77,1.73,1.73,1.73,1.81,1.69,1.69,1.71,1.69,1.75,,1.73,1.73,,,0.5554,0.5526,0.5515,0.5482,0.5543,0.5532,0.5532,0.5439,0.5571,0.5509,0.5509,,0.546,,,0.5532,0.5521,0.5499,0.5509,0.5509,0.5509,0.5479,0.5726,0.5726,0.5598,0.5622,0.551,,0.5509,0.5509,,,2026-08-04,1.7,,0.5502,,1.72,1.71,0.5526,0.5543,1.7,,0.5502,,,,,,2.0,Not Found
d872deb964ec915a944e2b1707c0d0ab,tennis_atp_canadian_open,ATP Canadian Open,2026-08-04T15:00:00Z,2026-08-04T12:13:16Z,Stefanos Tsitsipas @ Martin Damm Jr.,Martin Damm Jr.,2.64,2.6,2.65,2.65,2.6,2.6,2.6,2.76,2.65,2.43,2.43,,2.76,,,2.57,2.5,2.65,2.5,2.43,2.43,2.72,2.59,2.59,2.6,2.6,2.55,,2.5,,,,0.3561,0.359,0.3597,0.3553,0.3545,0.3612,0.3612,0.3606,0.3531,0.3852,0.3852,,0.3606,,,0.374,,0.3619,0.3732,0.3852,0.3852,0.3612,0.3705,0.3705,0.3612,0.3655,0.3714,,0.3732,,,,2026-08-04,2.55,,0.3513,,2.6,2.65,0.359,0.3576,2.38,,0.3833,,,,,,2.0,Not Found
9b744a7d1d2550a868acbbba9eaad46f,tennis_atp_canadian_open,ATP Canadian Open,2026-08-04T15:00:00Z,2026-08-04T14:41:24Z,Thiago Agustin Tirante @ Duncan Chan,Duncan Chan,3.55,3.55,3.6,3.55,3.4,3.5,3.5,3.75,3.59,3.25,3.25,3.55,3.75,,,3.31,3.64,3.6,3.3,3.25,3.25,3.65,3.34,3.34,3.5,3.35,3.4,,3.3,3.36,,,0.2592,0.2592,0.2601,0.2621,0.2654,0.2612,0.2612,0.263,0.2547,0.2807,0.2807,0.2677,0.263,,,0.2779,0.267,0.2629,0.2756,0.2807,0.2807,0.2639,0.2793,0.2793,0.2641,0.2676,0.2739,,0.2756,0.27,,,2026-08-04,,,,,3.5,3.4,0.2612,0.2683,3.15,,0.2799,,,,,,2.0,Not Found
bb7050bc40d3895390ddac06a8a5cf73,soccer_uefa_champs_league_qualification,UEFA Champions League Qualification,2026-08-04T16:00:00Z,2026-08-04T14:41:24Z,NK Celje @ FC Ararat-Armenia,FC Ararat-Armenia,2.95,,,,,2.92,2.92,3.1,2.95,2.7,2.7,,,,,,,2.75,2.8,2.7,,,3.05,3.05,2.95,2.68,3.03,,,2.95,,,0.3163,,,,,0.3247,0.3247,0.3191,0.3191,0.3433,0.3433,,,,,,,0.3414,0.3243,0.3433,,,0.3111,0.3111,0.3234,0.3467,0.3158,,,0.3153,,,2026-08-04,2.95,,0.31,,2.75,,0.331,,2.55,,0.3454,,,,,,3.0,Not Found
015fd7847f4733822f68790fc1d3c88d,tennis_atp_canadian_open,ATP Canadian Open,2026-08-04T16:40:00Z,2026-08-04T16:31:21Z,Denis Shapovalov @ Zachary Svajda,Denis Shapovalov,1.64,1.64,1.64,1.63,1.62,1.64,1.64,1.68,1.69,1.62,1.62,1.67,1.67,,,1.62,1.71,1.67,1.67,1.62,1.62,1.68,1.68,1.68,1.65,1.65,1.65,,1.67,1.63,,,0.5875,0.5875,0.5921,0.5875,0.5864,0.5846,0.5846,0.591,0.5665,0.5893,0.5893,0.5848,0.5961,,,0.5913,0.5823,0.5839,0.5721,0.5893,0.5893,0.5893,0.5783,0.5783,0.5856,0.5808,0.5856,,0.5721,0.5865,,,2026-08-04,1.55,,0.6052,,1.64,1.65,0.5827,0.5903,1.6,,0.5883,,,,,,2.0,Not Found
fe34e2f631f79d4a636ca69302fb3497,tennis_atp_canadian_open,ATP Canadian Open,2026-08-04T16:40:00Z,2026-08-04T16:31:21Z,Valentin Royer @ Pablo Carreno Busta,Valentin Royer,2.98,2.9,2.95,2.9,2.8,2.9,2.9,3.0,2.89,2.7,2.7,2.92,3.0,,,2.9,2.94,2.9,2.75,2.7,2.7,2.94,,2.89,2.9,2.9,2.81,,2.75,2.78,,,0.3132,0.3203,0.3198,0.3153,0.3289,0.3203,0.3203,0.3311,0.3209,0.345,0.345,0.3288,0.3311,,,0.3153,0.3322,0.3299,0.3346,0.345,0.345,0.3345,,0.3258,0.3228,0.3228,0.3355,,0.3346,0.3326,,,2026-08-04,2.85,,0.3105,,2.85,2.9,0.3258,0.3228,2.63,,0.3405,,,,,,2.0,Not Found
97117bc35c3bf9c416f7914a551e396c,soccer_uefa_champs_league_qualification,UEFA Champions League Qualification,2026-08-04T18:00:00Z,2026-08-04T18:14:43Z,Bodø/Glimt @ Union Saint-Gilloise,Draw,3.1,,,,,3.15,3.2,3.45,3.2,3.15,3.05,,,,,,,3.3,3.1,3.15,,,3.77,3.77,3.2,,,,,,,,0.2965,,,,,0.2862,0.2799,0.2858,0.2868,0.2824,0.2797,,,,,,,0.2882,0.2844,0.2824,,,0.2486,0.2486,0.2917,,,,,,,,2026-08-04,3.2,,0.2856,,3.55,,0.2515,,3.0,,,,,,,,3.0,Not Found
6fd6d72f6a69fd57d3bf719f6c8ed28f,tennis_atp_canadian_open,ATP Canadian Open,2026-08-04T18:58:00Z,2026-08-04T20:00:35Z,Hamad Medjedovic @ Juan Manuel Cerundolo,Juan Manuel Cerundolo,1.04,1.02,1.03,1.04,1.04,1.05,1.05,1.06,1.06,1.04,1.01,1.25,1.04,,,,1.02,1.04,1.22,1.04,1.02,,,,1.05,,,,1.36,,,,0.9391,0.9502,0.9378,0.9308,0.9267,0.9249,0.9249,0.9372,0.9286,0.9332,0.945,0.7879,0.9463,,,,0.9477,0.9437,0.7848,0.9332,0.9426,,,,0.9307,,,,0.701,,,,2026-08-04,1.01,,0.9496,,,,,,,,,,,,,,2.0,Not Found
535c6421d7c1d424bc8230a83738f2e1,tennis_wta_canadian_open,WTA Canadian Open,2026-08-04T20:00:00Z,2026-08-04T20:00:35Z,Jelena Ostapenko @ Shuai Zhang,Jelena Ostapenko,1.41,1.42,1.43,1.41,1.43,1.4,1.4,1.47,1.39,1.38,1.38,1.44,1.47,,,,1.46,1.46,1.44,1.38,1.38,1.47,1.42,1.42,1.42,1.44,1.46,,1.44,1.44,,,0.6857,0.6826,0.683,0.6851,0.6742,0.6829,0.6829,0.6788,0.6952,0.6957,0.6957,0.68,0.6788,,,,0.6774,0.6701,0.6654,0.6957,0.6957,0.6735,0.6832,0.6832,0.6826,0.6718,0.6645,,0.6654,0.6674,,,2026-08-04,1.35,,0.7009,,1.41,1.42,0.6822,0.6854,1.36,,0.6952,,,,,,2.0,Not Found
f7c515c1990107ffef0b702a9737b9f0,tennis_atp_canadian_open,ATP Canadian Open,2026-08-04T21:00:00Z,2026-08-04T20:00:35Z,Vit Kopriva @ Jiri Lehecka,Jiri Lehecka,1.16,1.18,1.19,1.2,1.19,1.18,1.18,1.22,1.19,1.18,1.18,1.21,1.22,,,1.16,1.21,1.2,1.2,1.18,1.18,1.22,1.19,1.19,1.18,1.18,1.2,,1.2,1.19,,,0.8384,0.8237,0.824,0.8114,0.8115,0.8237,0.8237,0.8155,0.8181,0.8196,0.8196,0.8112,0.8155,,,0.8292,0.8208,0.8167,0.8056,0.8196,0.8196,0.8127,0.8202,0.8202,0.8237,0.8185,0.8114,,0.8056,0.8138,,,2026-08-04,1.14,,0.8366,,1.18,1.18,0.8227,0.8196,1.17,,0.8187,,,,,,2.0,Not Found
bdeeac229d88540bf025bd4d2b4d6b53,tennis_atp_canadian_open,ATP Canadian Open,2026-08-04T22:10:00Z,2026-08-04T20:00:35Z,Daniel Altmaier @ Brandon Nakashima,Daniel Altmaier,3.75,3.75,3.85,3.75,3.6,3.65,3.65,3.9,3.69,3.4,3.4,3.76,3.9,,,3.56,4.08,3.8,3.5,3.4,3.4,3.9,3.8,3.8,3.75,,3.62,,3.5,3.58,,,0.2457,0.2457,0.2423,0.2457,0.2513,0.2494,0.2494,0.2494,0.2479,0.2683,0.2683,0.2513,0.2494,,,0.2645,0.2379,0.247,0.2582,0.2683,0.2683,0.2494,0.244,0.244,0.2457,,0.2564,,0.2582,0.2521,,,2026-08-04,3.6,,0.2389,,3.55,3.75,0.2562,0.2457,3.3,,0.2669,,,,,,2.0,Not Found
9d696e41666e6fc76dc4b83ced2e8996,baseball_mlb,MLB,2026-08-04T22:40:00Z,2026-08-04T22:33:50Z,Washington Nationals @ Philadelphia Phillies,Washington Nationals,3.6,3.4,3.45,3.3,3.6,3.32,3.32,3.75,3.82,3.75,3.75,3.61,3.75,3.7,3.7,3.57,3.77,3.42,3.4,3.75,3.95,3.75,3.71,3.71,3.5,3.54,3.56,3.76,3.5,3.38,,,0.2629,0.2624,0.2632,0.2639,0.2572,0.2747,0.2747,0.263,0.255,0.2457,0.2427,0.2654,0.263,0.2648,0.2648,0.2641,0.2623,0.2674,0.2624,0.2457,0.239,0.263,0.2588,0.2588,0.2641,0.2653,0.2701,0.2598,0.2582,0.2691,,,2026-08-04,3.6,,0.2483,,3.4,3.45,0.2654,0.269,,,,,3.55,0.2621,Polymarket,3.7,2.0,Not Found
fadc6a3080af39afc5de586f3e2945a3,baseball_mlb,MLB,2026-08-04T22:36:00Z,2026-08-04T22:33:50Z,Los Angeles Angels @ Baltimore Orioles,Baltimore Orioles,1.68,1.64,1.62,1.6,1.65,1.66,1.66,1.7,1.7,1.62,1.61,1.71,1.71,1.72,1.69,1.7,1.71,1.64,1.65,1.62,1.64,1.7,1.7,1.7,1.67,1.68,1.7,1.75,1.62,1.65,,,0.5875,0.5776,0.5864,0.5852,0.5808,0.576,0.576,0.584,0.5804,0.5959,0.5978,0.575,0.5823,0.5761,0.5858,0.5767,0.5823,0.5846,0.5808,0.5959,0.5948,0.584,0.5758,0.5758,0.5772,0.5812,0.5777,,0.5913,0.5798,,,2026-08-04,1.6,,0.5951,,1.63,1.68,0.5845,0.5793,,,,,1.65,0.5856,Polymarket,1.72,2.0,Not Found
9c77a3a4edfe3bf897bbe0330b1edbb7,baseball_mlb,MLB,2026-08-04T23:41:00Z,2026-08-04T23:38:06Z,Minnesota Twins @ Kansas City Royals,Minnesota Twins,1.71,1.64,1.64,1.62,1.67,1.66,1.66,1.71,1.7,1.7,1.68,1.7,1.72,1.72,1.72,1.68,1.71,1.66,1.65,1.7,1.72,1.72,1.68,1.68,1.67,1.68,1.71,1.69,1.67,1.66,,,0.575,0.5776,0.5776,0.5772,0.5772,0.576,0.576,0.5805,0.5795,0.5668,0.5703,0.5786,0.5788,0.5761,0.5761,0.5839,0.5823,0.577,0.5808,0.5668,0.5665,0.5788,0.5821,0.5821,0.5782,0.5812,0.5741,0.5822,0.5721,0.576,,,2026-08-04,1.6,,0.5951,,1.64,1.68,0.5776,0.5793,,,,,1.68,0.5764,Polymarket,1.72,2.0,Not Found
6473ba72a414bbd4449567e4ff83e076,baseball_mlb,MLB,2026-08-05T00:06:00Z,2026-08-04T23:38:06Z,San Francisco Giants @ Texas Rangers,Texas Rangers,1.53,1.48,1.5,1.49,1.5,1.51,1.51,1.54,1.53,1.5,1.5,1.53,1.54,1.54,1.52,1.52,1.54,1.48,1.47,1.5,1.51,1.55,1.52,1.52,1.51,1.52,1.53,1.56,1.5,1.48,,,0.6456,0.6418,0.641,0.6395,0.6447,0.6366,0.6366,0.6461,0.645,0.6447,0.6447,0.6423,0.6461,0.6448,0.6541,0.6458,0.6474,0.6506,0.6515,0.6447,0.6459,0.6427,0.6465,0.6465,0.641,0.6431,0.6436,,0.641,0.6492,,,2026-08-05,1.47,,0.6478,,1.5,1.51,0.641,0.6466,,,,,1.51,0.6417,Polymarket,1.54,2.0,Not Found
08890f0ed7b1db38c2d39e626a3a539f,tennis_wta_canadian_open,WTA Canadian Open,2026-08-04T22:01:11Z,2026-08-04T23:38:06Z,McCartney Kessler @ Anna Kalinskaya,McCartney Kessler,5.6,3.0,3.1,5.0,3.0,4.0,3.25,3.75,3.11,3.25,3.15,6.1,3.8,,,,3.13,4.5,2.75,3.25,3.25,,,,5.5,,,,3.5,,,,0.1507,0.273,0.2737,0.1536,0.299,0.2083,0.2662,0.263,0.2931,0.2807,0.2741,0.1546,0.2556,,,,0.2751,0.1979,0.3247,0.2807,0.2751,,,,0.1561,,,,0.2553,,,,2026-08-04,3.4,,0.2534,,,,,,3.1,,0.2676,,,,,,2.0,Not Found
4a82f1d6594e24737da818c52349e141,soccer_concacaf_leagues_cup,Leagues Cup,2026-08-05T00:00:00Z,2026-08-04T23:38:06Z,Pumas @ Charlotte FC,Charlotte FC,2.65,,,,2.55,2.62,2.62,2.8,2.65,2.48,2.48,2.72,,,,,,2.55,2.5,2.48,2.45,,2.75,2.75,,,2.59,,2.5,,,,0.3563,,,,0.3518,0.3578,0.3578,0.3543,0.3521,0.3801,0.3801,0.3551,,,,,,0.3752,0.3541,0.3801,0.3834,,0.3471,0.3471,,,0.36,,0.3541,,,,2026-08-05,,,,,,,,,2.48,,0.3801,,,,,,3.0,Not Found
c6a02f59db24e462163d3092b8ab79f8,baseball_mlb,MLB,2026-08-05T00:06:00Z,2026-08-05T01:03:39Z,Los Angeles Dodgers @ Chicago Cubs,Los Angeles Dodgers,1.83,1.62,1.64,1.61,1.74,1.61,1.61,1.85,1.68,1.57,1.6,1.73,,1.85,1.85,1.6,1.75,1.7,1.61,1.65,1.62,1.6,,,1.65,,,,,,,,0.5293,0.5647,0.5827,0.5758,0.5435,0.5822,0.5822,0.5366,0.5783,0.6057,0.5799,0.5543,,0.5355,0.5355,0.6006,0.5532,0.5616,0.578,0.5788,0.5793,0.5674,,,0.5758,,,,,,,,2026-08-05,1.55,,0.6004,,,,,,,,,,1.6,0.5951,Polymarket,1.85,2.0,Not Found
471e086d866d8395789165b877b96187,tennis_atp_canadian_open,ATP Canadian Open,2026-08-04T23:38:31Z,2026-08-05T01:03:39Z,Alex de Minaur @ James Duckworth,James Duckworth,9.0,9.0,9.5,8.0,9.0,9.25,9.0,11.0,11.4,9.5,10.0,11.23,11.0,,,,9.52,12.75,9.0,10.0,9.5,,,,11.0,,,,9.0,,,,0.0883,0.0701,0.0719,0.0908,0.0748,0.0779,0.0794,0.0867,0.0722,0.0764,0.055,0.0816,0.0782,,,,0.0808,0.063,0.0794,0.0738,0.0672,,,,0.0693,,,,0.0794,,,,2026-08-04,7.5,,0.0905,,,,,,,,,,,,,,2.0,Not Found
7f604d1299790fd7fd27e62edb43152f,tennis_wta_canadian_open,WTA Canadian Open,2026-08-05T00:51:28Z,2026-08-05T01:03:39Z,Nikola Bartunkova @ Clara Tauson,Clara Tauson,1.38,1.43,1.46,1.43,1.48,1.42,1.42,1.52,1.47,1.47,1.42,1.88,1.5,,,,1.42,1.5,1.57,1.47,1.47,1.91,1.87,1.87,1.5,1.91,,,1.57,,,,0.701,0.6369,0.6384,0.6551,0.641,0.6627,0.6627,0.6553,0.6507,0.6515,0.656,0.516,0.6609,,,,0.6568,0.641,0.6011,0.6515,0.6515,0.5054,0.511,0.511,0.6447,0.4886,,,0.6011,,,,2026-08-05,1.4,,0.672,,,,,,1.4,,0.6571,,,,,,2.0,Not Found
7aee416761d3e98928c8b14fc047b8b1,baseball_npb,NPB,2026-08-05T09:00:00Z,2026-08-05T04:23:30Z,Tokyo Yakult Swallows @ Chunichi Dragons,Chunichi Dragons,1.75,,,1.68,1.74,1.75,1.75,,1.77,1.75,1.75,1.81,,,,,,1.75,1.73,,1.75,,1.77,1.77,1.74,1.81,1.79,,1.75,,,,0.5476,,,0.5451,0.5435,0.5476,0.5476,,0.5386,0.5418,0.5418,0.5381,,,,,,0.5476,0.539,,0.5418,,0.5444,0.5444,0.5435,0.5185,0.5401,,0.5499,,,,2026-08-05,1.7,,0.5502,,1.67,,0.5443,,1.75,,0.5418,,1.74,0.5446,,,2.0,Not Found
12f3fe609fcf4cbe4db18b9029678b15,baseball_kbo,KBO,2026-08-05T09:30:00Z,2026-08-05T04:23:30Z,Hanwha Eagles @ Samsung Lions,Samsung Lions,1.57,,,1.51,1.54,1.58,1.58,,1.57,1.53,1.53,1.57,,,,,,1.56,,,1.53,,1.59,1.59,1.54,,1.61,,1.53,,,,0.6119,,,0.6079,0.6163,0.6081,0.6081,,0.6101,0.6227,0.6227,0.6127,,,,,,0.6164,,,0.6227,,0.6137,0.6137,0.6163,,0.6081,,0.6167,,,,2026-08-05,1.52,,0.6162,,1.5,,0.6061,,,,,,1.56,0.6104,,,2.0,Not Found
0b4cd511e977d71a1ed72af5de975b6b,baseball_npb,NPB,2026-08-05T09:00:00Z,2026-08-05T07:11:12Z,Hokkaido Nippon-Ham Fighters @ Fukuoka SoftBank Hawks,Hokkaido Nippon-Ham Fighters,2.24,,,2.11,2.1,2.2,2.2,,2.25,2.2,2.2,2.31,,,,,,2.23,2.2,,2.2,,2.22,2.22,2.25,2.19,2.27,,2.19,,,,0.422,,,0.4245,0.4422,0.4297,0.4297,,0.4228,0.4261,0.4261,0.417,,,,,,0.423,0.4167,,0.4261,,0.4311,0.4311,0.4117,0.4289,0.4226,,0.4359,,,,2026-08-05,2.3,,0.3948,,2.1,,0.4256,,2.2,,0.4261,,2.2,0.4242,,,2.0,Not Found
be753a76384659ffd458c1a9665a3107,baseball_kbo,KBO,2026-08-05T09:30:00Z,2026-08-05T07:11:12Z,NC Dinos @ Doosan Bears,NC Dinos,,,,,1.61,,,,1.65,1.62,1.62,1.63,,,,,,,,,1.62,,1.67,1.67,1.61,,1.67,,,,,,,,,,0.5883,,,,0.5808,0.5893,0.5893,0.5903,,,,,,,,,0.5893,,0.582,0.582,0.5883,,0.5866,,,,,,2026-08-05,,,,,,,,,,,,,,,,,2.0,Not Found
dc0f1467eec77fa779aa04c1157476c6,baseball_npb,NPB,2026-08-05T09:00:37Z,2026-08-05T09:49:27Z,Tohoku Rakuten Golden Eagles @ Orix Buffaloes,Tohoku Rakuten Golden Eagles,2.64,,,2.4,2.35,2.5,2.45,,2.3,2.35,,2.35,,,,,,2.42,2.38,,2.18,,,,2.5,,,,,,,,0.3493,,,0.3562,0.386,0.3667,0.3751,,0.3989,0.3794,,0.3923,,,,,,0.3733,0.3768,,0.4026,,,,0.3667,,,,,,,,2026-08-05,2.4,,0.375,,,,,,2.1,,,,2.8,0.3214,,,2.0,Not Found
7646114a8990aaedc4ec6ed1d60ba48e,tennis_wta_canadian_open,WTA Canadian Open,2026-08-05T15:00:00Z,2026-08-05T11:48:20Z,Kayla Cross @ Ann Li,Ann Li,1.26,1.27,1.28,1.27,1.27,1.26,1.26,1.3,1.28,1.29,1.29,1.28,1.31,,,1.29,1.27,1.29,1.29,1.29,1.29,1.29,1.29,1.29,1.29,,1.29,,1.29,1.27,,,0.7686,0.7586,0.759,0.7655,0.7586,0.7606,0.7606,0.7627,0.7566,0.7506,0.7506,0.7631,0.7597,,,0.7479,0.7687,0.7594,0.7487,0.7506,0.7506,0.7641,0.7557,0.7557,0.7543,,0.7557,,0.7487,0.76,,,2026-08-05,,,,,1.27,1.29,0.7586,0.7543,1.26,,0.754,,,,,,2.0,Not Found
faf63e949157babf9264d94831818015,tennis_atp_canadian_open,ATP Canadian Open,2026-08-05T15:00:00Z,2026-08-05T11:48:20Z,Mariano Navone @ Valentin Vacherot,Valentin Vacherot,1.54,1.56,1.58,1.56,1.56,1.55,1.55,1.64,1.56,1.55,1.55,1.61,1.65,,,1.61,1.6,1.61,1.57,1.55,1.55,1.63,1.59,1.59,1.57,1.57,1.54,,1.57,1.55,,,0.6263,0.6164,0.6124,0.6164,0.6122,0.6202,0.6202,0.6049,0.6164,0.6185,0.6185,0.6065,0.603,,,0.6089,0.6202,0.6065,0.6084,0.6185,0.6185,0.6083,0.6137,0.6137,0.6144,0.6144,0.6286,,0.6084,0.6177,,,2026-08-05,1.47,,0.6401,,1.55,1.57,0.6142,0.6185,1.53,,0.6167,,,,,,2.0,Not Found
fde81fed5bb34c44bf06709e0cd21370,cricket_the_hundred,The Hundred,2026-08-05T14:00:00Z,2026-08-05T13:26:46Z,Welsh Fire @ Manchester Super Giants,Welsh Fire,,,,,,2.1,2.1,2.18,1.87,2.05,,1.88,2.16,,,,,,2.0,,,,2.1,,,1.83,,,1.91,1.89,,,,,,,,0.4524,0.4524,0.4561,0.5,0.4582,,0.5082,0.4597,,,,,,0.4722,,,,0.4556,,,0.5073,,,0.5,0.4883,,,2026-08-05,,,,,,,,,,,,,,,,,2.0,Not Found
d44929c99b98bb6333de83bef7b6f65d,soccer_uefa_champs_league_qualification,UEFA Champions League Qualification,2026-08-05T16:30:00Z,2026-08-05T15:40:20Z,Sabah FK @ AGF Aarhus,Sabah FK,4.8,,,,,,,5.2,4.8,4.8,4.8,,,,,,,4.95,,4.8,,,4.9,4.9,4.8,,,,,4.7,,,0.1847,,,,,,,0.1898,0.1906,0.1849,0.1825,,,,,,,0.1783,,0.1849,,,0.1872,0.1872,0.193,,,,,0.202,,,2026-08-05,,,,,,,,,,,,,,,,,3.0,Not Found
98ce20198611a29c0b7fbe5732360d4b,tennis_wta_canadian_open,WTA Canadian Open,2026-08-05T16:30:00Z,2026-08-05T15:40:20Z,Belinda Bencic @ Sloane Stephens,Belinda Bencic,1.11,1.1,1.11,1.11,1.1,1.1,1.1,1.14,1.12,1.13,1.13,1.12,1.14,,,1.15,1.14,1.13,1.11,1.13,1.13,1.14,1.11,1.11,1.12,,1.13,,1.11,1.12,,,0.88,0.8831,0.8815,0.879,0.8776,0.8758,0.8758,0.8728,0.8697,0.8591,0.8591,0.8751,0.8728,,,0.8552,0.8661,0.871,0.8735,0.8591,0.8591,0.8692,0.8803,0.8803,0.8695,,0.8641,,0.8735,0.8664,,,2026-08-05,1.07,,0.8927,,1.1,1.12,0.8831,0.8664,1.11,,0.8612,,,,,,2.0,Not Found
f245d94232bde97a7c9791892bbe3ab2,tennis_atp_canadian_open,ATP Canadian Open,2026-08-05T17:05:00Z,2026-08-05T17:09:42Z,Cameron Norrie @ Ignacio Buse,Cameron Norrie,1.38,1.41,1.42,1.35,1.36,1.4,1.4,1.45,1.42,1.41,1.41,1.41,1.45,,,1.42,1.46,1.42,1.4,1.41,1.41,1.45,1.42,1.42,1.4,1.38,1.4,,1.4,1.38,,,0.701,0.6879,0.6882,0.698,0.7064,0.6877,0.6877,0.6861,0.6754,0.6822,0.6822,0.6938,0.6861,,,0.6779,0.6801,0.6882,0.6753,0.6822,0.6822,0.6809,0.6843,0.6843,0.6905,0.701,0.6905,,0.6753,0.6978,,,2026-08-05,1.35,,0.7009,,1.4,1.38,0.6905,0.701,1.38,,0.6869,,,,,,2.0,Not Found
a09c42ca23d870bd4c22fc5c6cc7b612,tennis_wta_canadian_open,WTA Canadian Open,2026-08-05T18:34:11Z,2026-08-05T18:51:31Z,Magda Linette @ Iva Jović,Magda Linette,8.0,7.0,6.5,6.1,7.5,7.16,7.16,8.4,7.6,6.5,6.75,9.68,9.2,,,,,6.7,6.5,6.5,7.0,,,,8.0,,,,6.0,,,,0.1038,0.0997,0.114,0.1147,0.0994,0.0981,0.0981,0.1091,0.1112,0.1224,0.1024,0.0971,0.1039,,,,,0.1242,0.1224,0.1224,0.1127,,,,0.0995,,,,0.1329,,,,2026-08-05,7.0,,0.0997,,,,,,6.4,,0.0974,,,,,,2.0,Not Found
43bd849efc6e3de91c16879e55badb71,tennis_atp_canadian_open,ATP Canadian Open,2026-08-05T19:00:00Z,2026-08-05T18:51:31Z,Alejandro Tabilo @ Hubert Hurkacz,Alejandro Tabilo,2.28,2.2,2.25,2.35,2.25,2.25,2.25,2.34,2.23,2.23,2.23,2.27,2.38,,,2.19,2.33,2.2,2.2,2.23,2.23,2.34,2.36,2.36,2.25,2.2,2.26,,2.2,2.23,,,0.4163,0.4224,0.421,0.4041,0.4136,0.4192,0.4192,0.423,0.4248,0.4212,0.4212,0.4261,0.4177,,,0.4234,0.4222,0.4332,0.4279,0.4212,0.4212,0.4213,0.407,0.407,0.4228,0.4279,0.4218,,0.4279,0.4212,,,2026-08-05,2.3,,0.3948,,2.3,2.26,0.4087,0.4164,2.2,,0.4186,,,,,,2.0,Not Found
61767792f8b00ecdbb496c875941e2bd,tennis_atp_canadian_open,ATP Canadian Open,2026-08-05T20:10:00Z,2026-08-05T20:20:41Z,Alexei Popyrin @ Raphael Collignon,Alexei Popyrin,2.42,2.35,2.35,2.25,2.35,2.3,2.3,2.5,2.35,2.43,2.33,2.43,2.5,,,2.39,2.44,2.35,2.38,2.43,2.43,2.46,2.39,2.39,2.4,2.4,2.4,,2.3,2.39,,,0.3921,0.4041,0.4041,0.3996,0.3943,0.4049,0.4049,0.397,0.3963,0.3832,0.3813,0.3971,0.3988,,,0.3824,0.4019,0.4003,0.3833,0.3832,0.3832,0.4039,0.4025,0.4025,0.3939,0.3939,0.3919,,0.3989,0.3907,,,2026-08-05,2.35,,0.3838,,2.4,2.4,0.3899,0.3939,,,,,,,,,2.0,Not Found
278ddae6ec829e5eb3875bff9d473ab7,tennis_wta_canadian_open,WTA Canadian Open,2026-08-05T20:38:06Z,2026-08-05T20:20:41Z,Zeynep Sonmez @ Maria Sakkari,Maria Sakkari,1.54,1.56,1.58,1.53,1.54,1.52,1.52,1.63,1.58,1.63,1.63,1.61,1.65,,,,1.61,1.61,1.57,1.63,1.63,1.64,1.58,1.58,1.57,,1.6,,1.57,1.59,,,0.6247,0.6164,0.6165,0.6244,0.6163,0.6257,0.6257,0.6114,0.609,0.5875,0.5875,0.6065,0.603,,,,0.6056,0.6065,0.6011,0.5875,0.5875,0.6033,0.6165,0.6165,0.6144,,0.6042,,0.6011,0.6017,,,2026-08-05,1.47,,0.6401,,1.56,1.57,0.6164,0.6185,1.6,,0.5883,,,,,,2.0,Not Found
0af7cfb0eaaddb51ab120b6956e08940,tennis_atp_canadian_open,ATP Canadian Open,2026-08-05T21:08:50Z,2026-08-05T21:39:37Z,Francisco Cerundolo @ Alex Michelsen,Francisco Cerundolo,3.7,3.6,3.7,3.43,3.8,3.95,3.95,4.2,4.04,3.6,3.65,3.29,4.4,,,,4.08,4.0,4.0,3.6,3.6,,,,4.0,,,,3.75,,,,0.2475,0.2222,0.2253,0.2489,0.2284,0.2266,0.2266,0.2315,0.2205,0.2483,0.2272,0.287,0.2168,,,,0.2288,0.225,0.2152,0.2483,0.2483,,,,0.225,,,,0.2333,,,,2026-08-05,4.0,,0.2083,,,,,,3.55,,0.2207,,,,,,2.0,Not Found
46d14ff4067b8a280b7d2d17fdb2111e,soccer_argentina_primera_division,Primera División - Argentina,2026-08-05T22:00:00Z,2026-08-05T21:39:37Z,Estudiantes @ Boca Juniors,Draw,3.2,3.15,3.2,3.07,3.1,3.25,3.25,3.45,3.25,3.1,2.95,3.34,,,3.45,,,,,,3.1,,3.3,3.3,3.2,,3.27,,,3.2,,,0.288,0.2793,0.2798,0.285,0.2965,0.2909,0.2909,0.2885,0.2883,0.3016,0.3017,0.2874,,,0.2868,,,,,,0.3016,,0.291,0.291,0.2905,,0.2878,,,0.2886,,,2026-08-05,,3.25,,0.2886,3.15,3.35,0.2776,0.2863,,,,,,,,,3.0,Not Found
4af1ebe6daee10158e55fe6f9e89b229,tennis_atp_canadian_open,ATP Canadian Open,2026-08-05T22:05:00Z,2026-08-05T21:39:37Z,Daniel Merida Aguilar @ Ugo Humbert,Daniel Merida Aguilar,3.05,3.0,3.05,2.95,2.9,3.0,3.0,3.2,2.93,3.05,3.05,3.05,3.2,,,3.04,3.17,3.05,2.9,3.05,3.05,3.15,3.04,3.04,2.95,3.0,2.98,,2.9,2.94,,,0.3042,0.3095,0.3093,0.3174,0.3153,0.3095,0.3095,0.309,0.316,0.3016,0.3016,0.3143,0.309,,,0.2968,0.3105,0.3118,0.3153,0.3016,0.3016,0.3091,0.3099,0.3099,0.3174,0.3095,0.3157,,0.3153,0.3129,,,2026-08-05,2.95,,0.2991,,3.0,3.0,0.3095,0.3146,2.95,,0.3018,,,,,,2.0,Not Found
2977c51845a4f2621deca3d4a38a0ac2,basketball_wnba,WNBA,2026-08-05T23:00:00Z,2026-08-05T22:42:21Z,Phoenix Mercury @ Atlanta Dream,Atlanta Dream,1.38,,,,1.4,1.38,1.38,1.45,1.4,1.38,1.38,1.41,1.45,1.45,1.43,1.39,1.44,1.37,1.36,1.38,1.38,1.43,1.42,1.42,1.42,1.4,,,,,,,0.6984,,,,0.6905,0.6928,0.6928,0.6861,0.6932,0.6984,0.6984,0.6901,0.6861,0.6846,0.6894,0.6958,0.6924,0.6999,0.7064,0.6984,0.6984,0.6909,0.6854,0.6854,0.6854,0.6932,,,,,,,2026-08-05,,,,,,1.4,,0.6959,1.32,,0.7064,,1.39,0.6941,Polymarket,1.45,2.0,Not Found
c0965095d5e8735a24cfe84c82f82b02,baseball_milb,MiLB,2026-08-05T22:35:00Z,2026-08-05T22:42:21Z,Jacksonville Jumbo Shrimp @ Gwinnett Stripers,Jacksonville Jumbo Shrimp,1.93,,,,,,,,,,,,,,,,,,,,1.88,,1.91,,1.87,,1.88,,1.91,,,,0.4888,,,,,,,,,,,,,,,,,,,,0.4927,,0.4886,,0.4896,,0.4942,,0.484,,,,2026-08-05,,,,,,,,,,,,,,,,,2.0,Not Found
656599597bc659cce9684f934066161c,tennis_wta_canadian_open,WTA Canadian Open,2026-08-05T22:50:00Z,2026-08-05T22:42:21Z,Caty McNally @ Linda Noskova,Caty McNally,3.6,3.5,3.9,3.6,3.6,3.86,3.8,4.3,3.78,3.7,3.5,4.05,4.3,,,,4.08,4.0,3.75,3.7,3.7,4.2,4.03,4.03,3.75,4.0,3.69,,3.75,3.74,,,0.2513,0.2262,0.2115,0.2324,0.2452,0.2263,0.2316,0.2287,0.2386,0.2414,0.2364,0.2328,0.2226,,,,0.235,0.225,0.2333,0.2414,0.2414,0.2284,0.2272,0.2272,0.2457,0.225,0.2509,,0.2333,0.24,,,2026-08-05,4.0,,0.2083,,3.75,3.75,0.2301,0.2457,3.45,,0.2317,,,,,,2.0,Not Found
3cf7e6e67663cb95cf7840aeb10f3020,baseball_mlb,MLB,2026-08-05T22:40:37Z,2026-08-05T23:40:14Z,Athletics @ Cincinnati Reds,Cincinnati Reds,1.8,1.62,1.68,,1.67,1.61,1.71,1.7,1.75,1.68,1.63,1.51,1.56,1.69,1.85,1.87,1.71,1.7,1.8,1.68,1.65,1.67,,,1.83,,,,1.57,,,,0.5397,0.5647,0.5651,,0.57,0.5822,0.5473,0.5804,0.5553,0.5683,0.5687,0.6396,0.5824,0.5858,0.5355,0.5096,0.5796,0.5668,0.5075,0.5683,0.5672,0.5928,,,0.5114,,,,0.6084,,,,2026-08-05,1.6,,0.5852,,,,,,,,,,1.7,0.556,Polymarket,1.69,2.0,Not Found
83963b351438e21ba56380e3f234182c,tennis_wta_canadian_open,WTA Canadian Open,2026-08-05T22:04:54Z,2026-08-05T23:40:14Z,Barbora Krejcikova @ Liudmila Samsonova,Barbora Krejcikova,8.5,9.0,9.5,8.25,7.25,9.5,7.62,30.0,7.8,10.0,10.0,4.63,6.8,,,,7.69,,8.0,10.0,9.0,,,,6.0,,,,9.0,,,,0.0915,0.0701,0.0719,0.0752,0.1017,0.0764,0.0894,0.0312,0.1096,0.0692,0.055,0.2048,0.1062,,,,0.0843,,0.0908,0.0692,0.0748,,,,0.1409,,,,0.0794,,,,2026-08-05,8.5,,0.0734,,,,,,,,,,,,,,2.0,Not Found
4e5c385bec9516e786c4876ac68413f7,soccer_argentina_primera_division,Primera División - Argentina,2026-08-06T00:15:00Z,2026-08-05T23:40:14Z,Belgrano de Cordoba @ CA Tigre BA,Draw,2.6,2.6,2.6,2.58,2.65,2.72,2.68,2.78,2.65,2.7,2.55,2.65,,,2.78,,,,,,2.65,,2.69,2.69,2.65,,2.65,,,2.6,,,0.3611,0.3453,0.3514,0.3542,0.3506,0.3495,0.3559,0.3585,0.3589,0.3525,0.3546,0.3663,,,0.3528,,,,,,0.3547,,0.3603,0.3603,0.3561,,0.36,,,0.3606,,,2026-08-06,,2.6,,0.3624,2.6,2.67,0.3482,0.3632,,,,,,,,,3.0,Not Found
5705a422889bf0ba13b65b4a95d6b390,tennis_atp_canadian_open,ATP Canadian Open,2026-08-06T00:36:33Z,2026-08-06T01:06:02Z,Tommy Paul @ Valentin Royer,Valentin Royer,3.4,3.6,3.7,5.1,3.6,3.0,3.3,4.6,4.37,3.95,3.8,5.41,3.7,,,,3.57,4.0,3.75,3.95,3.85,,,,3.6,,,,3.5,,,,0.2683,0.2222,0.2253,0.1476,0.2452,0.3017,0.2727,0.2119,0.2046,0.2234,0.2149,0.1723,0.262,,,,0.2613,0.225,0.2333,0.2234,0.2299,,,,0.2572,,,,0.2553,,,,2026-08-06,4.0,,0.2083,,,,,,3.7,,0.2114,,,,,,2.0,Not Found
98ca530ae5900ad47e0e81b865ee62f9,baseball_milb,MiLB,2026-08-06T01:35:00Z,2026-08-06T01:06:02Z,El Paso Chihuahuas @ Reno Aces,El Paso Chihuahuas,2.1,,,,,,,,,,,,,,,,,,,,2.06,,2.09,,2.05,,2.04,,2.05,,,,0.4457,,,,,,,,,,,,,,,,,,,,0.4486,,0.4468,,0.4565,,0.4527,,0.4498,,,,2026-08-06,,,,,,,,,,,,,,,,,2.0,Not Found
9b665d7b69b3217c58a4014f4f6ea3d8,soccer_concacaf_leagues_cup,Leagues Cup,2026-08-06T02:00:00Z,2026-08-06T01:06:02Z,Seattle Sounders FC @ Toluca,Draw,5.6,5.4,5.6,,5.25,5.5,5.5,5.9,5.25,5.6,5.6,5.55,,,,,,5.75,4.8,5.6,5.6,,5.5,5.5,5.4,,5.35,,4.8,,,,0.1563,0.1451,0.1446,,0.1582,0.1568,0.1568,0.166,0.1614,0.1549,0.1549,0.1653,,,,,,0.1558,0.1714,0.1549,0.1527,,0.1647,0.1647,0.1602,,0.1621,,0.1714,,,,2026-08-06,,,,,,,,,5.6,,0.1549,,,,,,3.0,Not Found
f48ce4dba222d723bb6709b1d3e78a71,baseball_npb,NPB,2026-08-06T09:00:00Z,2026-08-06T04:27:21Z,Tokyo Yakult Swallows @ Chunichi Dragons,Chunichi Dragons,1.6,,,1.56,1.57,1.6,1.6,,1.59,1.56,1.56,1.61,,,,,,1.59,1.57,,1.56,,1.62,1.62,1.57,1.61,1.62,,1.63,,,,0.6006,,,0.5922,0.6057,0.5997,0.5997,,0.6017,0.6122,0.6122,0.6056,,,,,,0.6035,0.5962,,0.6122,,0.6003,0.6003,0.6057,0.5969,0.5994,,0.5931,,,,2026-08-06,1.57,,0.5962,,1.54,,0.5921,,1.56,,0.6122,,1.6,0.5942,,,2.0,Not Found
4144f7761fc7633b8ccd7fedeaf2fc8e,baseball_npb,NPB,2026-08-06T09:00:00Z,2026-08-06T04:27:21Z,Yomiuri Giants @ Hiroshima Toyo Carp,Hiroshima Toyo Carp,1.7,,,1.65,1.67,1.75,1.75,,1.71,1.71,1.71,1.78,,,,,,1.71,1.67,,1.71,,1.77,1.77,1.74,1.78,1.77,,1.71,,,,0.5626,,,0.5567,0.5668,0.5476,0.5476,,0.5598,0.5543,0.5543,0.5473,,,,,,0.5598,0.5613,,0.5543,,0.5444,0.5444,0.5435,0.5296,0.5466,,0.5641,,,,2026-08-06,1.62,,0.5761,,1.63,,0.5567,,1.71,,0.5543,,1.7,0.5583,,,2.0,Not Found
9c5ba39ffe5f62d3f58a514a14d1c339,baseball_npb,NPB,2026-08-06T08:45:00Z,2026-08-06T07:17:46Z,Hanshin Tigers @ Yokohama DeNA BayStars,Yokohama DeNA BayStars,2.2,,,2.07,2.1,2.2,2.2,,2.2,2.2,2.2,2.29,,,,,,2.2,2.1,,2.2,,2.25,2.25,2.2,2.15,2.23,,2.19,,,,0.4297,,,0.4329,0.4457,0.4297,0.4297,,0.4279,0.4242,0.4242,0.4225,,,,,,0.4297,0.4387,,0.4242,,0.4264,0.4264,0.4242,0.4367,0.4301,,0.4359,,,,2026-08-06,2.15,,0.4239,,2.05,,0.4353,,2.2,,0.4242,,2.17,0.431,,,2.0,Not Found
cd1b77c1d27d3929ec70c709588189f4,tennis_wta_canadian_open,WTA Canadian Open,2026-08-06T16:30:00Z,2026-08-06T12:13:36Z,Diana Shnaider @ Anna Kalinskaya,Diana Shnaider,1.74,1.72,1.74,1.73,1.74,1.7,1.7,1.79,1.75,1.76,1.76,,1.79,,,1.79,1.79,1.75,1.67,1.76,1.76,1.78,1.78,1.78,,1.78,1.75,,1.67,1.73,,,0.5515,0.5581,0.5548,0.5565,0.5435,0.556,0.556,0.5541,0.5465,0.5425,0.5425,,0.5561,,,0.5468,0.5571,0.5564,0.5721,0.5425,0.5425,0.5557,0.5405,0.5405,,0.5284,0.551,,0.5721,0.5509,,,2026-08-06,1.62,,0.5761,,1.71,1.74,0.5543,0.5435,1.72,,0.5432,,,,,,2.0,Not Found
b50e5e34e830727fa4c146721d6f5c0b,tennis_atp_canadian_open,ATP Canadian Open,2026-08-06T16:30:00Z,2026-08-06T12:13:36Z,Juncheng Shang @ Luciano Darderi,Luciano Darderi,2.02,2.0,2.05,2.05,1.98,2.01,2.01,2.12,2.02,2.05,2.05,,2.12,,,2.02,2.11,2.05,2.0,2.05,2.05,2.1,2.01,2.01,2.0,,2.02,,2.0,1.99,,,0.4728,0.4753,0.4722,0.4692,0.4747,0.4725,0.4725,0.4699,0.4713,0.4614,0.4614,,0.4685,,,0.4816,0.4667,0.4722,0.4722,0.4614,0.4614,0.4721,0.4755,0.4755,0.4768,,0.4743,,0.4722,0.475,,,2026-08-06,1.9,,0.4854,,1.98,2.0,0.4747,0.4768,2.0,,0.461,,,,,,2.0,Not Found
7ccb6905d278343fbef656a8d2664d89,baseball_mlb,MLB,2026-08-06T23:41:00Z,2026-08-07T00:15:34Z,Minnesota Twins @ Kansas City Royals,Kansas City Royals,2.05,2.0,2.05,2.02,1.95,1.84,1.91,2.1,2.06,2.04,1.88,1.81,1.85,2.08,2.17,2.03,2.08,2.05,1.95,2.04,1.89,2.08,,,1.91,,,,,,,,0.4707,0.4488,0.4598,0.4602,0.4861,0.5058,0.4855,0.4619,0.4695,0.4626,0.4866,0.5335,0.4829,0.4758,0.4601,0.467,0.4701,0.4582,0.4674,0.4626,0.4883,0.473,,,0.4886,,,,,,,,2026-08-06,1.9,,0.4854,,,,,,,,,,2.1,0.444,Polymarket,2.08,2.0,Not Found
84285cd388bb691b4e3cb4090531f1fa,americanfootball_cfl,CFL,2026-08-06T23:40:00Z,2026-08-07T00:15:34Z,Calgary Stampeders @ Toronto Argonauts,Toronto Argonauts,1.68,,,,1.5,1.6,1.48,1.63,1.53,1.66,1.6,,,,,,,1.58,,1.66,,,,,1.53,,,,,,,,0.564,,,,0.6333,0.5951,0.6455,0.6001,0.6227,0.5739,0.5789,,,,,,,0.5981,,0.5739,,,,,0.6227,,,,,,,,2026-08-06,,,,,,,,,,,,,,,,,2.0,Not Found
ea84587619219eda157528a5519fdb38,baseball_mlb,MLB,2026-08-06T23:11:00Z,2026-08-07T03:19:48Z,Chicago White Sox @ Boston Red Sox,Chicago White Sox,1.69,1.68,1.76,1.73,1.45,1.74,1.67,1.01,1.78,1.72,1.67,1.61,,1.85,1.85,1.64,1.79,1.75,,1.72,1.68,1.85,,,1.61,,,,,,,,0.5785,0.5425,0.5402,0.539,0.6596,0.5374,0.5613,,0.5296,0.5526,0.5519,0.5903,,0.5355,0.5355,0.5846,0.5389,0.5418,,0.5526,0.5537,0.5322,,,0.5883,,,,,,,,2026-08-06,1.55,,0.6004,,,,,,,,,,,,Polymarket,1.85,2.0,Not Found
bd9c3512f245893fddbc254cb8802ee2,rugbyleague_nrl,NRL,2026-08-07T08:00:00Z,2026-08-07T06:17:55Z,Penrith Panthers @ New Zealand Warriors,New Zealand Warriors,,2.4,2.45,,,2.35,2.35,,,2.32,2.32,2.31,,,,,,,,2.32,2.3,,2.25,,,,,,,2.36,,,,0.378,0.3723,,,0.3971,0.3971,,,,,,,,,,,,,,,,,,,,,,,0.3954,,,2026-08-07,2.3,,0.3982,,2.4,,0.3771,,,,,,,,,,3.0,Not Found
ef68be6b03e8427fe022f66c2b37c463,baseball_npb,NPB,2026-08-07T09:00:00Z,2026-08-07T06:17:55Z,Fukuoka SoftBank Hawks @ Saitama Seibu Lions,Saitama Seibu Lions,2.28,,,2.13,2.25,2.25,2.25,,2.25,2.2,2.2,2.3,,,,,,2.27,2.2,,2.2,,2.35,2.35,2.2,2.15,2.26,,2.28,,,,0.4125,,,0.4183,0.4117,0.4192,0.4192,,0.4192,0.4261,0.4261,0.4198,,,,,,0.4154,0.4167,,0.4261,,0.4097,0.4097,0.4242,0.4367,0.4254,,0.4181,,,,2026-08-07,2.25,,0.4038,,2.15,,0.4161,,2.2,,0.4261,,2.23,0.4175,,,2.0,Not Found
ff0f9d72903d8470cd1e7453eb4140e7,baseball_npb,NPB,2026-08-07T09:00:00Z,2026-08-07T07:48:18Z,Tohoku Rakuten Golden Eagles @ Hokkaido Nippon-Ham Fighters,Tohoku Rakuten Golden Eagles,3.25,,,2.9,3.1,3.1,3.1,,3.15,3.1,3.1,3.25,,,,,,3.18,3.2,,3.1,,3.07,3.07,3.1,3.16,3.31,,3.3,,,,0.2807,,,0.2936,0.2909,0.299,0.299,,0.2938,0.2936,0.2936,0.2915,,,,,,0.2896,0.2803,,0.2936,,0.3057,0.3057,0.2909,0.2959,0.2834,,0.2811,,,,2026-08-07,3.2,,0.2716,,2.9,,0.2936,,3.1,,0.2936,,3.16,0.2851,,,2.0,Not Found
2c43773a854685c120234ebf2c54162b,aussierules_afl,AFL,2026-08-07T09:40:33Z,2026-08-07T07:48:18Z,Hawthorn Hawks @ Brisbane Lions,Hawthorn Hawks,,,,,,2.0,2.0,2.06,1.95,,,2.01,,,,,,2.02,,2.0,,,,,,2.02,,,,1.96,,,,,,,,0.4593,0.4593,0.4837,0.4832,,,0.4755,,,,,,0.4697,,0.4738,,,,,,0.4634,,,,0.4726,,,2026-08-07,1.95,,0.4707,,1.95,,0.4623,,,,,,,,,,2.0,Not Found
16d02c8462d8696d60e5c2470a30a95c,soccer_japan_j_league,J League,2026-08-07T10:30:00Z,2026-08-07T10:37:05Z,Urawa Red Diamonds @ Gamba Osaka,Gamba Osaka,2.35,2.2,2.25,2.25,2.25,,,2.08,2.35,,,2.39,2.34,,2.22,,,2.3,2.3,,,,2.4,2.4,2.3,,2.26,,2.38,2.32,,,0.4017,0.4076,0.4064,0.4101,0.3973,,,0.4528,0.4036,,,0.4058,0.4155,,0.4334,,,0.4094,0.3966,,,,0.4052,0.4052,0.4131,,0.425,,0.3902,0.407,,,2026-08-07,2.3,,0.4031,,2.2,2.4,0.4175,0.4052,,,,,,,,,3.0,Not Found
024cb3ba6a0bbbf93251f260f0e917c8,soccer_china_superleague,Super League - China,2026-08-07T11:35:00Z,2026-08-07T10:37:05Z,Shenzhen Peng City FC @ Beijing FC,Shenzhen Peng City FC,6.0,5.4,5.6,,,5.9,5.9,6.6,6.0,6.75,6.5,6.42,6.6,,6.67,6.28,,6.75,6.0,6.75,6.75,,6.2,6.2,6.0,6.2,6.71,,6.0,6.5,,,0.137,0.1458,0.1463,,,0.1429,0.1429,0.1459,0.1447,0.1225,0.1206,0.1412,0.1459,,0.1434,0.1427,,0.1273,0.1339,0.1225,0.1225,,0.1411,0.1411,0.1433,0.1411,0.1329,,0.1339,0.1274,,,2026-08-07,6.0,5.8,0.1369,0.1409,5.8,,0.1375,,,,,,,,,,3.0,Not Found
d13c42c72a41e1837707761aa78dc879,tennis_atp_canadian_open,ATP Canadian Open,2026-08-07T16:30:00Z,2026-08-07T10:37:05Z,Alex Michelsen @ Daniel Merida Aguilar,Alex Michelsen,1.35,1.35,1.35,1.36,1.36,1.35,1.35,1.37,1.38,1.35,1.35,1.37,1.37,,,1.38,1.38,1.37,1.36,1.35,1.35,1.37,1.36,1.36,1.36,1.36,1.37,,1.36,1.35,,,0.7189,0.7189,0.7233,0.7138,0.7064,0.7141,0.7141,0.7261,0.6984,0.7141,0.7141,0.7175,0.7261,,,0.7005,0.7148,0.7157,0.7064,0.7141,0.7141,0.7221,0.7143,0.7143,0.7114,0.7119,0.7097,,0.7064,0.7131,,,2026-08-07,1.3,,0.7284,,1.35,1.36,0.7141,0.7069,1.33,,0.7146,,,,,,2.0,Not Found
0b3dd009fc9f5bbb0f9a4466558b1edc,soccer_japan_j_league,J League,2026-08-07T10:25:00Z,2026-08-07T11:29:57Z,Kashima Antlers @ Yokohama F Marinos,Yokohama F Marinos,1.56,1.54,1.56,1.55,1.54,,,1.69,1.61,,,1.62,1.7,,,,,1.6,1.6,,,,,,1.61,,,,,,,,0.615,0.6041,0.6056,0.6074,0.6054,,,0.5876,0.6003,,,0.5958,0.5853,,,,,0.6007,0.5919,,,,,,0.5981,,,,,,,,2026-08-07,1.5,,0.6339,,,,,,,,,,,,,,3.0,Not Found
be07dd0c55e0130bb6311ab3246f845d,soccer_finland_veikkausliiga,Veikkausliiga - Finland,2026-08-07T16:00:00Z,2026-08-07T11:29:57Z,IF Gnistan @ SJK Seinäjoki,SJK Seinäjoki,1.95,,,,2.0,2.02,2.02,2.08,2.0,2.06,2.05,2.06,2.08,,,2.06,,2.1,,2.06,2.05,,2.01,2.01,2.0,1.95,2.02,,2.0,2.0,,,0.4841,,,,0.4756,0.4707,0.4707,0.4766,0.4806,0.4568,0.4571,0.4737,0.4766,,,0.4611,,0.4622,,0.4568,0.4571,,0.4859,0.4859,0.4783,0.4841,0.4724,,0.4715,0.4761,,,2026-08-07,1.95,,0.4841,,1.9,2.01,,0.4859,1.96,,0.4639,,,,,,3.0,Not Found
9ae3854f2706f8ae4fbd0afb9aa769be,cricket_odi,One Day Internationals,2026-08-07T10:52:00Z,2026-08-07T12:24:45Z,Afghanistan @ Ireland,Ireland,,,,,,,,5.0,4.1,4.8,4.2,,,,,,,,,,,,,,,,,,3.1,,,,,,,,,,,0.1968,0.2187,0.1768,0.1953,,,,,,,,,,,,,,,,,,0.2936,,,,2026-08-07,,,,,,,,,,,,,,,,,2.0,Not Found
0ece4b91a52112f3fe24cd73b018a6cd,tennis_wta_canadian_open,WTA Canadian Open,2026-08-07T15:00:00Z,2026-08-07T12:24:45Z,Alina Korneeva @ Iva Jović,Alina Korneeva,2.7,2.65,2.7,2.6,2.6,2.61,2.61,2.8,2.8,2.55,2.55,2.74,2.8,,,2.67,2.78,2.7,2.6,2.55,2.55,2.82,2.72,2.72,2.7,2.65,2.67,,2.6,2.64,,,0.3473,0.3531,0.3519,0.3634,0.3545,0.3514,0.3514,0.3539,0.3313,0.3627,0.3627,0.3535,0.3539,,,0.3494,0.3465,0.3562,0.359,0.3627,0.3627,0.3505,0.3527,0.3527,0.3473,0.3553,0.3539,,0.359,0.3516,,,2026-08-07,2.7,,0.328,,2.6,2.7,0.3545,0.3473,2.48,,0.366,,,,,,2.0,Not Found
e09933f2f3610b990379640f0a6b0649,soccer_germany_liga3,3. Liga - Germany,2026-08-07T17:00:00Z,2026-08-07T13:48:58Z,Fortuna Düsseldorf @ Waldhof Mannheim,Waldhof Mannheim,,,3.2,,,3.0,3.0,3.35,,2.85,2.85,3.26,,,,,,3.0,2.9,2.85,,,3.25,3.25,2.95,,,,,,,,,,0.294,,,0.3039,0.3039,0.2935,,0.3162,0.3162,0.29,,,,,,0.3057,0.3035,0.3162,,,0.2858,0.2858,0.3015,,,,,,,,2026-08-07,3.3,3.0,0.2802,0.3032,,,,,,3.12,,0.2876,,,,,3.0,Not Found
539f09231b7cce37960a5e7cb4520798,soccer_sweden_superettan,Superettan - Sweden,2026-08-07T17:00:00Z,2026-08-07T14:42:26Z,GIF Sundsvall @ Östersunds FK,GIF Sundsvall,8.0,,,,6.25,6.9,6.7,8.4,7.0,6.5,6.5,7.92,8.8,,,,,7.7,7.0,6.1,6.0,,7.2,7.2,6.25,7.2,7.04,,7.0,7.0,,,0.0975,,,,0.1272,0.1236,0.1263,0.115,0.1213,0.1285,0.1285,0.109,0.1129,,,,,0.1135,0.105,0.1282,0.1267,,0.1153,0.1153,0.1272,0.1153,0.1174,,0.105,0.1163,,,2026-08-07,7.5,,0.0975,,,7.2,,0.1153,,,,,,,,,3.0,Not Found
7dfb30db1e0d18adef07c0d5190af58c,soccer_norway_eliteserien,Eliteserien - Norway,2026-08-07T17:00:00Z,2026-08-07T14:42:26Z,KFUM @ Sandefjord,Draw,3.7,3.55,3.65,3.63,3.6,3.55,3.55,3.9,3.7,3.6,3.6,3.77,3.9,,,3.69,,3.75,,3.6,3.6,,3.73,3.73,3.65,3.75,,,3.5,3.58,,,0.2516,0.2431,0.2414,0.249,0.2538,0.2622,0.2622,0.2539,0.2516,0.2541,0.2541,0.2539,0.2555,,,0.249,,0.2564,,0.2541,0.2541,,0.2562,0.2562,0.2527,0.2531,,,0.2548,0.2551,,,2026-08-07,3.6,3.5,0.2478,0.2531,3.55,3.73,0.2481,0.2562,3.3,,,,,,,,3.0,Not Found
f76af73d273ab4bc73d57587d5d6c7ff,soccer_denmark_superliga,Denmark Superliga,2026-08-07T17:00:00Z,2026-08-07T15:38:20Z,Viborg FF @ SonderjyskE,SonderjyskE,3.7,3.5,3.6,3.7,3.75,3.65,3.65,4.0,3.7,3.95,3.75,3.8,4.0,,,3.78,,3.85,3.6,3.95,3.9,,3.65,3.65,3.7,3.7,3.68,,3.6,3.7,,,0.245,0.2478,0.2469,0.2375,0.2435,0.2535,0.2535,0.2498,0.248,0.2283,0.2284,0.2511,0.2498,,,0.2478,,0.245,0.2479,0.2283,0.2272,,0.2535,0.2535,0.2397,0.245,0.249,,0.2479,0.246,,,2026-08-07,3.7,3.8,0.2406,0.2422,3.6,3.65,0.2346,0.2535,3.6,3.67,,0.2485,,,,,3.0,Not Found
2c3898d55ac2676ec57fcd3c3fcca66d,soccer_germany_bundesliga2,Bundesliga 2 - Germany,2026-08-07T18:30:00Z,2026-08-07T18:25:39Z,Hertha Berlin @ VfL Bochum,VfL Bochum,2.25,2.15,2.25,2.15,2.25,2.22,2.22,2.32,2.2,2.3,2.23,2.23,2.36,,2.27,,,2.25,2.2,2.3,2.23,,2.18,2.26,2.15,,2.14,,2.2,2.21,,,0.4241,0.4269,0.4246,0.4329,0.4214,0.4237,0.4237,0.4284,0.4353,0.411,0.4116,0.4337,0.4235,,0.4335,,,0.4259,0.4242,0.411,0.4116,,0.44,0.4245,0.4361,,0.4494,,0.4242,0.4282,,,2026-08-07,2.2,2.26,0.4342,0.422,2.1,,0.4444,,2.12,2.21,,0.4359,,,,,3.0,Not Found
8dd463c5b5c7d95aaae12049fa99e79f,soccer_league_of_ireland,League of Ireland,2026-08-07T18:45:00Z,2026-08-07T18:25:39Z,Drogheda United @ Galway United,Drogheda United,3.7,3.25,3.35,,3.4,3.45,3.45,4.0,3.65,3.45,3.4,3.94,4.0,,,,,3.6,,3.45,3.45,,3.8,3.8,3.5,3.8,3.72,,3.5,3.72,,,0.2427,0.2691,0.2662,,0.2626,0.2637,0.2637,0.2476,0.2547,0.2635,0.2607,0.2403,0.2476,,,,,0.2617,,0.2635,0.2604,,0.2412,0.2412,0.257,0.2412,0.2464,,0.254,0.2448,,,2026-08-07,3.7,,0.2416,,3.3,3.8,0.2578,0.2412,3.3,,0.2567,,,,,,3.0,Not Found
ddc9ec8922662892ff4bf1d2a68d711c,tennis_atp_canadian_open,ATP Canadian Open,2026-08-07T19:16:05Z,2026-08-07T20:09:17Z,Ben Shelton @ Zizou Bergs,Zizou Bergs,7.5,9.0,9.5,6.6,5.75,9.0,8.75,7.0,10.0,6.25,7.5,6.93,9.8,,,,10.0,6.75,9.0,6.25,7.5,9.3,,,6.5,,,,7.0,,,,0.108,0.0701,0.0719,0.1041,0.1405,0.0794,0.0854,0.1404,0.0783,0.1295,0.0859,0.1336,0.0965,,,,0.0955,0.1276,0.0794,0.1295,0.0994,0.0992,,,0.1305,,,,0.1085,,,,2026-08-07,7.5,,0.0905,,,,,,5.75,,0.1153,,,,,,2.0,Not Found
e80a3e8352f769ce9bd56f1cdb5193a8,tennis_wta_canadian_open,WTA Canadian Open,2026-08-07T21:00:00Z,2026-08-07T20:09:17Z,Naomi Osaka @ Elise Mertens,Elise Mertens,3.05,2.95,3.0,2.9,2.9,2.94,2.94,3.25,3.0,3.05,3.05,3.12,3.25,,,2.9,3.28,3.05,2.9,3.05,3.05,3.2,2.89,2.89,3.0,3.0,3.02,,2.9,2.98,,,0.3016,0.3174,0.3146,0.3203,0.3153,0.3077,0.3077,0.3042,0.307,0.3016,0.3016,0.3081,0.3042,,,0.3276,0.3003,0.3118,0.3153,0.3016,0.3016,0.3066,0.3258,0.3258,0.3095,0.3095,0.311,,0.3153,0.3081,,,2026-08-07,2.95,,0.2991,,3.0,3.0,0.3095,0.3095,2.95,,0.3018,,,,,,2.0,Not Found
b146f35226680b2fccf2116d2cea5a25,tennis_wta_canadian_open,WTA Canadian Open,2026-08-07T22:10:00Z,2026-08-07T20:09:17Z,Belinda Bencic @ Taylor Townsend,Taylor Townsend,3.5,3.45,3.5,3.5,3.25,3.35,3.35,3.55,3.05,3.4,3.4,3.55,3.55,,,3.21,3.39,3.5,3.3,3.4,3.4,3.5,3.45,3.45,3.4,3.35,3.32,,3.3,3.28,,,0.2582,0.2661,0.2669,0.2641,0.2779,0.2676,0.2676,0.2785,0.3016,0.2683,0.2683,0.2705,0.2785,,,0.2961,0.2878,0.2697,0.2756,0.2683,0.2683,0.2805,0.269,0.269,0.2711,0.2676,0.2802,,0.2756,0.2765,,,2026-08-07,3.4,,0.2534,,3.4,3.4,0.2683,0.2711,3.25,,0.2692,,,,,,2.0,Not Found
4d13cee224a182f9a26fb3495a4f9cf8,tennis_atp_canadian_open,ATP Canadian Open,2026-08-07T18:30:00Z,2026-08-07T20:58:02Z,Hubert Hurkacz @ Botic van de Zandschulp,Hubert Hurkacz,1.34,1.52,1.56,1.43,1.62,1.45,1.45,1.54,1.56,1.43,1.51,1.75,1.64,,,,1.61,1.5,1.4,1.43,1.43,1.66,,,1.31,,,,1.4,,,,0.7216,0.5909,0.5932,0.6439,0.5814,0.663,0.663,0.6231,0.6122,0.6678,0.6118,0.5521,0.6033,,,,0.6031,0.6447,0.6753,0.6678,0.6678,0.6012,,,0.7428,,,,0.6753,,,,2026-08-07,1.55,,0.6052,,,,,,1.49,,0.6114,,,,,,2.0,Not Found
fe01f0849f3af49029c2faf03f09bc62,soccer_portugal_primeira_liga,Primeira Liga - Portugal,2026-08-07T19:15:00Z,2026-08-07T20:58:02Z,Famalicão @ Estoril,Estoril,5.6,5.3,5.4,5.25,5.5,5.35,,6.6,5.5,7.0,6.75,4.59,6.8,,6.67,,,5.5,5.5,7.0,,,,,5.3,,,,,,,,0.1541,0.1494,0.151,0.1603,0.1507,0.1512,,0.1489,0.1595,0.1082,,0.1961,0.1331,,0.143,,,0.1595,0.1526,0.1082,,,,,0.1591,,,,,,,,2026-08-07,6.0,,0.1368,,,,,,6.75,,,,,,,,3.0,Not Found
d7a7ebf89a7fa7a9bb7675162f430ae9,tennis_atp_canadian_open,ATP Canadian Open,2026-08-07T22:00:00Z,2026-08-07T20:58:02Z,Jakub Mensik @ Terence Atmane,Jakub Mensik,1.44,1.47,1.48,1.49,1.45,1.47,1.47,1.5,1.45,1.5,1.5,1.49,1.51,,,1.42,1.52,1.49,1.5,1.5,1.5,1.51,1.5,1.5,1.47,1.47,1.5,,1.5,1.48,,,0.6712,0.6583,0.656,0.6504,0.6596,0.655,0.655,0.6633,0.663,0.6373,0.6373,0.6583,0.6611,,,0.6703,0.6541,0.657,0.641,0.6373,0.6373,0.6587,0.6509,0.6509,0.6583,0.6583,0.6461,,0.641,0.6484,,,2026-08-07,1.4,,0.672,,1.5,1.47,0.6481,0.6583,1.49,,0.634,,,,,,2.0,Not Found
64dc71b076a91b092e020c76ad1033bf,soccer_argentina_primera_division,Primera División - Argentina,2026-08-07T22:30:00Z,2026-08-07T22:22:21Z,Aldosivi Mar del Plata @ Rosario Central,Draw,3.7,3.65,3.75,3.55,3.75,3.7,3.7,3.95,3.7,3.85,3.45,3.77,,,4.17,,,,,,3.65,,3.8,3.8,3.75,,3.69,,,3.64,,,0.2451,0.2352,0.2341,0.2423,0.2413,0.2542,0.2542,0.2499,0.2522,0.2451,0.2425,0.2525,,,0.2328,,,,,,0.2448,,0.2518,0.2518,0.2434,,0.2535,,,0.2507,,,2026-08-07,,3.8,,0.2433,3.65,,0.234,,,,,,,,,,3.0,Not Found
19f38817b4595a67366159a1ef5433be,basketball_wnba,WNBA,2026-08-07T23:33:00Z,2026-08-07T23:43:27Z,Phoenix Mercury @ Connecticut Sun,Connecticut Sun,3.85,,,,3.75,3.95,3.95,3.85,4.1,4.8,5.0,2.79,4.5,5.0,4.76,4.0,4.88,4.05,4.2,4.75,4.7,4.8,2.92,2.92,2.85,2.8,,,,,,,0.2299,,,,0.2333,0.2099,0.2099,0.2453,0.2121,0.1804,0.1495,0.3391,0.2046,0.1935,0.205,0.2185,0.196,0.2068,0.2092,0.1815,0.1716,0.1943,0.3216,0.3216,0.3282,0.3337,,,,,,,2026-08-07,,,,,,2.85,,0.3282,4.7,,0.1559,,3.1,0.2909,Polymarket,5.0,2.0,Not Found
81e8bc3d9f4b5ffab9f429df283e5a86,soccer_brazil_serie_b,Brazil Série B,2026-08-07T22:30:00Z,2026-08-07T23:43:27Z,São Bernardo @ Operario PR,Operario PR,5.2,,,,4.8,5.8,5.8,6.0,5.5,6.0,5.6,5.57,6.2,,,,,5.5,5.0,5.6,,,,,5.35,,,,,,,,0.168,,,,0.1695,0.1406,0.1406,0.1638,0.1594,0.1402,0.1311,0.1575,0.1597,,,,,0.1508,0.1595,0.1342,,,,,0.1585,,,,,,,,2026-08-07,4.7,,0.1805,,,,,,,,,,,,,,3.0,Not Found
eae6459a2c903d0795cf480c46295089,tennis_atp_canadian_open,ATP Canadian Open,2026-08-08T00:00:00Z,2026-08-07T23:43:27Z,Thiago Agustin Tirante @ Alexei Popyrin,Thiago Agustin Tirante,2.14,2.1,2.1,2.1,2.1,2.11,2.11,2.22,2.1,2.1,2.1,2.18,2.22,,,2.14,2.25,2.15,2.1,2.1,2.1,2.2,2.18,2.18,2.1,2.1,2.14,,2.1,2.11,,,0.4429,0.454,0.454,0.4524,0.4422,0.4496,0.4496,0.449,0.4457,0.4491,0.4491,0.4453,0.449,,,0.4543,0.4429,0.4501,0.4491,0.4491,0.4491,0.4495,0.4387,0.4387,0.4556,0.4457,0.4463,,0.4491,0.4463,,,2026-08-08,1.95,,0.4707,,2.1,2.0,0.4507,0.4675,2.06,,0.4486,,,,,,2.0,Not Found
5c4bef98be73bcc77b30b2af7b0aad13,baseball_mlb,MLB,2026-08-08T00:16:00Z,2026-08-08T00:33:04Z,Baltimore Orioles @ Texas Rangers,Baltimore Orioles,2.35,2.2,2.3,2.1,2.35,2.19,2.09,2.28,2.27,2.33,2.3,2.36,2.14,2.5,2.38,2.36,2.47,2.3,2.15,2.4,2.33,2.46,,,2.35,2.26,,,2.2,,,,0.4097,0.4026,0.4049,0.4351,0.3983,0.4178,0.4416,0.4107,0.4226,0.4021,0.3863,0.4013,0.4152,0.3951,0.4142,0.3994,0.3994,0.4144,0.422,0.3878,0.3878,0.3984,,,0.3943,0.4288,,,0.4279,,,,2026-08-08,2.4,,0.375,,,,,,,,,,2.3,0.4049,Polymarket,2.5,2.0,Not Found
cd7a442939785b6d6b84212d352d5f62,baseball_mlb,MLB,2026-08-07T23:11:00Z,2026-08-08T00:33:04Z,Los Angeles Angels @ Miami Marlins,Miami Marlins,1.83,1.66,1.72,1.83,1.8,1.68,1.84,1.77,1.77,1.81,1.72,1.87,1.67,1.79,1.79,1.66,1.75,1.75,1.73,1.77,1.74,1.77,,,1.65,,,,,,,,0.5293,0.5512,0.5526,0.5058,0.5278,0.5584,0.5058,0.5421,0.5477,0.5224,0.5369,0.5096,0.5519,0.5541,0.5541,0.578,0.5635,0.5418,0.5326,0.5386,0.5374,0.5521,,,0.5758,,,,,,,,2026-08-07,1.55,,0.6004,,,,,,,,,,1.7,0.556,Polymarket,1.79,2.0,Not Found
d428de1f0d7388fe93ce5523e1d7c83c,soccer_concacaf_leagues_cup,Leagues Cup,2026-08-08T00:27:00Z,2026-08-08T00:33:04Z,Pumas @ FC Cincinnati,FC Cincinnati,1.87,1.74,1.78,,1.8,1.82,1.82,1.85,1.91,1.93,1.87,,,,,,,1.85,1.75,1.93,1.88,,1.87,1.87,1.8,,1.78,,1.8,,,,0.5105,0.5299,0.5276,,0.5168,0.5161,0.5161,0.5363,0.5038,0.4885,0.4939,,,,,,,0.5123,0.5232,0.4912,0.4949,,0.5182,0.5182,0.5315,,0.5434,,0.515,,,,2026-08-08,,,,,,,,,1.83,,0.4975,,,,,,3.0,Not Found
94c385fc8ae7eb306504e603120d1870,baseball_milb,MiLB,2026-08-08T00:35:00Z,2026-08-08T00:33:04Z,Oklahoma City Comets @ Salt Lake Bees,Salt Lake Bees,2.1,,,,,,,,,,,,,,,,,,,,2.0,,2.09,,2.1,,,,2.05,,,,0.4457,,,,,,,,,,,,,,,,,,,,0.4626,,0.4468,,0.4422,,,,0.4498,,,,2026-08-08,,,,,,,,,,,,,,,,,2.0,Not Found
172896c446374bbfc3ef6b2d3edeb595,baseball_mlb,MLB,2026-08-08T01:41:00Z,2026-08-08T02:32:18Z,Los Angeles Dodgers @ Arizona Diamondbacks,Los Angeles Dodgers,2.2,2.05,2.1,2.05,2.05,2.14,2.1,2.2,2.02,2.17,2.1,1.93,1.98,2.22,2.17,2.24,2.17,2.05,1.95,2.17,2.12,2.2,,,2.2,,,,,,,,0.4399,0.439,0.4474,0.4498,0.4565,0.4288,0.4387,0.4448,0.4773,0.4328,0.4313,0.4931,0.4476,0.4459,0.4601,0.422,0.4479,0.4582,0.4674,0.4328,0.4328,0.4448,,,0.4242,,,,,,,,2026-08-08,2.2,,0.4148,,,,,,,,,,2.05,0.4582,Polymarket,2.22,2.0,Not Found
1abfa68590506baafec863ada56d863d,basketball_wnba,WNBA,2026-08-08T01:41:00Z,2026-08-08T02:32:18Z,Golden State Valkyries @ Dallas Wings,Golden State Valkyries,1.34,,,,1.31,1.4,1.4,1.4,1.38,1.28,1.24,1.38,1.36,1.41,1.41,1.28,1.41,1.27,1.29,1.28,1.25,1.4,,,1.3,,,,,,,,0.7169,,,,0.7346,0.672,0.672,0.7033,0.6928,0.7498,0.7583,0.6905,0.7268,0.7045,0.7045,0.7498,0.6998,0.7444,0.7487,0.7498,0.7571,0.7079,,,0.7354,,,,,,,,2026-08-08,,,,,,,,,1.22,,0.7628,,1.45,0.6596,Polymarket,1.41,2.0,Not Found
5fad7bb8baaba2fe466e4c6ce84f2a76,baseball_mlb,MLB,2026-08-08T01:46:00Z,2026-08-08T02:32:18Z,Tampa Bay Rays @ Seattle Mariners,Tampa Bay Rays,1.38,1.29,1.34,1.32,1.36,1.37,1.37,1.38,1.36,1.32,1.25,1.61,1.26,1.32,1.35,,1.27,1.35,1.36,1.28,1.3,1.31,,,1.32,,,,,,,,0.7108,0.7361,0.7193,0.7175,0.7064,0.6925,0.6925,0.7215,0.7184,0.7295,0.7529,0.5969,0.7381,0.7538,0.7352,,0.7563,0.7165,0.694,0.7517,0.7284,0.7535,,,0.7249,,,,,,,,2026-08-08,1.25,,0.7571,,,,,,,,,,1.35,0.7141,Polymarket,1.32,2.0,Not Found
394b70b2b5f51b7e16f580e390e3cf0e,tennis_atp_canadian_open,ATP Canadian Open,2026-08-08T01:26:20Z,2026-08-08T02:32:18Z,Tommy Paul @ Learner Tien,Tommy Paul,8.0,6.5,8.0,6.75,10.0,6.75,7.75,12.0,7.5,8.5,8.5,9.66,8.6,,,,10.0,7.25,7.5,8.5,8.5,7.9,,,11.0,,,,7.5,,,,0.0995,0.1052,0.0863,0.1024,0.0646,0.1195,0.0972,0.0787,0.1121,0.0871,0.0734,0.0972,0.0994,,,,0.0783,0.1144,0.095,0.0871,0.0871,0.1046,,,0.0693,,,,0.0994,,,,2026-08-08,7.0,,0.0997,,,,,,8.0,,0.0675,,,,,,2.0,Not Found
4e0324c1c4c0094d3e35c659440c910a,rugbyleague_nrl,NRL,2026-08-08T05:00:00Z,2026-08-08T04:53:36Z,Manly Warringah Sea Eagles @ Melbourne Storm,Manly Warringah Sea Eagles,,1.66,1.68,,,1.78,1.78,,,1.71,1.71,1.74,,,,,,,,1.71,1.71,,1.77,,,,,,,1.69,,,,0.5632,0.5592,,,0.5343,0.5343,,,,,,,,,,,,,,,,,,,,,,,0.5638,,,2026-08-08,1.65,,0.5692,,1.66,,0.5624,,,,,,,,,,3.0,Not Found
6dce80237d59afc2f0575239e29f51d2,aussierules_afl,AFL,2026-08-08T06:15:04Z,2026-08-08T04:53:36Z,Port Adelaide Power @ Sydney Swans,Port Adelaide Power,,,,,,6.5,6.5,11.5,9.0,,,8.09,,,,,,9.5,,9.0,,,,,,,,,,9.5,,,,,,,,0.1007,0.1007,0.0848,0.0839,,,0.0945,,,,,,0.0809,,0.0839,,,,,,,,,,0.0672,,,2026-08-08,8.0,,0.0863,,6.6,,0.0996,,,,,,,,,,2.0,Not Found
60a08646c58aac229d3209553d48c14e,baseball_npb,NPB,2026-08-08T09:00:00Z,2026-08-08T06:24:44Z,Chunichi Dragons @ Hanshin Tigers,Hanshin Tigers,1.7,,,1.64,1.69,1.7,1.7,,1.71,1.74,1.74,1.73,,,,,,1.71,1.67,,1.74,,1.75,1.75,1.67,1.73,1.78,,1.71,,,,0.5626,,,0.5586,0.5578,0.5616,0.5616,,0.5598,0.5458,0.5458,0.5628,,,,,,0.5598,0.5613,,0.5458,,0.551,0.551,0.5668,0.5475,0.5428,,0.5641,,,,2026-08-08,1.62,,0.5761,,1.64,,0.561,,1.74,,0.5458,,1.7,0.5583,,,2.0,Not Found
bcdd01db51df245c160b653fdc0baa4c,rugbyleague_nrl,NRL,2026-08-08T07:30:00Z,2026-08-08T07:28:37Z,Brisbane Broncos @ Dolphins,Dolphins,,1.33,1.33,,,1.35,1.35,,,1.35,1.35,1.36,,,,,,,,1.35,1.35,,1.38,,,,,,,1.37,,,,0.7132,0.7149,,,0.7106,0.7106,,,,,,,,,,,,,,,,,,,,,,,0.7013,,,2026-08-08,1.4,,0.6771,,1.33,,0.7119,,,,,,,,,,3.0,Not Found
dfa49abe7140f55a65eb3d11441c6e5b,baseball_npb,NPB,2026-08-08T09:00:00Z,2026-08-08T07:28:37Z,Fukuoka SoftBank Hawks @ Saitama Seibu Lions,Saitama Seibu Lions,2.06,,,1.95,1.98,2.05,2.05,,2.05,2.0,2.0,2.08,,,,,,2.08,2.0,,2.0,,2.1,2.1,2.0,1.93,2.06,,2.08,,,,0.4602,,,0.4623,0.4747,0.463,0.463,,0.4614,0.4707,0.4707,0.4672,,,,,,0.4563,0.461,,0.4707,,0.4556,0.4556,0.4675,0.4843,0.4665,,0.4595,,,,2026-08-08,2.05,,0.4498,,1.95,,0.4623,,2.0,,0.4707,,2.03,0.4622,,,2.0,Not Found
2482986f3b65acd144b21b5de2cd25a6,baseball_npb,NPB,2026-08-08T09:00:00Z,2026-08-08T08:58:27Z,Hiroshima Toyo Carp @ Yokohama DeNA BayStars,Hiroshima Toyo Carp,2.54,,,2.28,2.6,2.4,2.4,,2.4,2.28,2.28,2.64,,,,,,2.45,2.38,,2.28,,2.61,2.61,2.55,2.57,2.57,,2.58,,,,0.3679,,,0.3745,0.359,0.3919,0.3919,,0.3899,0.4087,0.4087,0.3626,,,,,,0.3836,0.3833,,0.4087,,0.3669,0.3669,0.3605,0.3678,0.3699,,0.367,,,,2026-08-08,2.5,,0.3599,,2.35,,0.3726,,2.28,,0.4087,,2.49,0.3719,,,2.0,Not Found
76a86953955b35a31f030b6d7c32d380,aussierules_afl,AFL,2026-08-08T09:35:43Z,2026-08-08T08:58:27Z,Richmond Tigers @ Adelaide Crows,Adelaide Crows,,,,,,1.02,1.02,1.03,1.02,,,1.02,,,,,,1.02,,1.02,,,,,,,,,,,,,,,,,,0.9277,0.9277,0.9688,0.9545,,,0.9614,,,,,,0.9557,,0.9502,,,,,,,,,,,,,2026-08-08,1.02,,0.9402,,1.02,,0.9307,,,,,,,,,,2.0,Not Found
45cf112354f35921b46df22cf1d2033f,baseball_npb,NPB,2026-08-08T09:00:32Z,2026-08-08T09:49:23Z,Orix Buffaloes @ Chiba Lotte Marines,Orix Buffaloes,11.0,,,6.75,8.5,7.75,7.75,,9.0,6.75,,4.99,,,,,,7.25,8.0,,6.75,,,,9.0,,,,2.08,,,,0.06,,,0.0886,0.0781,0.0972,0.0972,,0.0748,0.1024,,0.1692,,,,,,0.0973,0.0908,,0.0886,,,,0.0839,,,,0.4595,,,,2026-08-08,8.5,,0.0734,,,,,,5.8,,,,7.5,0.095,,,2.0,Not Found
4cd97b995b5bb8e184cfceb027d87ba3,soccer_japan_j_league,J League,2026-08-08T10:15:00Z,2026-08-08T09:49:23Z,JEF United Chiba @ Hiroshima Sanfrecce FC,Hiroshima Sanfrecce FC,1.31,1.33,1.35,1.33,,1.35,1.35,1.4,1.37,,,1.38,1.4,,1.37,,,1.4,1.36,,,,,,,,,,1.36,,,,0.7339,0.7103,0.7079,0.7184,,0.714,0.714,0.7121,0.7116,,,0.7097,0.7133,,0.7233,,,0.6977,0.7018,,,,,,,,,,0.7018,,,,2026-08-08,1.33,,0.7224,,1.31,,0.7264,,,,,,,,,,3.0,Not Found
7ea4ab0462154eb9b170e062a196b592,soccer_japan_j_league,J League,2026-08-08T10:00:00Z,2026-08-08T10:16:44Z,Fagiano Okayama @ Cerezo Osaka,Fagiano Okayama,1.83,1.72,1.76,1.81,1.77,1.78,1.78,1.93,1.87,,,,1.9,,1.92,,,1.8,1.85,,,,,,1.9,,,,3.2,,,,0.5211,0.5357,0.5331,0.5214,0.5189,0.5311,0.5311,0.5141,0.5107,,,,0.5215,,0.5206,,,0.5327,0.5059,,,,,,0.5083,,,,0.2819,,,,2026-08-08,1.8,,0.5223,,,,,,,,,,,,,,3.0,Not Found
af81867221feb2c31047d6cd3cb0eaad,soccer_japan_j_league,J League,2026-08-08T10:00:00Z,2026-08-08T10:16:44Z,Mito HollyHock @ Kashiwa Reysol,Draw,6.0,5.1,5.4,5.4,5.25,5.35,5.35,6.2,5.5,,,5.39,6.4,,6.25,,,5.5,6.0,,,,,,5.5,,,,3.8,,,,0.1389,0.1603,0.1507,0.148,0.1568,0.1552,0.1552,0.1575,0.158,,,0.1616,0.1549,,0.1563,,,0.1576,0.1363,,,,,,0.1601,,,,0.2331,,,,2026-08-08,6.0,,0.1342,,,,,,,,,,,,,,3.0,Not Found
e1b1e038d38d7e826436b59a1e8996e0,soccer_germany_bundesliga2,Bundesliga 2 - Germany,2026-08-08T11:00:00Z,2026-08-08T10:16:44Z,Eintracht Braunschweig @ 1. FC Magdeburg,Draw,4.0,3.75,4.0,3.88,3.9,3.8,3.8,4.1,3.9,3.85,3.7,3.95,4.1,,4.17,,,4.0,3.7,3.85,3.7,,4.0,3.85,3.8,,3.84,,3.7,3.82,,,0.227,0.227,0.2287,0.2322,0.2357,0.2361,0.2361,0.2388,0.2369,0.2361,0.2345,0.2381,0.2398,,0.237,,,0.2316,0.2415,0.2361,0.2345,,0.2304,0.2403,0.2328,,0.2378,,0.2415,0.2383,,,2026-08-08,4.1,3.9,0.2239,0.2369,3.6,,0.2317,,3.5,3.84,,0.2368,,,,,3.0,Not Found
782a529d8ca743b9ffa1f19117a19f2b,soccer_korea_kleague1,K League 1,2026-08-08T11:00:00Z,2026-08-08T10:16:44Z,Gwangju FC @ Bucheon FC 1995,Bucheon FC 1995,,1.78,1.8,1.8,1.83,1.82,1.82,1.94,1.83,1.77,1.8,1.88,1.94,,1.89,,,1.83,,1.77,1.76,,1.86,1.86,1.81,,1.84,,1.85,1.82,,,,0.5224,0.5214,0.5227,0.5209,0.5188,0.5188,0.5123,0.5257,0.5275,0.5238,0.5202,0.5137,,0.5194,,,0.5255,,0.5275,0.5288,,0.5198,0.5198,0.5242,,0.5211,,0.5104,0.5254,,,2026-08-08,1.8,,0.5271,,1.76,,0.5304,,1.74,,0.5305,,,,,,3.0,Not Found
893e0dc045776057a6fe7cd144f8f476,soccer_germany_bundesliga2,Bundesliga 2 - Germany,2026-08-08T11:00:00Z,2026-08-08T11:28:56Z,VfL Osnabrück @ 1. FC Heidenheim,1. FC Heidenheim,1.8,1.66,1.72,1.6,1.8,1.65,1.68,1.78,1.71,1.66,1.56,1.69,1.81,,1.79,,,1.73,1.73,1.66,,,,,1.7,,,,,,,,0.5332,0.5566,0.5443,0.5842,0.5237,0.5736,0.5631,0.5595,0.5614,0.5673,,0.5664,0.5498,,0.5523,,,0.5557,0.5436,0.5673,,,,,0.5594,,,,,,,,2026-08-08,1.65,,0.5787,,,,,,1.51,1.7,,0.5608,,,,,3.0,Not Found
aa6f2c2a9a1b8b05f7564104675e3884,soccer_korea_kleague1,K League 1,2026-08-08T11:00:00Z,2026-08-08T11:28:56Z,FC Seoul @ Sangju Sangmu FC,Draw,,2.65,2.75,2.85,2.75,2.78,2.78,2.98,2.85,2.88,2.75,2.91,3.0,,3.23,,,2.88,,2.88,,,,,2.93,,,,,,,,,0.3292,0.3267,0.3147,0.3197,0.3264,0.327,0.3187,0.3274,0.3109,,0.3244,0.3273,,0.2895,,,0.3214,,0.3109,,,,,0.312,,,,,,,,2026-08-08,2.9,,0.3119,,,,,,2.7,,,,,,,,3.0,Not Found
a54ce42e7548c559b52477629388c2f8,soccer_germany_bundesliga2,Bundesliga 2 - Germany,2026-08-08T11:00:00Z,2026-08-08T11:28:56Z,Holstein Kiel @ SV Darmstadt 98,SV Darmstadt 98,4.4,3.75,3.75,3.6,4.2,3.9,3.9,4.1,3.9,3.75,3.55,4.15,4.1,,4.0,,,4.0,3.9,3.75,,,,,3.95,,,,,,,,0.2039,0.2207,0.2324,0.2383,0.2057,0.2261,0.2259,0.2395,0.2308,0.2314,,0.2178,0.2395,,0.2468,,,0.2272,0.221,0.2314,,,,,0.2251,,,,,,,,2026-08-08,3.6,,0.2506,,,,,,3.5,3.75,,0.2391,,,,,3.0,Not Found
453ed6b200e1432c820826dbc336785a,soccer_china_superleague,Super League - China,2026-08-08T11:35:00Z,2026-08-08T11:28:56Z,Wuhan Three Towns @ Zhejiang,Wuhan Three Towns,4.4,,,,,,,4.4,,4.35,4.3,4.36,,,4.55,,,,4.0,4.35,4.35,,,,,,4.28,,4.0,4.2,,,0.2015,,,,,,,0.2203,,0.2027,0.2,0.2155,,,0.2127,,,,0.2185,0.2027,0.2027,,,,,,0.2111,,0.2185,0.2119,,,2026-08-08,4.3,,0.2043,,,,,,,,,,,,,,3.0,Not Found
731a88d6cc5e6ff04471830eb24644db,soccer_sweden_superettan,Superettan - Sweden,2026-08-08T13:01:00Z,2026-08-08T13:06:12Z,Landskrona BoIS @ Östers IF,Östers IF,2.45,,,,2.35,2.45,2.4,2.62,2.5,2.48,2.33,2.51,2.7,,,,,2.4,2.3,2.48,,,2.46,2.46,2.5,2.4,2.39,,2.38,2.43,,,0.387,,,,0.3856,0.3741,0.3825,0.3808,0.3778,0.3695,,0.3827,0.3656,,,,,0.3903,0.3888,0.3695,,,0.3851,0.3851,0.3829,0.3865,0.3949,,0.3791,0.3854,,,2026-08-08,2.55,,0.3573,,,2.46,,0.3851,,,,,,,,,3.0,Not Found
13943c565ad717abd66c440d901d859d,soccer_germany_liga3,3. Liga - Germany,2026-08-08T12:03:35Z,2026-08-08T13:54:31Z,FC Würzburger Kickers @ FC Ingolstadt 04,Draw,,,1.18,,,1.16,1.16,1.24,,1.07,1.04,1.51,,,,,,1.16,1.2,1.07,,,,,1.22,,,,,,,,,,0.8189,,,0.8211,0.8211,0.7989,,0.9023,0.9172,0.6406,,,,,,0.8326,0.7959,0.9023,,,,,0.7935,,,,,,,,2026-08-08,1.07,,0.9052,,,,,,,1.2,,0.7941,,,,,3.0,Not Found
657b1b1e22ed6aa2bbe93c0235e390eb,soccer_england_efl_cup,EFL Cup,2026-08-08T14:00:00Z,2026-08-08T13:54:31Z,Blackburn Rovers @ Burton Albion,Blackburn Rovers,1.87,1.86,1.88,,1.95,1.92,1.92,1.95,,1.89,1.89,1.9,1.97,,,,,1.95,1.91,1.89,1.89,,1.91,1.91,1.95,,1.92,,1.91,1.89,,,0.5113,0.4982,0.4998,,0.4938,0.4936,0.4936,0.5075,,0.5007,0.5007,0.509,0.5054,,,,,0.4906,0.4927,0.5007,0.5007,,0.4891,0.4891,0.4816,,0.4981,,0.4927,0.5048,,,2026-08-08,1.83,,0.5173,,,,,,1.82,,0.5062,,,,,,3.0,Not Found
b088c0798135cf859935def2b3c9ee41,soccer_england_efl_cup,EFL Cup,2026-08-08T14:00:00Z,2026-08-08T13:54:31Z,Rochdale @ Bradford City,Draw,4.2,4.0,4.1,,4.1,,,4.4,,3.75,3.75,4.05,4.4,,,,,4.0,4.0,3.75,3.85,,3.8,3.8,4.2,,4.39,,4.0,3.98,,,0.2113,0.2098,0.21,,0.223,,,0.2244,,0.2382,0.2382,0.2281,0.2244,,,,,0.2316,0.2155,0.2382,0.2333,,0.2298,0.2298,0.2089,,0.2043,,0.2155,0.227,,,2026-08-08,4.0,,0.2203,,,,,,3.6,,0.2337,,,,,,3.0,Not Found
e4f072c0fc3ae459631da68a61dfbece,soccer_england_efl_cup,EFL Cup,2026-08-08T13:59:00Z,2026-08-08T14:29:59Z,Lincoln City @ Derby County,Draw,5.9,4.8,5.1,,5.5,4.85,5.35,6.2,,5.5,5.5,5.6,6.4,,,,,5.5,5.0,5.5,,,,,5.5,,,,,,,,0.1405,0.1706,0.1623,,0.1587,0.1715,0.1552,0.1567,,0.1487,0.1487,0.1564,0.1514,,,,,0.1628,0.1649,0.1487,,,,,0.1576,,,,,,,,2026-08-08,6.0,,0.1364,,,,,,5.1,,,,,,,,3.0,Not Found
4e7b216c266fdeb8627d478bbdc2f552,soccer_england_efl_cup,EFL Cup,2026-08-08T14:00:00Z,2026-08-08T14:29:59Z,Huddersfield Town @ Preston North End,Huddersfield Town,1.71,2.4,2.5,,1.77,3.05,2.55,1.81,,1.76,1.76,1.79,1.76,,,,,3.0,1.75,1.8,,,,,1.72,,,,,,,,0.5599,,0.364,,0.535,0.2979,0.3609,0.5493,,0.5336,0.5336,0.5337,0.563,,,,,0.3105,0.5373,0.5204,,,,,0.5562,,,,,,,,2026-08-08,1.65,,0.5723,,,,,,1.61,,,,,,,,3.0,Not Found
b61dfd863d08c42584c1e4e045250e35,soccer_england_efl_cup,EFL Cup,2026-08-08T14:00:00Z,2026-08-08T15:01:11Z,Northampton Town @ Leicester City,Northampton Town,21.0,22.0,23.0,,21.0,19.5,19.5,30.0,,17.0,17.0,22.86,30.0,,,,,25.0,19.0,17.0,,,,,23.0,,,,,,,,0.0214,0.0179,0.0153,,0.0246,0.017,0.017,0.0291,,0.0282,0.0282,0.0245,0.0291,,,,,0.02,0.023,0.0282,,,,,0.0219,,,,,,,,2026-08-08,22.0,,0.013,,,,,,17.0,,,,,,,,3.0,Not Found
c77211f322b9972c2bd43bbc8b5b13be,soccer_switzerland_superleague,Swiss Superleague,2026-08-08T16:00:00Z,2026-08-08T15:01:11Z,BSC Young Boys @ FC Lausanne-Sport,Draw,4.5,4.2,4.3,4.3,4.1,4.25,4.25,4.8,4.5,3.95,3.9,4.74,4.8,,,4.19,,4.4,3.9,3.95,3.95,,4.6,4.6,4.45,4.6,4.4,,3.9,4.4,,,0.1988,0.1988,0.2002,0.2063,0.2187,0.2063,0.2063,0.2057,0.2033,0.227,0.2248,0.1989,0.2066,,,0.2169,,0.2108,0.2265,0.227,0.2238,,0.199,0.199,0.1957,0.199,0.2051,,0.2265,0.2037,,,2026-08-08,4.5,4.4,0.1985,0.2066,4.25,4.6,0.2028,0.199,3.85,,0.2236,,,,,,3.0,Not Found
47f6b777b3a24b2fce2766ff8857729d,soccer_england_efl_cup,EFL Cup,2026-08-08T14:01:00Z,2026-08-08T15:39:00Z,Notts County @ Burnley,Burnley,2.75,2.4,2.45,,2.6,2.45,2.35,2.54,,3.05,3.05,2.07,2.82,,,,,2.6,2.7,3.05,,,,,2.5,,,,,,,,0.3349,0.3708,0.3723,,0.3583,0.3769,0.3918,0.3816,,0.2927,0.2927,0.4614,0.3458,,,,,0.3668,0.3368,0.2927,,,,,0.3759,,,,,,,,2026-08-08,2.3,,0.4024,,,,,,2.8,,,,,,,,3.0,Not Found
5e07817f3f6dba3133e2d58cc6f5635f,soccer_finland_veikkausliiga,Veikkausliiga - Finland,2026-08-08T16:00:00Z,2026-08-08T16:02:35Z,VPS Vaasa @ Jaro,Jaro,4.2,,,,4.0,4.1,4.1,4.6,4.2,4.2,4.1,4.49,4.8,,,4.26,,4.33,4.0,4.25,,,4.55,4.55,4.3,4.3,4.24,,4.0,4.3,,,0.2168,,,,0.2104,0.2134,0.2134,0.2142,0.213,0.2032,0.1961,0.2113,0.2024,,,0.2165,,0.2182,0.2138,0.2002,,,0.2079,0.2079,0.2106,0.2106,0.2131,,0.2198,0.209,,,2026-08-08,4.3,,0.1969,,3.9,4.55,0.2136,0.2079,3.95,,,,,,,,3.0,Not Found
997b8780cc5ac7ec40278a2c5239153f,boxing_boxing,Boxing,2026-08-08T16:10:00Z,2026-08-08T16:02:35Z,Ashlee Eales @ Diego Krasimirov,Diego Krasimirov,1.22,,,,,1.25,1.25,,,,,1.18,,,,,,,1.3,,,,1.18,1.18,,1.2,1.22,,,,,,0.7816,,,,,0.7611,0.7611,,,,,0.8253,,,,,,,0.7513,,,,0.8164,0.8164,,0.8056,0.7927,,,,,,2026-08-08,,,,,,,,,,,,,,,,,2.0,Not Found
96cb650a369524b58ac6696e39cd95cb,soccer_england_efl_cup,EFL Cup,2026-08-08T16:30:00Z,2026-08-08T16:02:35Z,Charlton Athletic @ Cheltenham Town,Charlton Athletic,1.61,1.58,1.6,,1.62,1.65,1.65,1.71,,1.68,1.68,1.67,1.71,,,,,1.65,1.61,1.68,1.68,,1.67,1.67,1.62,,1.66,,1.62,1.68,,,0.5987,0.5918,0.5905,,0.5969,0.5764,0.5764,0.5832,,0.567,0.567,0.5804,0.5832,,,,,0.5874,0.5872,0.567,0.567,,0.5664,0.5664,0.5885,,0.5802,,0.5847,0.5711,,,2026-08-08,1.6,,0.5951,,,,,,1.62,,0.5735,,,,,,3.0,Not Found
e3b831dd666ba4368205ef9a11c1945f,soccer_england_efl_cup,EFL Cup,2026-08-08T16:30:00Z,2026-08-08T16:02:35Z,Southampton @ Colchester United,Draw,5.6,5.4,5.6,,5.5,4.95,4.95,6.2,,5.5,5.5,5.71,6.0,,,,,5.5,5.0,5.5,5.5,,5.3,5.3,5.2,,5.4,,5.0,5.45,,,0.1507,0.1463,0.1455,,0.1635,0.1756,0.1756,0.1585,,0.1545,0.1545,0.1554,0.1642,,,,,0.163,0.171,0.1545,0.1545,,0.1539,0.1539,0.1615,,0.1625,,0.1732,0.1592,,,2026-08-08,5.3,,0.1596,,,,,,5.2,,0.1483,,,,,,3.0,Not Found
c867110b5c1334683aff3758981fcb52,soccer_belgium_first_div,Belgium First Div,2026-08-08T16:15:00Z,2026-08-08T16:48:15Z,Cercle Brugge KSV @ Standard Liege,Standard Liege,,1.96,2.0,1.95,2.1,2.05,2.05,2.32,2.1,2.2,2.08,2.2,2.12,,2.33,,,2.1,2.15,2.2,,,,,,,,,,,,,,0.4622,0.4631,0.4723,0.444,0.4561,0.4561,0.4281,0.4534,0.4281,0.4316,0.4325,0.4357,,0.4261,,,0.4627,0.4299,0.4281,,,,,,,,,,,,,2026-08-08,2.1,,0.4484,,,,,,2.05,2.23,,0.4227,,,,,3.0,Not Found
6d2f787ae472f15e9b403dc611d0a141,basketball_wnba,WNBA,2026-08-08T17:05:00Z,2026-08-08T17:51:09Z,Las Vegas Aces @ Minnesota Lynx,Las Vegas Aces,3.1,,,,3.1,2.55,2.55,2.68,2.6,,,3.08,2.66,2.63,2.63,2.9,2.7,2.7,2.9,,,2.78,,,2.55,,,,,,,,0.2936,,,,0.2882,0.3489,0.3489,0.3554,0.3545,,,0.2892,0.3546,0.3756,0.3696,0.3153,0.3605,0.3331,0.3153,,,0.3531,,,0.3582,,,,,,,,2026-08-08,,,,,,,,,,,,,3.05,0.2936,Polymarket,2.63,2.0,Not Found
8a1deb0fc6b46b8184e97845839049e9,tennis_atp_canadian_open,ATP Canadian Open,2026-08-08T16:37:00Z,2026-08-08T17:51:09Z,Luciano Darderi @ Nuno Borges,Nuno Borges,1.62,1.47,1.5,1.52,1.54,1.52,1.52,1.6,1.57,1.61,1.56,1.51,1.59,,,,1.59,1.55,1.53,1.61,1.6,,,,1.54,,,,1.53,,,,0.5913,0.6179,0.6206,0.6134,0.6119,0.6249,0.6249,0.6231,0.6057,0.5913,0.5932,0.6453,0.6236,,,,0.6168,0.6226,0.6167,0.5913,0.5932,,,,0.6286,,,,0.6167,,,,2026-08-08,1.5,,0.625,,,,,,1.53,,0.5953,,,,,,2.0,Not Found
3109b810522fcfd04050623b9b78ad26,cricket_the_hundred,The Hundred,2026-08-08T17:00:00Z,2026-08-08T17:51:09Z,Manchester Super Giants @ Southern Brave,Manchester Super Giants,,,,,,1.18,1.18,1.19,1.17,1.15,,,1.21,,,,,,1.18,,,,,,,,,,1.18,,,,,,,,,0.8217,0.8217,0.8368,0.821,0.8422,,,0.8255,,,,,,0.8196,,,,,,,,,,0.8196,,,,2026-08-08,,,,,,,,,,,,,,,,,2.0,Not Found
8a1a1dc6ce9d0f10ee76be1e1e67dc76,soccer_poland_ekstraklasa,Ekstraklasa - Poland,2026-08-08T18:15:00Z,2026-08-08T17:51:09Z,Legia Warszawa @ Korona Kielce,Korona Kielce,3.2,2.9,2.95,2.93,3.0,3.05,3.05,3.3,3.1,2.8,2.7,3.25,3.3,,3.33,,,3.0,2.9,2.8,2.75,,3.1,3.1,3.0,3.0,3.06,,,3.06,,,0.2923,0.304,0.3052,0.2983,0.3095,0.3015,0.3015,0.301,0.304,0.3345,0.3373,0.2946,0.301,,0.297,,,0.3157,0.3132,0.3345,0.3372,,0.3018,0.3018,0.3042,0.3042,0.3025,,,0.3001,,,2026-08-08,3.1,3.0,0.2927,0.3032,2.95,,0.2968,,2.63,,0.3345,,,,,,3.0,Not Found
d1f182b8031efb7c8e19de7821668a99,tennis_wta_canadian_open,WTA Canadian Open,2026-08-08T16:39:57Z,2026-08-08T18:20:54Z,Iga Swiatek @ Marta Kostyuk,Marta Kostyuk,3.7,5.0,5.2,3.83,5.0,4.91,4.85,3.6,5.0,5.2,4.9,3.58,5.4,,,,4.88,5.5,4.75,5.2,5.2,,,,4.0,,,,4.0,,,,0.2475,0.1495,0.1497,0.2139,0.1652,0.1632,0.1645,0.2658,0.1726,0.1614,0.1556,0.2637,0.1759,,,,0.1858,0.1561,0.1705,0.1614,0.1614,,,,0.225,,,,0.2152,,,,2026-08-08,5.2,,0.1497,,,,,,4.8,,0.1455,,,,,,2.0,Not Found
f4785a07acd3777d30152f665dd17f95,soccer_argentina_primera_division,Primera División - Argentina,2026-08-08T17:47:00Z,2026-08-08T18:20:54Z,Sarmiento de Junin @ Atlético Tucuman,Draw,2.55,2.5,2.6,2.6,2.65,2.65,2.6,2.8,2.7,2.55,2.48,2.75,,,,,,,,,,,,,2.75,,,,,,,,0.3719,0.3511,0.3491,0.344,0.34,0.3443,0.3521,0.3526,0.3478,0.3646,0.3546,0.3448,,,,,,,,,,,,,0.3448,,,,,,,,2026-08-08,,,,,,,,,,,,,,,,,3.0,Not Found
f3f3dddf74d29f44be6d9bbe2e4abc86,tennis_atp_canadian_open,ATP Canadian Open,2026-08-08T18:30:00Z,2026-08-08T18:20:54Z,Brandon Nakashima @ Arthur Rinderknech,Brandon Nakashima,1.44,1.45,1.46,1.47,1.44,1.44,1.44,1.52,1.45,1.43,1.43,1.51,1.52,,,,1.53,1.49,1.5,1.43,1.43,1.52,1.49,1.49,,1.47,1.44,,1.5,1.42,,,0.6712,0.6663,0.667,0.657,0.6654,0.6687,0.6687,0.6553,0.663,0.6711,0.6711,0.6513,0.6553,,,,0.6495,0.657,0.641,0.6711,0.6711,0.6529,0.6517,0.6517,,0.6583,0.6742,,0.641,0.6767,,,2026-08-08,1.4,,0.672,,1.45,1.49,0.6694,0.6504,1.41,,0.6728,,,,,,2.0,Not Found
e8485048330d0ff661de0ab2858e857a,soccer_france_ligue_two,Ligue 2 - France,2026-08-08T18:45:00Z,2026-08-08T19:05:54Z,Red Star @ Nantes,Draw,3.3,3.0,3.1,3.25,2.95,3.15,3.15,3.45,3.2,3.0,2.88,3.19,3.35,,,,,3.14,3.1,3.05,,,,,3.2,,,,,,,,0.2777,0.286,0.2887,0.2778,0.2959,0.2852,0.2852,0.2833,0.2885,0.2979,,0.2921,0.294,,,,,0.2938,0.2854,0.2943,,,,,0.2835,,,,,,,,2026-08-08,3.3,,0.2726,,,,,,3.0,3.15,0.2979,0.2791,,,,,3.0,Not Found
29e2af26e987b4ad178bc40529b3ab80,soccer_portugal_primeira_liga,Primeira Liga - Portugal,2026-08-08T19:30:00Z,2026-08-08T19:05:54Z,Sporting Lisbon @ CF Estrela,CF Estrela,8.5,7.0,7.25,7.75,8.0,12.5,12.5,10.5,9.5,9.5,9.5,9.67,11.0,,11.11,,,10.0,9.0,9.5,9.5,,9.8,9.8,9.25,9.25,,,9.0,8.4,,,0.0873,0.1035,0.1048,0.0962,0.1031,0.0561,0.0561,0.0918,0.0865,0.0684,0.0684,0.0877,0.0882,,0.0828,,,0.083,0.0801,0.0684,0.0712,,0.0874,0.0874,0.0862,0.0873,,,0.0801,0.0948,,,2026-08-08,9.0,,0.0882,,7.9,,0.09,,9.5,,0.0627,,,,,,3.0,Not Found
85b659c818c105f53d014549fe681905,americanfootball_cfl,CFL,2026-08-08T19:09:00Z,2026-08-08T19:41:49Z,Edmonton Elks @ Montreal Alouettes,Montreal Alouettes,1.29,,,,1.29,1.28,1.24,1.38,1.3,1.32,1.28,1.34,,,,,,1.28,,1.32,,,,,1.3,,,,,,,,0.7468,,,,0.7447,0.7517,0.7782,0.7085,0.7376,0.7317,0.7391,0.7212,,,,,,0.7461,,0.7317,,,,,0.7376,,,,,,,,2026-08-08,,,,,,,,,,,,,,,,,2.0,Not Found
61a27f31d01602d21278a2266f9381d5,boxing_boxing,Boxing,2026-08-08T20:00:00Z,2026-08-08T19:41:49Z,Sean Hemphill @ Gradus Kraus,Gradus Kraus,1.07,,,,1.07,1.07,1.07,,1.06,,,,,,,,,,1.12,,,,1.02,1.02,,,,,,,,,0.8978,,,,0.9006,0.8959,0.8959,,0.9161,,,,,,,,,,0.8806,,,,0.9569,0.9569,,,,,,,,,2026-08-08,,,,,,,,,,,,,,,,,2.0,Not Found
62272079b123c3878cf52a664914a57f,baseball_mlb,MLB,2026-08-08T20:11:00Z,2026-08-08T20:03:29Z,Athletics @ Boston Red Sox,Athletics,3.4,3.1,3.15,3.15,3.3,3.26,3.26,3.55,3.42,3.3,3.3,3.47,3.55,3.33,3.45,3.3,3.51,3.3,3.25,3.3,3.35,3.45,3.4,3.4,3.45,3.34,3.48,3.61,3.1,3.32,,,0.2821,0.2909,0.2911,0.2799,0.2811,0.2802,0.2802,0.2785,0.2839,0.2811,0.2811,0.2764,0.2785,0.2955,0.2852,0.2866,0.2827,0.2784,0.2779,0.2811,0.2816,0.2826,0.2821,0.2821,0.269,0.2821,0.276,0.2735,0.2936,0.2747,,,2026-08-08,3.4,,0.2624,,3.25,3.3,0.2779,0.2811,,,,,3.38,0.2748,Polymarket,3.33,2.0,Not Found
800eb336fe4f10021c1fb5b7d4a808f6,basketball_wnba,WNBA,2026-08-08T19:35:00Z,2026-08-08T20:03:29Z,Indiana Fever @ Chicago Sky,Chicago Sky,2.5,,,,2.8,2.42,2.42,2.96,2.24,2.32,2.23,2.56,2.3,2.38,2.38,2.25,2.35,2.45,2.2,2.43,2.38,2.34,,,2.15,,,,,,,,0.3711,,,,0.3289,0.3688,0.3688,0.3288,0.4146,0.397,0.3974,0.3552,0.4106,0.4142,0.4194,0.4136,0.4169,0.3707,0.4279,0.3811,0.3768,0.4106,,,0.4332,,,,,,,,2026-08-08,,,,,,,,,2.2,,0.3961,,2.65,0.3439,Polymarket,2.38,2.0,Not Found
44439b831eb09a34964d8118628b125d,baseball_milb,MiLB,2026-08-08T20:05:00Z,2026-08-08T20:03:29Z,Lehigh Valley IronPigs @ Worcester Red Sox,Worcester Red Sox,1.71,,,,,,,,,,,,,,,,,,,,1.65,,1.71,,1.69,,1.7,,1.7,,,,0.5543,,,,,,,,,,,,,,,,,,,,0.5672,,0.5532,,0.5578,,0.5514,,0.5502,,,,2026-08-08,,,,,,,,,,,,,,,,,2.0,Not Found
665b6a3861ae02435e47693dfecb6717,soccer_usa_mls,MLS,2026-08-08T20:30:00Z,2026-08-08T21:13:23Z,Houston Dynamo @ New England Revolution,New England Revolution,2.5,2.3,2.35,2.25,2.5,2.45,2.45,2.56,2.5,2.55,2.55,2.52,2.56,,2.56,,,2.5,2.45,2.55,,,,,,,,,,,,,0.3778,0.3851,0.3891,0.4009,0.3616,0.3755,0.3755,0.385,0.3814,0.3641,0.3641,0.3768,0.3884,,0.3868,,,0.3778,0.3731,0.3641,,,,,,,,,,,,,2026-08-08,2.2,,0.4213,,,,,,2.38,,,,2.4,0.3849,,,3.0,Not Found
aec4989a9fba43252f63741c86fa9165,soccer_brazil_campeonato,Brazil Série A,2026-08-08T21:30:00Z,2026-08-08T21:13:23Z,Atletico Mineiro @ Remo,Draw,3.1,3.05,3.1,2.9,3.2,3.05,3.05,3.2,3.1,3.1,2.95,3.15,3.2,,3.23,3.22,,3.1,3.0,3.1,3.0,,3.13,3.13,3.1,3.1,3.13,,3.0,3.04,,,0.3037,0.2879,0.2895,0.3073,0.2924,0.305,0.305,0.311,0.3036,0.3011,0.3025,0.306,0.3118,,0.3064,0.2925,,0.3059,0.3011,0.3011,0.2988,,0.3074,0.3074,0.2967,0.3015,0.3056,,0.3011,0.3047,,,2026-08-08,3.0,3.1,0.3039,0.3014,3.0,3.13,0.2909,0.3074,2.9,,0.3014,,,,,,3.0,Not Found
1832664964f1aa706bdd77989f364361,baseball_mlb,MLB,2026-08-08T22:06:00Z,2026-08-08T22:12:48Z,Toronto Blue Jays @ Philadelphia Phillies,Philadelphia Phillies,1.53,1.66,1.72,1.45,1.48,1.77,1.51,1.63,1.74,1.43,1.61,1.59,,1.79,1.75,1.7,1.64,1.47,,1.43,1.41,1.77,1.58,1.58,1.44,1.58,,1.62,1.57,1.57,,,0.6416,0.5512,0.5526,0.6525,0.6492,0.5274,0.6245,0.5687,0.5569,0.6711,0.5769,0.6184,,0.5541,0.5553,0.5626,0.5776,0.655,,0.6711,0.6694,0.5583,0.6196,0.6196,0.662,0.6173,,,0.6084,0.6101,,,2026-08-08,1.45,,0.6525,,1.55,1.58,0.6142,0.618,,,,,1.55,0.6142,Polymarket,1.79,2.0,Not Found
48eae61372f5e9ddb583e2654cf0c736,soccer_chile_campeonato,Primera División - Chile,2026-08-08T21:30:00Z,2026-08-08T22:12:48Z,La Serena @ Coquimbo Unido,Coquimbo Unido,1.87,1.76,1.8,,1.8,1.8,1.8,1.87,1.83,1.73,1.68,1.78,1.87,,1.82,,,1.91,1.75,,,,,,1.78,,,,,,,,0.5108,0.5222,0.5201,,0.5123,0.5257,0.5257,0.5285,0.524,0.5441,0.5499,0.5404,0.5285,,,,,0.5107,0.5286,,,,,,0.5331,,,,,,,,2026-08-08,1.7,1.59,0.555,0.5994,,,,,,,,,,,,,3.0,Not Found
cc17a9a3b23c41a73afa87e3caeb9723,soccer_argentina_primera_division,Primera División - Argentina,2026-08-08T22:15:00Z,2026-08-08T22:12:48Z,Velez Sarsfield BA @ Boca Juniors,Velez Sarsfield BA,6.0,5.4,5.5,5.75,6.0,6.4,6.4,6.8,6.0,6.5,5.8,6.73,,,6.67,,,,,,5.4,,6.35,6.35,6.0,,6.29,,,6.35,,,0.1369,0.1465,0.1497,0.1347,0.1406,0.1416,0.1416,0.1429,0.1448,0.1323,0.1235,0.136,,,0.1435,,,,,,0.1558,,0.1448,0.1448,0.1434,,0.1457,,,0.1335,,,2026-08-08,,6.0,,0.146,5.8,4.82,0.1309,0.1899,,,,,,,,,3.0,Not Found
e823f4e6d08afb8821ad1f6422e868fc,baseball_milb,MiLB,2026-08-08T22:35:00Z,2026-08-08T22:12:48Z,Columbus Clippers @ Syracuse Mets,Columbus Clippers,1.78,,,,,,,,,,,,,,,,,,,,1.75,,1.77,,1.77,,1.77,,1.73,,,,0.5309,,,,,,,,,,,,,,,,,,,,0.5319,,0.5325,,0.5325,,0.5274,,0.539,,,,2026-08-08,,,,,,,,,,,,,,,,,2.0,Not Found
b7c754843b89a011f79ea78ac785c30c,soccer_brazil_serie_b,Brazil Série B,2026-08-08T21:30:00Z,2026-08-08T22:48:46Z,América Mineiro @ Botafogo-SP,Draw,2.1,,,,2.05,2.1,2.05,2.26,2.15,2.12,2.0,2.1,2.2,,,,,2.1,3.0,2.02,,,,,2.09,,,,,,,,0.4517,,,,0.4469,0.4428,0.4541,0.4368,0.4397,0.4441,0.451,0.4542,0.4454,,,,,0.448,0.298,0.4504,,,,,0.4495,,,,,,,,2026-08-08,3.1,,0.2912,,,,,,,,,,,,,,3.0,Not Found
afe5d334e649074fa2dd4403a5af6b91,baseball_milb,MiLB,2026-08-08T23:05:00Z,2026-08-08T22:48:46Z,Omaha Storm Chasers @ Toledo Mud Hens,Toledo Mud Hens,1.86,,,,,,,,,,,,,,,,,,,,1.85,,1.77,,1.83,,1.85,,1.85,,,,0.5097,,,,,,,,,,,,,,,,,,,,0.5,,0.5325,,0.5114,,0.5029,,0.5,,,,2026-08-08,,,,,,,,,,,,,,,,,2.0,Not Found
bd65f37d59b6840c1c8e1be155c41a67,baseball_milb,MiLB,2026-08-08T23:05:00Z,2026-08-08T23:13:57Z,Iowa Cubs @ Indianapolis Indians,Iowa Cubs,2.38,,,,,,,,,,,,,,,,,,,,2.4,,2.17,,2.2,,2.27,,,,,,0.3916,,,,,,,,,,,,,,,,,,,,0.3772,,0.431,,0.4128,,0.4018,,,,,,2026-08-08,,,,,,,,,,,,,,,,,2.0,Not Found
68bd8775ccb9e3eb2050e28fcbd3f1a8,soccer_concacaf_leagues_cup,Leagues Cup,2026-08-09T00:00:00Z,2026-08-09T00:37:11Z,Monterrey @ Inter Miami CF,Inter Miami CF,2.3,2.1,2.15,,2.15,2.25,2.25,2.28,2.3,2.17,2.1,2.15,,,,,,2.25,2.1,2.17,2.12,,,,2.2,,,,,,,,0.414,,0.4259,,0.4291,0.4117,0.4117,0.4349,0.4168,0.4337,0.4358,0.4428,,,,,,0.4158,,0.4337,0.4362,,,,0.4336,,,,,,,,2026-08-09,,,,,,,,,2.05,,0.44,,,,,,3.0,Not Found
c74ca6e2a7de403afca1af6cebfda20a,tennis_wta_canadian_open,WTA Canadian Open,2026-08-09T00:50:00Z,2026-08-09T00:37:11Z,Amanda Anisimova @ Elina Svitolina,Amanda Anisimova,2.3,2.25,2.3,2.4,2.2,2.22,2.22,2.42,2.2,2.25,2.25,2.35,2.42,,,2.27,2.44,2.32,2.3,2.25,2.25,2.44,2.4,2.4,2.4,2.35,2.28,,2.3,2.25,,,0.4087,0.4136,0.4162,0.3978,0.4242,0.4185,0.4185,0.409,0.4279,0.4192,0.4192,0.4134,0.4108,,,0.4279,0.4073,0.4161,0.4068,0.4192,0.4192,0.4073,0.3997,0.3997,0.3939,0.4022,0.4181,,0.4087,0.4173,,,2026-08-09,,,,,2.3,2.35,0.4125,0.4022,2.2,,0.4186,,,,,,2.0,Not Found
79a0c1e324175df9d0c7f93de8d4dc44,baseball_mlb,MLB,2026-08-09T01:51:00Z,2026-08-09T02:50:24Z,Tampa Bay Rays @ Seattle Mariners,Tampa Bay Rays,3.4,3.0,3.1,2.75,3.5,3.11,3.11,3.45,3.17,3.4,3.25,2.76,2.9,3.33,3.33,,3.28,3.2,3.0,3.4,3.3,3.3,,,2.85,,,,,,,,0.2794,0.2907,0.2936,0.3247,0.2612,0.2848,0.2848,0.2878,0.298,0.2683,0.2662,0.3387,0.2907,0.2955,0.2955,,0.2953,0.2859,0.2907,0.2683,0.2669,0.2918,,,0.3183,,,,,,,,2026-08-09,2.7,,0.328,,,,,,,,,,2.8,0.3214,Polymarket,3.33,2.0,Not Found
91912583e5d3af58a408d72c2d0afdf8,tennis_atp_canadian_open,ATP Canadian Open,2026-08-09T01:57:00Z,2026-08-09T02:50:24Z,Cameron Norrie @ Arthur Fils,Cameron Norrie,7.0,6.0,6.25,5.5,6.25,6.25,7.25,7.4,6.0,5.8,5.6,9.03,5.6,,,,5.71,6.75,5.5,5.8,6.25,,,,7.0,,,,5.5,,,,0.121,0.1204,0.1213,0.1322,0.1255,0.1255,0.1102,0.1328,0.1409,0.1437,0.1306,0.1049,0.1468,,,,0.149,0.1276,0.1445,0.1437,0.1255,,,,0.121,,,,0.1445,,,,2026-08-09,5.2,,0.1497,,,,,,5.8,,0.1145,,,,,,2.0,Not Found
c8f928d40ba898f091e7ba3fc8de75e1,soccer_concacaf_leagues_cup,Leagues Cup,2026-08-09T03:10:00Z,2026-08-09T02:50:24Z,Los Angeles FC @ Toluca,Toluca,2.65,2.6,2.65,,2.65,2.78,2.78,2.78,2.65,2.63,2.63,2.75,,,,,,2.7,2.45,2.63,2.6,,2.77,2.77,2.75,,2.67,,2.45,,,,0.3555,0.3456,0.3433,,0.3387,0.3369,0.3369,0.3572,0.3513,0.3582,0.3582,0.3507,,,,,,0.3548,0.3625,0.3582,0.3587,,0.3449,0.3449,0.3419,,0.3501,,0.3625,,,,2026-08-09,,,,,,,,,2.63,,0.3582,,,,,,3.0,Not Found
a9b1d5e4f8eeee96f6718e959ab1d5e9,boxing_boxing,Boxing,2026-08-09T03:15:00Z,2026-08-09T02:50:24Z,Tammara Thibeault @ Desley Robinson,Tammara Thibeault,1.22,1.15,,,1.2,,,1.28,1.26,,,,,,,,,,,,,,1.15,1.15,,,,,,,,,0.7848,0.8066,,,0.8012,,,,0.767,,,,,,,,,,,,,,0.8379,0.8379,,,,,,,,,2026-08-09,,,,,,,,,1.28,,0.764,,,,,,2.0,Not Found
33bac2165c2e292437941ad45e86cedf,baseball_npb,NPB,2026-08-09T05:00:00Z,2026-08-09T02:50:24Z,Tohoku Rakuten Golden Eagles @ Hokkaido Nippon-Ham Fighters,Tohoku Rakuten Golden Eagles,2.54,,,2.36,2.45,2.45,2.45,,2.45,2.55,2.55,2.57,,,,,,2.47,2.38,,2.55,,2.49,2.49,2.5,2.49,2.52,,2.48,,,,0.3679,,,0.374,0.3773,0.3815,0.3815,,0.3836,0.3627,0.3627,0.374,,,,,,0.3798,0.3833,,0.3627,,0.3863,0.3863,0.3667,0.3803,0.3799,,0.3831,,,,2026-08-09,2.5,,0.3599,,2.35,,0.3749,,2.55,,0.3627,,2.48,0.3727,,,2.0,Not Found
30606dee1567c095fb9519f68b2660f9,rugbyleague_nrl,NRL,2026-08-09T04:03:00Z,2026-08-09T04:06:28Z,Newcastle Knights @ Canberra Raiders,Draw,,17.0,20.0,,,20.0,20.0,,,,,,,,,,,,,,,,,,,,,,,28.0,,,,0.0161,0.0191,,,0.0194,0.0183,,,,,,,,,,,,,,,,,,,,,,,0.007,,,2026-08-09,20.0,,0.0131,,20.0,,0.0108,,,,,,,,,,3.0,Not Found
ec6df00d6ff1a488ee18af9e4028e959,aussierules_afl,AFL,2026-08-09T06:10:00Z,2026-08-09T05:16:46Z,Collingwood Magpies @ West Coast Eagles,Collingwood Magpies,,,,,,1.58,1.58,1.72,1.65,,,1.68,,,,,,1.64,,1.64,,,,,,1.6,,,,1.53,,,,,,,,0.5942,0.5942,0.5788,0.5808,,,0.5734,,,,,,0.5846,,0.5827,,,,,,0.6015,,,,0.6167,,,2026-08-09,1.55,,0.6052,,1.55,,0.5953,,,,,,,,,,2.0,Not Found
471d1106fb4c106574521229f6bae923,baseball_npb,NPB,2026-08-09T08:00:00Z,2026-08-09T05:16:46Z,Orix Buffaloes @ Chiba Lotte Marines,Chiba Lotte Marines,1.96,,,1.87,1.95,1.95,1.95,,1.95,1.97,1.97,2.0,,,,,,1.96,1.91,,1.97,,1.95,1.95,1.91,1.87,1.98,,1.99,,,,0.4877,,,0.4849,0.4832,0.4861,0.4861,,0.4832,0.4776,0.4776,0.4854,,,,,,0.4848,0.484,,0.4776,,0.489,0.489,0.4886,0.5028,0.4866,,0.481,,,,2026-08-09,1.85,,0.5,,1.87,,0.4849,,1.97,,0.4776,,1.94,0.486,,,2.0,Not Found
490ed630ea62450193a80cbb0a977d72,baseball_npb,NPB,2026-08-09T09:00:00Z,2026-08-09T05:16:46Z,Hiroshima Toyo Carp @ Yokohama DeNA BayStars,Yokohama DeNA BayStars,1.54,,,1.5,1.53,1.55,1.55,,1.56,1.54,1.54,1.6,,,,,,1.56,1.53,,1.54,,1.57,1.57,1.54,1.6,1.6,,1.57,,,,0.6231,,,0.6159,0.6227,0.6185,0.6185,,0.6164,0.6206,0.6206,0.6109,,,,,,0.6164,0.6167,,0.6206,,0.6208,0.6208,0.6163,0.6024,0.6076,,0.6169,,,,2026-08-09,1.47,,0.6401,,1.49,,0.6133,,1.54,,0.6206,,1.55,0.616,,,2.0,Not Found
9b035d57f008b9857733bdec6a4de689,baseball_npb,NPB,2026-08-09T05:00:00Z,2026-08-09T06:03:07Z,Tokyo Yakult Swallows @ Yomiuri Giants,Tokyo Yakult Swallows,1.74,,,1.89,1.69,1.8,2.02,,1.83,1.6,,2.53,,,,,,1.94,1.75,,1.54,,,,1.69,,,,,,,,0.5446,,,0.4669,0.552,0.524,0.4618,,0.5114,0.5799,,0.3665,,,,,,0.4752,0.5239,,0.5932,,,,0.5578,,,,,,,,2026-08-09,1.8,,0.5146,,,,,,1.5,,,,2.05,0.4498,,,2.0,Not Found
1afdd90fb326807c8a4e824c4ae6a4d2,baseball_npb,NPB,2026-08-09T09:00:00Z,2026-08-09T06:03:07Z,Chunichi Dragons @ Hanshin Tigers,Chunichi Dragons,2.52,,,2.32,2.45,2.4,2.4,,2.45,2.45,2.45,2.5,,,,,,2.47,2.38,,2.45,,2.47,2.47,2.4,2.41,2.44,,2.48,,,,0.3716,,,0.3822,0.3773,0.3919,0.3919,,0.3836,0.3773,0.3773,0.3835,,,,,,0.3798,0.3833,,0.3773,,0.3899,0.3899,0.3837,0.391,0.3924,,0.3831,,,,2026-08-09,2.5,,0.3599,,2.3,,0.3841,,2.45,,0.3773,,2.44,0.3802,,,2.0,Not Found
17a73b865a7079e033b766f62dc0522c,soccer_japan_j_league,J League,2026-08-09T09:00:00Z,2026-08-09T08:56:37Z,Kawasaki Frontale @ Tokyo Verdy,Tokyo Verdy,3.2,2.95,3.0,3.1,3.2,3.1,3.1,3.4,3.2,,,3.21,3.4,,3.33,,,3.1,3.1,,,,3.25,3.25,3.2,,3.19,,3.1,3.2,,,0.2892,0.295,0.2965,0.2889,0.286,0.2929,0.2929,0.291,0.2926,,,0.2981,0.2922,,0.2904,,,0.3069,0.2923,,,,0.2931,0.2931,0.2909,,0.2972,,0.2923,0.2886,,,2026-08-09,3.1,,0.2927,,3.1,3.25,0.2876,0.2931,,,,,,,,,3.0,Not Found
71380de391bf4c904602a3c91be5ecb8,soccer_japan_j_league,J League,2026-08-09T10:00:00Z,2026-08-09T08:56:37Z,Kyoto Purple Sanga @ V-Varen Nagasaki,V-Varen Nagasaki,3.4,3.05,3.1,3.32,3.2,3.2,3.2,3.7,3.25,,,3.48,3.7,,3.57,,,3.2,3.1,,,,3.45,3.45,3.2,,3.4,,3.1,3.32,,,0.2704,0.2893,0.2875,0.2705,0.2894,0.286,0.286,0.2663,0.2908,,,0.2745,0.2676,,0.2769,,,0.2957,0.2923,,,,0.2733,0.2733,0.2877,,0.278,,0.2923,0.2771,,,2026-08-09,3.4,,0.2668,,3.2,3.45,0.2791,0.2733,,,,,,,,,3.0,Not Found
15e1158fdc0c9c48e61c8ca477902202,soccer_netherlands_eredivisie,Dutch Eredivisie,2026-08-09T10:15:00Z,2026-08-09T08:56:37Z,Feyenoord @ Sparta Rotterdam,Sparta Rotterdam,5.2,4.2,4.3,4.65,4.75,4.9,4.9,5.5,4.6,4.75,4.5,4.94,5.5,,5.56,,,4.75,4.75,5.1,4.6,,5.2,5.2,4.8,1.65,4.89,,4.75,4.75,,,0.1706,0.1998,0.2007,0.188,0.1908,0.187,0.187,0.1792,0.1974,0.1866,0.1826,0.1884,0.1792,,,,,0.1941,0.1789,0.1869,0.1845,,0.1802,0.1802,0.1861,0.59,0.1908,,0.1802,0.1863,,,2026-08-09,5.0,4.7,0.177,0.1926,4.55,5.2,0.1862,0.1802,4.4,,0.1835,,,,,,3.0,Not Found
c4c3f185b50b55ded4ea96351f8523d9,soccer_germany_bundesliga2,Bundesliga 2 - Germany,2026-08-09T11:30:00Z,2026-08-09T09:50:57Z,Dynamo Dresden @ 1. FC Nürnberg,1. FC Nürnberg,2.25,2.15,2.25,2.18,2.3,2.22,2.22,2.38,2.3,2.16,2.08,2.28,2.38,,2.33,,,2.25,2.2,2.16,2.08,,2.33,2.33,2.2,,2.25,,2.2,2.23,,,0.4205,0.4269,0.4246,0.4318,0.415,0.423,0.423,0.4192,0.4163,0.4388,0.4428,0.424,0.4192,,0.4262,,,0.4259,0.4204,0.4388,0.4428,,0.418,0.418,0.4239,,0.4218,,0.4204,0.4244,,,2026-08-09,2.2,2.27,0.4336,0.4211,2.1,,0.4402,,1.97,2.23,,0.4248,,,,,3.0,Not Found
387f00871fa093d20a7983af9b5d0408,soccer_germany_bundesliga2,Bundesliga 2 - Germany,2026-08-09T11:30:00Z,2026-08-09T09:50:57Z,Hannover 96 @ FC Energie Cottbus,FC Energie Cottbus,3.1,2.95,3.15,3.15,3.2,3.1,3.1,3.3,3.15,3.3,3.2,3.23,3.3,,3.33,,,3.15,3.0,3.3,3.2,,3.3,3.3,3.1,,3.12,,3.0,3.12,,,0.2996,0.2988,0.2974,0.2905,0.2928,0.2942,0.2942,0.3011,0.2998,0.2794,0.275,0.2953,0.3011,,0.2933,,,0.3012,0.3016,0.2794,0.275,,0.2914,0.2914,0.2919,,0.2977,,0.3016,0.2962,,,2026-08-09,3.2,3.15,0.2928,0.2972,3.1,,0.2861,,3.0,3.12,,0.2972,,,,,3.0,Not Found
0f294eaea732f8e1465cdd6c3403599b,soccer_russia_premier_league,Premier League - Russia,2026-08-09T11:30:00Z,2026-08-09T10:21:04Z,FC Dynamo Makhachkala @ Dinamo Moscow,Draw,,,,,,,,,,,,4.13,,,,,,,,,,,4.0,,3.95,,4.21,,,4.1,,,,,,,,,,,,,,0.2298,,,,,,,,,,,0.228,,0.2228,,0.2324,,,0.23,,,2026-08-09,,3.85,,0.2297,,,,,,,,,,,,,3.0,Not Found
ce36691bf27a0bcdbfa2e3ade4af7093,soccer_germany_liga3,3. Liga - Germany,2026-08-09T11:30:00Z,2026-08-09T10:21:04Z,Hansa Rostock @ TSG Hoffenheim II,Draw,,,4.3,,,,,4.3,,3.95,3.95,4.28,,,,,,4.2,3.8,,,,4.3,3.9,3.95,,,,,,,,,,0.2106,,,,,0.2265,,0.2206,0.2206,0.2161,,,,,,0.2103,0.2258,,,,0.21,0.2346,0.2155,,,,,,,,2026-08-09,4.2,4.0,0.2154,0.2215,,,,,,4.1,,0.2106,,,,,3.0,Not Found
9432d83cf4349c2db8558380add51dee,soccer_china_superleague,Super League - China,2026-08-09T11:01:00Z,2026-08-09T11:38:35Z,Qingdao West Coast FC @ Henan FC,Henan FC,1.69,1.76,1.8,,,1.8,1.8,2.0,1.83,1.79,1.72,1.93,2.02,,1.96,,,1.85,1.83,1.79,,,,,1.77,,,,,,,,0.5638,0.5206,0.5201,,,0.5208,0.5208,0.495,0.524,0.5245,0.5335,0.4969,0.4929,,0.5033,,,0.5173,0.5125,0.5245,,,,,0.5366,,,,,,,,2026-08-09,1.7,,0.5539,,,,,,,,,,,,,,3.0,Not Found
a217b9a3ab8774351966b14b06468d02,soccer_china_superleague,Super League - China,2026-08-09T11:35:00Z,2026-08-09T11:38:35Z,Shanghai SIPG FC @ Chongqing Tonglianglong FC,Draw,3.5,3.3,3.45,,,3.4,3.4,3.55,3.6,3.25,3.2,3.37,3.55,,3.7,3.51,,3.6,3.25,3.25,3.4,,3.53,3.53,3.3,3.45,3.38,,3.3,3.28,,,0.2648,0.2537,0.251,,,0.2614,0.2614,0.2743,0.2556,0.2725,0.2648,0.284,0.2743,,0.2633,0.2656,,0.2559,0.2686,0.2725,0.2665,,0.2699,0.2699,0.2742,0.2675,0.2728,,0.2728,0.2783,,,2026-08-09,3.4,3.3,0.2617,0.2732,,,,,,,,,,,,,3.0,Not Found
112461d55bc7e1207c0be9c1899d759f,soccer_sweden_allsvenskan,Allsvenskan - Sweden,2026-08-09T12:00:00Z,2026-08-09T11:38:35Z,BK Hacken @ Hammarby IF,BK Hacken,5.2,4.4,4.6,4.65,4.75,5.3,5.3,5.5,5.0,6.0,5.5,5.35,5.6,,,5.12,,5.1,4.8,5.4,5.2,,5.1,5.1,5.2,5.1,5.0,,4.8,,,,0.1683,0.1871,0.1836,0.1781,0.1848,0.1632,0.1632,0.1781,0.1808,0.1585,0.1568,0.1711,0.1758,,,0.1762,,0.183,0.1759,0.1558,0.1541,,0.1767,0.1767,0.1713,0.1767,0.1779,,0.1759,,,,2026-08-09,5.0,,0.1704,,4.7,5.1,0.1759,0.1767,4.9,,,,,,,,3.0,Not Found
b35dfbc867b7f75783a0542e8d502e9b,soccer_sweden_allsvenskan,Allsvenskan - Sweden,2026-08-09T12:00:00Z,2026-08-09T11:38:35Z,Degerfors IF @ Malmo FF,Malmo FF,1.43,1.43,1.45,1.43,1.48,1.49,1.49,1.52,1.48,1.45,1.42,1.51,1.52,,,1.47,,1.49,1.44,1.4,1.38,,1.49,1.49,1.49,1.48,1.47,,1.44,,,,0.6725,0.6603,0.6578,0.6622,0.6525,0.6476,0.6476,0.6532,0.6584,0.6806,0.681,0.6476,0.6532,,,0.6549,,0.657,0.6614,0.6842,0.6886,,0.6512,0.6512,0.6499,0.6543,0.6577,,0.6614,,,,2026-08-09,1.42,,0.6755,,1.42,1.49,0.6669,0.6512,1.32,,,,,,,,3.0,Not Found
06b55211376bb30fced8f186900f531f,soccer_germany_bundesliga2,Bundesliga 2 - Germany,2026-08-09T11:30:00Z,2026-08-09T12:02:33Z,Greuther Fürth @ FC St. Pauli,Draw,3.5,3.25,3.25,3.38,3.3,3.3,,3.8,3.55,3.3,3.1,3.46,3.6,,3.7,,,3.4,3.5,3.3,,,,,3.4,,,,,,,,0.2599,0.2627,0.2737,0.2559,0.2713,0.2682,,0.2608,0.2582,0.2695,,0.2669,0.273,,0.2639,,,0.2701,0.2501,0.2695,,,,,0.2653,,,,,,,,2026-08-09,3.4,,0.2633,,,,,,3.0,3.5,,0.259,,,,,3.0,Not Found
3fe6c4b1cb3f27701e628190eeef6e57,soccer_china_superleague,Super League - China,2026-08-09T12:00:00Z,2026-08-09T12:02:33Z,Tianjin Jinmen Tiger FC @ Shandong Luneng Taishan FC,Draw,3.5,3.55,3.65,,,3.65,3.65,3.9,3.8,3.4,3.3,3.79,3.95,,4.0,3.56,,3.75,3.5,3.4,3.55,,3.8,3.8,3.45,3.65,3.51,,3.6,3.58,,,0.2612,0.2328,0.2387,,,0.2387,0.242,0.2539,0.2394,0.2594,0.256,0.2504,0.2514,,0.2463,0.2555,,0.245,0.2476,0.2594,0.2533,,0.2497,0.2497,0.2607,0.2498,0.2616,,0.2444,0.2532,,,2026-08-09,3.6,3.55,0.2448,0.2513,3.5,,0.2518,,,,,,,,,,3.0,Not Found
7955008dee9fd250d919f0077c636896,cricket_the_hundred,The Hundred,2026-08-09T13:30:00Z,2026-08-09T13:11:27Z,Welsh Fire @ Sunrisers Leeds,Welsh Fire,,,,,,2.35,2.35,2.48,2.25,2.33,,2.32,2.48,,,,,,2.3,,,,2.24,,,2.29,,,2.3,2.25,,,,,,,,0.4003,0.4003,0.4004,0.4078,0.404,,0.4069,0.4004,,,,,,0.4068,,,,0.4146,,,0.4039,,,0.4087,0.4038,,,2026-08-09,,,,,,,,,,,,,,,,,2.0,Not Found
deeddd62639987ac88e87bfa81e0072d,soccer_league_of_ireland,League of Ireland,2026-08-09T14:00:00Z,2026-08-09T13:11:27Z,Bohemians @ Waterford FC,Draw,3.7,3.6,3.7,,3.6,3.6,3.6,3.9,3.85,3.55,3.5,3.9,3.9,,,,,4.0,,3.55,3.55,,3.6,3.6,3.6,3.6,3.7,,3.6,3.7,,,0.2458,0.2383,0.2386,,0.246,0.2483,0.2483,0.2531,0.2394,0.2525,0.251,0.2429,0.2533,,,,,0.2347,,0.2525,0.2525,,0.2566,0.2566,0.2488,0.2488,0.2475,,0.246,0.246,,,2026-08-09,3.6,,0.2483,,3.5,3.6,0.2456,0.2566,3.4,,0.249,,,,,,3.0,Not Found
f95ffbf0742a1a181168784081274715,soccer_russia_premier_league,Premier League - Russia,2026-08-09T14:00:00Z,2026-08-09T13:59:16Z,Rodina Moscow @ Zenit St Petersburg,Draw,,,,,,,,,,,,7.33,,,,,,,,,,,7.0,,8.25,,8.8,,,7.7,,,,,,,,,,,,,,0.1224,,,,,,,,,,,0.1171,,0.0915,,0.1039,,,0.1166,,,2026-08-09,,6.8,,0.1159,,,,,,,,,,,,,3.0,Not Found
71d869f64273f53c8190088817aab46a,soccer_belgium_first_div,Belgium First Div,2026-08-09T14:00:00Z,2026-08-09T14:45:07Z,Leuven @ Charleroi,Charleroi,,1.41,1.45,1.38,,1.42,1.4,1.37,1.42,1.56,1.49,,1.48,,1.52,,,1.44,1.44,1.56,,,,,,,,,,,,,,0.6689,0.6573,0.6838,,0.6688,0.6796,,0.6824,0.6137,0.6239,,0.6579,,0.652,,,0.6771,0.6566,0.6121,,,,,,,,,,,,,2026-08-09,1.4,,0.6836,,,,,,1.45,1.08,,0.8986,,,,,3.0,Not Found
8760a388d098eff35c3df1f29ee3d087,soccer_spl,Premiership - Scotland,2026-08-09T15:00:00Z,2026-08-09T14:45:07Z,Hibernian @ Rangers,Rangers,1.36,,,,1.43,1.46,1.46,1.43,1.48,1.42,1.4,1.43,1.42,,1.45,,,1.44,1.44,1.42,1.4,,1.44,1.44,1.38,1.38,1.41,,1.44,1.4,,,0.7065,,,,0.6781,0.67,0.67,0.6979,0.6558,0.6741,0.6763,0.6871,0.6987,,0.6831,,,0.6785,0.665,0.6741,0.6782,,0.6709,0.6709,0.6954,0.6954,0.6868,,0.665,0.6903,,,2026-08-09,1.37,1.4,0.7,0.6799,1.38,,0.6893,,1.38,,0.6823,,,,,,3.0,Not Found
b8351d8cbcff6dc3c1f462a2bd642373,soccer_germany_liga3,3. Liga - Germany,2026-08-09T14:32:23Z,2026-08-09T15:15:03Z,Rot-Weiss Essen @ 1. FC Saarbrücken,Rot-Weiss Essen,,,1.44,,,1.42,1.39,1.51,,1.45,1.42,1.47,,,,,,1.44,1.44,1.45,,,,,1.44,,,,,,,,,,0.6636,,,0.6644,0.6785,0.6552,,0.6544,0.6582,0.6575,,,,,,0.6653,0.648,0.6544,,,,,0.6712,,,,,,,,2026-08-09,1.4,,0.6844,,,,,,,1.45,,0.6522,,,,,3.0,Not Found
2fef294b70aefb4ee114b4c3a44341e0,soccer_netherlands_eredivisie,Dutch Eredivisie,2026-08-09T14:45:00Z,2026-08-09T15:15:03Z,FC Twente Enschede @ Heerenveen,FC Twente Enschede,2.2,2.1,2.15,2.15,2.05,2.15,2.15,2.24,2.2,2.02,1.93,2.18,2.3,,2.27,,,2.3,2.15,2.0,,,,,2.2,,,,,,,,0.4342,0.4303,0.43,0.4373,0.4468,0.4334,0.4334,0.4457,0.4342,0.4672,0.4736,0.4368,,,0.437,,,0.4226,0.4284,0.4718,,,,,0.4358,,,,,,,,2026-08-09,2.1,,0.4486,,,,,,1.87,,,,,,,,3.0,Not Found
8c2b68167fc053df8b2114f97dda2f16,soccer_austria_bundesliga,Austrian Football Bundesliga,2026-08-09T15:00:00Z,2026-08-09T15:15:03Z,RB Salzburg @ Wolfsberger AC,Wolfsberger AC,3.5,3.3,3.4,3.3,3.0,3.3,3.3,3.8,3.55,3.05,2.95,,3.9,,,,,3.5,3.3,3.05,3.0,,3.2,,3.4,,,,3.3,,,,0.2632,0.2574,0.2581,0.2619,0.2879,0.2637,0.2637,0.2608,0.2563,0.2906,0.2901,,0.2508,,,,,0.2646,0.2682,0.2906,0.2896,,0.2912,,0.265,,,,0.2718,,,,2026-08-09,3.6,3.15,0.2495,0.2844,,,,,2.88,3.25,,0.279,,,,,3.0,Not Found
823cde29e8bfad6a621fd7fdcd816227,soccer_switzerland_superleague,Swiss Superleague,2026-08-09T14:30:00Z,2026-08-09T15:50:50Z,FC Luzern @ FC St Gallen,Draw,2.6,2.45,2.55,2.55,2.38,2.55,2.55,2.78,2.6,2.48,2.38,2.89,2.76,,,,,2.6,2.5,2.48,,,,,2.75,,,,,,,,0.3601,,0.3528,0.3539,0.3751,0.3603,0.3603,0.355,0.3625,0.3683,0.3725,0.3242,0.358,,,,,0.3612,0.3619,0.3683,,,,,0.3395,,,,,,,,2026-08-09,2.6,,0.3522,,,,,,2.4,,0.3709,,,,,,3.0,Not Found
75e283ee428bb6ac9694f82b2fee8358,basketball_wnba,WNBA,2026-08-09T16:34:09Z,2026-08-09T17:00:27Z,Las Vegas Aces @ New York Liberty,Las Vegas Aces,8.5,,,,11.5,10.5,10.5,9.4,10.5,9.0,8.0,7.52,11.0,11.11,9.09,,10.53,8.25,11.0,9.0,9.0,10.6,,,7.5,,,,,,,,0.0871,,,,0.0533,0.0526,0.0526,0.0945,0.0714,0.0839,0.0771,0.1035,0.0782,0.0863,0.1005,,0.0888,0.0798,0.0647,0.0839,0.0701,0.0799,,,0.0994,,,,,,,,2026-08-09,,,,,,,,,7.5,,0.0765,,8.75,0.0854,Polymarket,11.11,2.0,Not Found
2ae417f4b3938b266e79656d562a884c,baseball_milb,MiLB,2026-08-09T17:05:00Z,2026-08-09T17:00:27Z,Columbus Clippers @ Syracuse Mets,Columbus Clippers,1.85,,,,,,,,,,,,,,,,,,,,1.83,,1.83,,1.83,,1.83,,1.8,,,,0.5112,,,,,,,,,,,,,,,,,,,,0.5073,,0.5114,,0.5114,,0.5087,,0.516,,,,2026-08-09,,,,,,,,,,,,,,,,,2.0,Not Found
440c77bba5359e2f5581b4cc8db80c54,baseball_mlb,MLB,2026-08-09T17:40:48Z,2026-08-09T18:05:13Z,Los Angeles Angels @ Miami Marlins,Miami Marlins,1.18,1.2,1.2,1.2,1.21,1.15,1.15,1.2,1.18,1.18,1.16,1.18,1.17,1.2,1.22,1.19,1.22,1.22,1.18,1.18,1.2,1.21,,,1.18,,,,1.67,,,,0.8311,0.7976,0.8056,0.7932,0.7996,0.8302,0.8302,0.8186,0.8318,0.8185,0.8161,0.8255,0.8111,0.8267,0.8148,0.8156,0.8174,0.7975,0.8018,0.8185,0.7947,0.8215,,,0.8126,,,,0.5721,,,,2026-08-09,1.17,,0.8111,,,,,,,,,,1.22,0.7922,Polymarket,1.2,2.0,Not Found
71866abfdc93a2b5c476fec615cd1c69,soccer_austria_bundesliga,Austrian Football Bundesliga,2026-08-09T17:00:00Z,2026-08-09T18:05:13Z,LASK @ Austria Wien,LASK,1.95,1.76,1.8,1.79,1.85,1.82,1.82,1.93,1.91,1.91,1.83,1.9,1.93,,,,,1.85,1.85,1.91,1.85,,,,1.82,,,,,,,,0.4923,0.5206,0.5184,0.517,0.4985,0.5139,0.5139,0.5157,0.4998,0.4902,0.4994,0.5073,0.5157,,,,,0.514,0.5078,0.4902,0.4978,,,,0.5215,,,,,,,,2026-08-09,1.8,,0.5247,,,,,,1.78,1.8,,0.5184,,,,,3.0,Not Found
33d79689070489cd3c1ab90f71e6c9d8,cricket_the_hundred,The Hundred,2026-08-09T17:04:00Z,2026-08-09T18:05:13Z,Birmingham Phoenix @ London Spirit,London Spirit,,,,,,1.65,1.65,1.68,1.62,1.61,,,1.66,,,,,,1.61,,,,,,,,,,1.57,,,,,,,,,0.5808,0.5808,0.5927,0.5814,0.5913,,,0.5996,,,,,,0.5932,,,,,,,,,,0.6084,,,,2026-08-09,,,,,,,,,,,,,,,,,2.0,Not Found
77498df61ba2ae1cb86f7f075f8dfb54,soccer_poland_ekstraklasa,Ekstraklasa - Poland,2026-08-09T18:15:00Z,2026-08-09T18:05:13Z,Widzew Łódź @ Jagiellonia Białystok,Draw,3.1,3.15,3.25,3.07,3.25,3.2,3.2,3.3,3.3,3.2,3.15,3.24,3.3,,3.45,,,3.4,3.1,3.2,3.2,,3.1,3.1,3.1,3.1,3.34,,,3.14,,,0.3007,0.2773,0.2732,0.2821,0.2826,0.2874,0.2874,0.3008,0.2815,0.2887,0.2838,0.296,0.3011,,0.2864,,,0.2764,0.2905,0.2887,0.2874,,0.3011,0.3011,0.2948,0.2948,0.2822,,,0.2922,,,2026-08-09,3.1,3.15,0.2933,0.2882,3.1,,0.28,,3.05,,0.2833,,,,,,3.0,Not Found
cace409c1c9708d449b8598e55ca9536,baseball_mlb,MLB,2026-08-09T18:10:41Z,2026-08-09T18:57:29Z,Minnesota Twins @ Milwaukee Brewers,Minnesota Twins,4.9,4.0,4.3,4.35,4.25,4.43,4.43,3.95,4.73,4.9,4.5,5.08,3.85,5.0,5.0,4.52,5.0,4.25,4.1,4.9,4.6,4.9,,,4.5,,,,,,,,0.1922,0.2152,0.2031,0.1912,0.2078,0.1891,0.1891,0.2167,0.1959,0.1783,0.1801,0.1783,0.2025,0.1935,0.1935,0.1974,0.1968,0.2078,0.1982,0.1783,0.1813,0.1988,,,0.1874,,,,,,,,2026-08-09,4.7,,0.1716,,,,,,,,,,4.55,0.1862,Polymarket,5.0,2.0,Not Found
c5bb2d2151c2a9afff0bd23e9f98f186,soccer_italy_coppa_italia,Coppa Italia,2026-08-09T17:49:00Z,2026-08-09T18:57:29Z,Brescia @ Arezzo,Arezzo,,,,,1.43,,,1.48,,1.3,1.22,1.46,,,,,,,1.4,1.3,,,,,,,,,,,,,,,,,0.6746,,,0.6693,,0.7346,,0.6628,,,,,,,0.6777,0.7346,,,,,,,,,,,,,2026-08-09,,,,,,,,,,,,,,,,,3.0,Not Found
3c4117e9a1acd52c102cbf522ed14329,tennis_wta_canadian_open,WTA Canadian Open,2026-08-09T18:50:00Z,2026-08-09T18:57:29Z,Coco Gauff @ Alina Korneeva,Alina Korneeva,4.0,3.7,3.75,3.75,3.6,3.64,3.64,4.0,3.5,3.45,3.45,3.85,4.0,,,,4.0,,3.5,3.45,3.45,3.95,3.67,3.67,3.6,3.5,3.62,,3.5,3.58,,,0.2218,0.2475,0.2487,0.2457,0.2513,0.2437,0.2437,0.2462,0.2582,0.2603,0.2603,0.2482,0.2462,,,,0.2462,,0.2582,0.2603,0.2603,0.2478,0.2516,0.2516,0.2572,0.2553,0.2564,,0.2582,0.2521,,,2026-08-09,3.6,,0.2389,,3.75,3.6,0.2457,0.2543,3.35,,0.2617,,,,,,2.0,Not Found
e0a8729f6b2c848171d29e6bd1c48077,soccer_chile_campeonato,Primera División - Chile,2026-08-09T19:00:00Z,2026-08-09T18:57:29Z,Deportes Limache @ O'Higgins,O'Higgins,1.95,1.9,1.92,,1.98,1.98,1.98,2.02,2.0,2.0,2.0,1.99,2.04,,2.08,2.06,,2.0,1.95,,2.0,,1.99,1.99,1.91,1.99,2.0,,,1.92,,,0.4874,0.488,0.4872,,0.4796,0.4795,0.4795,0.4913,0.48,0.4718,0.4718,0.4889,0.4881,,0.4807,0.471,,0.4852,0.4716,,0.4718,,0.483,0.483,0.4932,0.483,0.4861,,,0.4943,,,2026-08-09,1.83,1.95,0.5098,0.482,1.87,1.99,0.4908,0.483,,,,,,,,,3.0,Not Found
9787ffdc39d62ec33a07c7d40b78adee,baseball_mlb,MLB,2026-08-09T18:10:40Z,2026-08-09T19:42:04Z,Cleveland Guardians @ Chicago White Sox,Chicago White Sox,,2.55,2.7,2.6,2.65,,,2.9,2.65,2.75,2.63,,,2.94,2.86,2.72,,2.7,,2.75,2.65,2.88,,,2.7,,,,,,,,,0.3464,0.3427,0.3475,0.3508,,,0.3323,0.3597,0.3322,0.333,,,0.3345,0.3459,0.3437,,0.345,,0.3322,0.3366,0.3358,,,0.338,,,,,,,,2026-08-09,2.5,,0.3552,,,,,,,,,,,,Polymarket,2.94,2.0,Not Found
4204e2b2947477d251548f1c02e632d3,soccer_brazil_campeonato,Brazil Série A,2026-08-09T19:00:00Z,2026-08-09T19:42:04Z,Vasco da Gama @ Bahia,Vasco da Gama,3.7,3.45,3.55,3.6,3.8,3.5,3.5,4.1,3.75,3.85,3.6,3.73,3.9,,3.92,,,3.75,3.4,3.65,,,,,3.75,,,,,,,,0.252,,0.2455,0.237,0.2331,0.2512,0.2512,0.2416,0.244,0.2316,,0.2492,0.2544,,0.2533,,,0.2443,0.2572,0.2317,,,,,0.245,,,,,,,,2026-08-09,4.0,,0.2178,,,,,,3.55,,,,,,,,3.0,Not Found
a7521ab1b3d33fa79e27498c47700cb4,baseball_mlb,MLB,2026-08-09T18:38:21Z,2026-08-09T20:05:37Z,Baltimore Orioles @ Texas Rangers,Baltimore Orioles,1.09,1.09,1.1,1.07,1.08,1.06,1.08,1.1,1.11,1.06,1.07,,1.07,1.12,1.12,,1.12,1.1,1.08,1.06,1.08,,,,1.08,,,,,,,,0.9111,0.8898,0.8831,0.8932,0.8984,0.9068,0.8887,0.8977,0.8855,0.9161,0.8932,,0.9048,0.8864,0.8864,,0.889,0.8831,0.886,0.9161,0.8915,,,,0.8963,,,,,,,,2026-08-09,1.06,,0.905,,,,,,,,,,1.1,0.8805,Polymarket,1.12,2.0,Not Found
bac9e187714c6a939bb4d4654c17f915,soccer_chile_campeonato,Primera División - Chile,2026-08-09T21:32:00Z,2026-08-09T21:53:49Z,Colo Colo @ Union La Calera,Draw,3.4,3.25,3.35,,3.1,3.4,3.4,3.6,3.45,3.1,3.05,,3.6,,3.7,,,3.6,3.2,,,,,,3.55,,,,,,,,0.2693,0.2577,0.263,,0.2762,0.26,0.26,0.2716,0.2651,0.2872,0.2792,,0.2742,,0.2634,,,0.2636,0.2634,,,,,,0.2534,,,,,,,,2026-08-09,3.6,,0.2429,,,,,,,,,,,,,,3.0,Not Found
caddf8bdb8586ab029fc72c798e9528e,soccer_concacaf_leagues_cup,Leagues Cup,2026-08-09T23:30:00Z,2026-08-09T21:53:49Z,New York City FC @ Cruz Azul,Draw,3.4,3.4,3.45,,3.25,3.4,3.4,3.7,3.3,3.4,3.4,3.56,,,,,,3.65,3.2,3.4,3.4,,3.6,3.6,3.4,,3.38,,3.2,,,,0.2734,0.2567,0.256,,0.2669,0.2703,0.2703,0.263,0.2766,0.2715,0.2715,0.2679,,,,,,0.2585,0.2695,0.2715,0.2693,,0.2611,0.2611,0.2706,,0.2716,,0.2695,,,,2026-08-09,,,,,,,,,3.4,,0.2715,,,,,,3.0,Not Found
ece53cb43a98f6c6ad4ab5379d775edf,soccer_concacaf_leagues_cup,Leagues Cup,2026-08-10T00:00:00Z,2026-08-09T23:00:19Z,Atlético San Luis @ Nashville SC,Draw,3.8,3.65,3.7,,3.5,3.7,3.7,4.0,3.7,4.1,4.1,3.77,,,,,,4.0,3.4,4.1,4.1,,3.71,3.71,3.7,,3.62,,3.4,,,,0.2398,0.2355,0.2364,,0.2455,0.2446,0.2446,0.2449,0.2438,0.2202,0.2202,0.2512,,,,,,0.2338,0.25,0.2202,0.219,,0.253,0.253,0.2484,,0.2515,,0.25,,,,2026-08-10,,,,,,,,,4.1,,0.2202,,,,,,3.0,Not Found
d9b62e29a0a330bd411cd6e0f41bd0b2,tennis_atp_canadian_open,ATP Canadian Open,2026-08-09T23:50:00Z,2026-08-09T23:40:53Z,Jakub Mensik @ Botic van de Zandschulp,Jakub Mensik,1.33,1.34,1.34,1.32,1.34,1.34,1.34,1.37,1.36,1.35,1.35,1.36,1.37,,,1.37,1.36,1.36,1.36,1.35,1.35,1.37,1.34,1.34,1.35,1.31,1.36,,1.36,1.34,,,0.7289,0.7261,0.7282,0.7295,0.7169,0.7216,0.7216,0.7261,0.7089,0.7141,0.7141,0.7214,0.7261,,,0.7057,0.7276,0.7206,0.7064,0.7141,0.7141,0.7241,0.7248,0.7248,0.7165,0.7324,0.7152,,0.7064,0.7188,,,2026-08-09,1.27,,0.7466,,1.34,,0.7216,,1.33,,0.7146,,,,,,2.0,Not Found
b148b37afabbdc1f5316e7e090b9eb1f,soccer_chile_campeonato,Primera División - Chile,2026-08-10T00:00:00Z,2026-08-09T23:40:53Z,Palestino @ Universidad de Chile,Universidad de Chile,1.57,1.54,1.56,,1.62,1.62,1.62,1.65,1.65,1.65,1.65,1.62,1.64,,1.64,1.67,,1.67,1.6,,1.65,,1.6,1.6,1.6,1.6,1.57,,,1.58,,,0.614,0.6087,0.6083,,0.5905,0.593,0.593,0.6023,0.5863,0.578,0.578,0.6033,0.6067,,0.6032,0.58,,0.5848,0.5881,,0.578,,0.6013,0.6013,0.597,0.6013,0.6054,,,0.6064,,,2026-08-10,1.5,1.58,0.6317,0.6009,1.53,1.6,0.6109,0.6013,,,,,,,,,3.0,Not Found
c35264ee6918a6cd2b2133986c7bba43,soccer_concacaf_leagues_cup,Leagues Cup,2026-08-10T01:00:00Z,2026-08-09T23:40:53Z,Puebla @ Austin FC,Austin FC,1.62,1.66,1.68,,1.69,1.72,1.72,1.73,1.8,1.73,1.73,1.7,,,,,,1.72,1.7,1.73,1.72,,1.73,1.73,1.77,,1.67,,1.7,,,,0.5897,0.5639,0.5634,,0.5519,0.5588,0.5588,0.572,0.529,0.556,0.556,0.5737,,,,,,0.5635,0.5474,0.556,0.5552,,0.5613,0.5613,0.5412,,0.5743,,0.5474,,,,2026-08-10,,,,,,,,,1.73,,0.556,,,,,,3.0,Not Found
0bdcc169898fa56f98953c275c5f9d4e,baseball_mlb,MLB,2026-08-10T00:20:00Z,2026-08-10T00:05:21Z,Houston Astros @ San Diego Padres,Houston Astros,2.06,1.96,1.98,1.92,1.98,1.98,1.98,2.1,2.03,2.0,1.97,2.06,2.1,2.08,2.08,2.03,2.11,2.0,2.0,2.0,2.02,2.1,2.03,2.03,2.01,2.05,2.06,2.09,2.0,2.0,,,0.4739,0.4773,0.4778,0.4795,0.4823,0.4793,0.4793,0.4749,0.4831,0.4797,0.4806,0.4768,0.4749,0.4758,0.4758,0.4803,0.4724,0.4753,0.4722,0.4797,0.4801,0.4749,0.4803,0.4803,0.4755,0.4765,0.4753,0.4747,0.4722,0.4738,,,2026-08-10,2.0,,0.4675,,1.96,2.02,0.4804,0.4801,,,,,1.98,0.4851,Polymarket,2.08,2.0,Not Found
f6371667f9790170cb0a1f33e92bc4c3,cricket_odi,One Day Internationals,2026-08-10T09:45:00Z,2026-08-10T02:30:22Z,Afghanistan @ Ireland,Afghanistan,,,,,,,,1.6,1.5,1.5,1.5,1.49,,,,1.5,,,,,,,,,,,,,1.53,1.49,,,,,,,,,,0.6202,0.6373,0.6373,0.6373,0.6497,,,,0.6395,,,,,,,,,,,,,0.6268,0.6307,,,2026-08-10,,,,,,,,,,,,,,,,,2.0,Not Found
30499abcb1005c8f30bfd057ddd2fafc,soccer_russia_premier_league,Premier League - Russia,2026-08-10T16:30:00Z,2026-08-10T04:16:25Z,FC Akhmat Grozny @ FC Fakel Voronezh,FC Akhmat Grozny,,,,,,,,,,,,2.28,,,,,,,,,,,2.34,,2.15,,2.34,,,2.28,,,,,,,,,,,,,,0.4255,,,,,,,,,,,0.4064,,0.4334,,0.4221,,,0.4249,,,2026-08-10,,2.18,,0.4223,,,,,,,,,,,,,3.0,Not Found
eb0eab99af00644a4a9f9818f065f3dc,soccer_sweden_allsvenskan,Allsvenskan - Sweden,2026-08-10T17:00:00Z,2026-08-10T05:48:50Z,Djurgardens IF @ Västerås SK,Djurgardens IF,1.71,1.78,1.8,1.82,1.83,1.82,1.82,1.89,1.83,1.79,1.74,1.88,1.89,,,1.83,,1.85,1.85,1.72,1.7,,1.85,1.85,1.85,1.85,,,1.85,,,,0.5584,0.5225,0.5234,0.5226,0.5222,0.5265,0.5265,0.5235,0.5255,0.5484,0.5512,0.5173,0.5235,,,0.5263,,0.528,0.511,0.5527,0.5529,,0.5171,0.5171,0.5193,0.5193,,,0.511,,,,2026-08-10,1.77,,0.5368,,1.75,1.88,0.5388,0.5178,1.61,,,,,,,,3.0,Not Found
73e3be2a33409d0f08267d062817bfe0,soccer_sweden_allsvenskan,Allsvenskan - Sweden,2026-08-10T17:00:00Z,2026-08-10T05:48:50Z,IF Brommapojkarna @ IK Sirius,IF Brommapojkarna,8.0,7.0,7.25,8.0,8.25,9.5,9.5,10.0,9.0,9.5,8.5,10.14,10.0,,,8.21,,8.1,8.5,8.5,8.0,,8.8,8.8,9.5,9.5,,,8.5,,,,0.0965,0.1055,0.1064,0.0987,0.1,0.0823,0.0823,0.0982,0.0914,0.0954,0.0938,0.0823,0.0982,,,0.1012,,0.1099,0.0859,0.0907,0.0892,,0.0918,0.0918,0.083,0.083,,,0.0859,,,,2026-08-10,8.5,,0.0885,,7.6,10.16,0.0977,0.0842,7.5,,,,,,,,3.0,Not Found
31929f3f6dfb53da38b3dea8b6b3361a,soccer_sweden_superettan,Superettan - Sweden,2026-08-10T17:00:00Z,2026-08-10T07:00:27Z,Örebro SK @ Norrby IF,Draw,3.5,,,,3.3,3.4,3.4,3.55,3.45,3.45,3.45,3.43,3.55,,,,,3.4,3.1,3.35,3.3,,3.35,3.35,3.3,3.3,3.3,,3.1,3.3,,,0.2639,,,,0.2714,0.2691,0.2691,0.2747,0.2705,0.2659,0.2659,0.2757,0.2747,,,,,0.2783,0.2853,0.2638,0.2635,,0.2781,0.2781,0.2735,0.2735,0.2784,,0.2853,0.2764,,,2026-08-10,3.4,,0.2577,,,3.35,,0.2781,,,,,,,,,3.0,Not Found
1a445560d2b4ababdc8ae392129d42cb,baseball_mlb,MLB,2026-09-01T01:38:27Z,2026-09-01T02:05:03Z,New York Yankees @ Los Angeles Angels,Los Angeles Angels,2.15,1.94,2.0,1.95,2.1,1.95,1.81,2.12,2.1,2.14,2.06,2.12,,2.17,2.22,2.16,2.25,2.05,1.95,2.14,2.08,2.25,,,2.05,,,,,,,,0.4501,0.4636,0.4691,0.4707,0.4457,0.4755,0.5145,0.4501,0.4588,0.4395,0.4397,0.4485,,0.4557,0.4459,0.4374,0.4315,0.4661,0.4674,0.4395,0.441,0.4381,,,0.4565,,,,,,,,2026-09-01,2.2,,0.4148,,,,,,,,,,1.9,0.5,Polymarket,2.17,2.0,Not Found
e442f31945622dc175c3496f08891fe5,tennis_atp_us_open,ATP US Open,2026-08-31T23:15:13Z,2026-09-01T02:05:03Z,Alexei Popyrin @ Grigor Dimitrov,Alexei Popyrin,1.33,1.23,1.24,1.36,1.34,1.24,1.25,1.41,1.26,1.28,1.24,1.62,1.43,,1.41,,1.37,1.3,1.36,1.28,,1.39,,,1.22,,,,1.36,,,,0.7244,0.7527,0.7604,0.6903,0.7118,0.7651,0.7584,0.7076,0.768,0.7517,0.7604,0.595,0.6934,,0.7045,,0.7148,0.7495,0.701,0.7517,,0.7105,,,0.7987,,,,0.701,,,,2026-08-31,1.25,,0.7611,,,,,,1.21,,0.7662,,1.35,0.7091,,,2.0,Not Found
ea02350454dabeb095ddead45ad2253f,baseball_npb,NPB,2026-09-01T09:00:00Z,2026-09-01T02:05:03Z,Hanshin Tigers @ Tokyo Yakult Swallows,Hanshin Tigers,1.34,,,1.32,1.35,1.35,1.35,,1.36,1.36,1.36,1.37,,,,,,1.37,1.36,,1.36,,1.37,1.37,1.35,1.37,1.37,,,,,,0.7193,,,0.7064,0.7091,0.7141,0.7141,,0.7114,0.701,0.701,0.7125,,,,,,0.7037,0.701,,0.701,,0.7097,0.7097,0.7091,0.7082,0.7106,,,,,,2026-09-01,1.3,,0.7284,,1.31,,0.7062,,1.36,,0.701,,1.36,0.7064,,,2.0,Not Found
5f751b5aae66715329d4c84517b071c8,baseball_kbo,KBO,2026-09-01T09:30:00Z,2026-09-01T02:05:03Z,LG Twins @ Doosan Bears,Doosan Bears,1.89,,,1.79,1.95,2.0,2.0,,2.0,2.0,2.0,2.02,,,,,,1.96,,,2.0,,2.05,2.05,2.0,,2.02,,,,,,0.5055,,,0.5046,0.4786,0.4753,0.4753,,0.4768,0.4691,0.4691,0.4713,,,,,,0.4848,,,0.4691,,0.4661,0.4661,0.4675,,0.4816,,,,,,2026-09-01,1.9,,0.4854,,1.77,,0.5047,,,,,,1.87,0.5042,,,2.0,Not Found
f3e81bf6c8333e2e4555c4838cb78ba7,baseball_npb,NPB,2026-09-01T09:00:00Z,2026-09-01T07:45:04Z,Hiroshima Toyo Carp @ Chunichi Dragons,Chunichi Dragons,1.63,,,1.58,1.65,1.65,1.65,,1.65,1.71,1.71,1.66,,,,,,1.68,1.67,,1.71,,1.67,1.67,1.59,1.65,1.68,,,,,,0.5875,,,0.5828,0.5758,0.5808,0.5808,,0.5856,0.5543,0.5543,0.5884,,,,,,0.5703,0.5613,,0.5543,,0.582,0.582,0.5971,0.5798,0.5774,,,,,,2026-09-01,1.57,,0.5962,,1.58,,0.5839,,1.71,,0.5543,,1.63,0.5825,,,2.0,Not Found
760687c47e2fa8ccc985b723618059f9,baseball_npb,NPB,2026-09-01T09:00:00Z,2026-09-01T07:45:04Z,Fukuoka SoftBank Hawks @ Hokkaido Nippon-Ham Fighters,Fukuoka SoftBank Hawks,1.52,,,1.48,1.5,1.52,1.52,,1.54,1.53,1.53,1.55,,,,,,1.52,1.5,,1.53,,1.56,1.56,1.5,1.54,1.57,,,,,,0.6321,,,0.626,0.6333,0.6366,0.6366,,0.6247,0.6227,0.6227,0.6303,,,,,,0.6329,0.6333,,0.6227,,0.626,0.626,0.6333,0.6286,0.6201,,,,,,2026-09-01,1.47,,0.6401,,1.48,,0.6251,,1.53,,0.6227,,1.52,0.6281,,,2.0,Not Found
61b01b6e054522a5b142dfa57e7de850,tennis_atp_us_open,ATP US Open,2026-09-01T15:00:00Z,2026-09-01T12:47:49Z,Flavio Cobolli @ Francisco Comesana,Francisco Comesana,4.3,4.5,4.6,4.5,4.25,4.34,4.34,4.9,4.27,4.5,4.5,4.64,4.9,,5.0,4.66,4.88,4.5,4.2,4.5,4.5,4.85,4.85,4.85,4.5,,4.41,,4.2,,,,0.2098,0.2013,0.1989,0.2013,0.2044,0.1985,0.1985,0.1988,0.2073,0.1979,0.1979,0.2013,0.1988,,0.1935,0.1975,0.2025,0.2079,0.2092,0.1979,0.1979,0.1999,0.1899,0.1899,0.2013,,0.2069,,0.2092,,,,2026-09-01,4.6,,0.185,,4.55,4.3,0.2001,0.2064,4.35,,0.1948,,4.4,0.2004,,,2.0,Not Found
b82786bf6372f738c1ebf5e138b4c826,tennis_wta_us_open,WTA US Open,2026-09-01T15:00:00Z,2026-09-01T12:47:49Z,Robin Montgomery @ Maria Sakkari,Maria Sakkari,1.61,1.62,1.64,1.64,1.65,1.6,1.6,1.68,1.61,1.57,1.57,1.65,1.68,,1.67,1.64,1.67,1.65,1.61,1.57,1.57,1.67,1.67,1.67,1.65,,1.6,,1.62,,,,0.5987,0.5913,0.5921,0.5894,0.5758,0.5922,0.5922,0.5944,0.5932,0.6084,0.6084,0.5921,0.5944,,0.5945,0.5846,0.5945,0.5903,0.5932,0.6084,0.6084,0.5961,0.5811,0.5811,0.5856,,0.6033,,0.5913,,,,2026-09-01,1.57,,0.6057,,1.62,1.65,0.5913,0.5808,1.56,,0.6077,,1.62,0.5913,,,2.0,Not Found
b3177144dedc9b9fbd90b2259e71b3e0,tennis_wta_us_open,WTA US Open,2026-09-01T17:30:00Z,2026-09-01T16:59:20Z,Ella Seidel @ Yuliia Starodubtseva,Yuliia Starodubtseva,1.32,1.33,1.34,1.31,1.31,,,1.36,1.33,1.34,1.34,1.33,1.37,,1.37,1.32,1.36,1.34,,1.34,1.34,1.37,1.33,1.33,1.32,,1.35,,,,,,0.7359,0.7289,0.7303,0.7188,0.7346,,,0.7307,0.7235,0.7193,0.7193,0.7374,0.728,,0.7298,0.7334,0.7303,0.7303,,0.7193,0.7193,0.7261,0.7331,0.7331,0.7359,,0.7202,,,,,,2026-09-01,1.3,,0.7376,,1.32,,0.7317,,1.33,,0.7197,,1.35,0.7233,,,2.0,Not Found
62fd921d078634bff521a039e5d072e2,soccer_efl_champ,Championship,2026-09-01T18:45:00Z,2026-09-01T19:52:49Z,Bolton Wanderers @ Sheffield United,Sheffield United,1.95,1.82,1.9,1.83,1.95,1.85,1.85,2.04,1.91,2.15,2.02,1.95,2.1,,2.08,,,1.91,1.91,2.16,,,,,1.91,,,,,,,,0.49,0.5009,0.4906,0.5092,0.4803,0.5079,0.5079,0.4879,0.5006,0.4386,0.446,0.4936,0.4726,,0.4806,,,0.5006,0.4885,0.4372,,,,,0.4956,,,,,,,,2026-09-01,1.85,,0.5061,,,,,,2.0,,,,,,,,3.0,Not Found
c6f506d7a31321bb3686f44216f99ab5,soccer_england_league1,League 1,2026-09-01T18:45:00Z,2026-09-01T19:52:49Z,Stevenage @ Peterborough United,Peterborough United,,,,,2.5,2.6,2.6,2.94,2.7,2.43,2.3,2.73,2.94,,,,,2.8,2.62,2.43,,,,,2.66,,,,,,,,,,,,0.3625,0.3436,0.3436,0.3367,0.3475,0.3762,,0.3442,0.3367,,,,,0.3313,0.3416,0.3762,,,,,0.3408,,,,,,,,2026-09-01,2.6,,0.3522,,,,,,,,,,,,,,3.0,Not Found
e8d0f37e3f47e39eecd449b8db5aa68a,tennis_atp_us_open,ATP US Open,2026-09-01T20:10:00Z,2026-09-01T19:52:49Z,Lorenzo Musetti @ Arthur Fery,Arthur Fery,3.9,3.5,3.6,3.8,3.75,3.8,3.8,3.85,3.61,4.1,4.1,3.72,3.85,,3.7,4.0,3.7,3.9,3.6,4.1,4.1,3.65,3.85,3.85,3.75,3.7,3.77,,3.6,3.72,,,0.2314,0.2612,0.2601,0.2316,0.2396,0.2316,0.2316,0.2567,0.2479,0.2187,0.2187,0.2556,0.2567,,0.2592,0.225,0.262,0.2406,0.2513,0.2187,0.2187,0.2666,0.2392,0.2392,0.2457,0.2414,0.245,,0.2513,0.2407,,,2026-09-01,3.8,,0.2316,,3.95,3.8,0.2329,0.2379,,,,,3.85,0.233,,,2.0,Not Found
4711d7991f136c33418ce5fdc84c0337,tennis_wta_us_open,WTA US Open,2026-09-01T21:52:30Z,2026-09-01T22:16:47Z,Leolia Jeanjean @ Arantxa Rus,Arantxa Rus,2.6,2.45,2.5,2.57,2.54,2.64,2.67,2.76,2.77,2.55,2.4,2.57,2.58,,2.78,,2.53,2.95,2.5,2.48,,2.74,,,2.3,,,,2.5,,,,0.359,0.3469,0.3503,0.3449,0.359,0.3373,0.3352,0.3606,0.3333,0.3627,0.3682,0.372,0.3582,,0.3552,,0.3643,0.3123,0.3667,0.3705,,0.3578,,,0.4144,,,,0.3667,,,,2026-09-01,2.6,,0.3475,,,,,,2.4,,0.3562,,2.7,0.3404,,,2.0,Not Found
8fa0437a44d41f7261e9fd8899ed690c,tennis_wta_us_open,WTA US Open,2026-09-01T22:30:00Z,2026-09-01T22:16:47Z,Francesca Jones @ Magda Linette,Francesca Jones,1.93,1.92,1.94,1.97,1.87,1.93,1.93,2.02,1.84,1.89,1.89,1.96,2.02,,1.96,1.9,1.96,1.96,1.95,1.89,1.89,2.03,1.91,1.91,1.91,1.87,1.94,,1.95,1.91,,,0.4959,0.4973,0.4973,0.485,0.5056,0.4873,0.4873,0.4911,0.514,0.5,0.5,0.496,0.4911,,0.5,0.5014,0.4947,0.4947,0.4861,0.5,0.5,0.4899,0.5,0.5,0.5,0.5,0.496,,0.4861,0.4958,,,2026-09-01,1.97,,0.476,,1.95,1.87,0.4876,0.5,1.88,,0.5,,1.95,0.4876,,,2.0,Not Found
6185eb4fd80c8e430e49b2f45c4edd5a,soccer_brazil_serie_b,Brazil Série B,2026-09-01T22:30:00Z,2026-09-01T22:16:47Z,Juventude @ Londrina,Juventude,2.2,,,,,2.12,2.12,2.16,2.15,2.18,2.1,2.15,2.28,,,,,2.2,2.15,2.18,2.15,,2.16,2.16,,2.16,2.14,,2.15,2.13,,,0.4308,,,,,0.4411,0.4411,0.4568,0.4446,0.4332,0.4333,0.4521,0.4371,,,,,0.43,0.4343,0.4332,0.4328,,0.4416,0.4416,,0.4416,0.4428,,0.4343,0.4429,,,2026-09-01,2.2,2.16,0.4184,0.4324,,,,,,,,,,,,,3.0,Not Found
874e29bfd4c7ab163ddfa617eea8e30c,baseball_milb,MiLB,2026-09-01T22:35:00Z,2026-09-01T22:16:47Z,Charlotte Knights @ Gwinnett Stripers,Gwinnett Stripers,1.89,,,,,,,,,,,,,,,,,,,,1.88,,1.87,,1.87,,1.91,,,,,,0.5,,,,,,,,,,,,,,,,,,,,0.4927,,0.5,,0.5,,0.5,,,,,,2026-09-01,,,,,,,,,,,,,,,,,2.0,Not Found
aa9bc2a56a023039dcd7df50552350cb,tennis_atp_us_open,ATP US Open,2026-09-01T21:02:58Z,2026-09-02T00:19:57Z,Francesco Passaro @ Jesper De Jong,Francesco Passaro,1.8,1.68,1.72,1.72,1.67,1.72,1.72,1.78,1.79,1.73,1.67,1.78,1.75,,1.75,,1.71,1.75,1.7,1.73,,1.74,,,1.77,,,,1.7,,,,0.5278,0.5399,0.5407,0.5303,0.5613,0.5419,0.5419,0.5616,0.5293,0.5486,0.5519,0.5405,0.5625,,0.5654,,0.5554,0.5418,0.5502,0.5486,,0.5631,,,0.5444,,,,0.5502,,,,2026-09-01,,,,,,,,,1.63,,0.5529,,,,,,2.0,Not Found
e0fd831f5e107276f1fea3b66629e33b,tennis_atp_us_open,ATP US Open,2026-09-01T23:04:00Z,2026-09-02T00:19:57Z,Gael Monfils @ Adolfo Daniel Vallejo,Adolfo Daniel Vallejo,1.83,1.96,2.0,1.82,2.1,2.01,1.78,1.93,2.01,1.95,1.88,1.78,2.12,,2.0,,1.96,2.0,2.0,1.95,,2.18,,,1.83,,,,1.85,,,,0.5232,0.4539,0.4559,0.5088,0.4387,0.4581,0.5218,0.5115,0.4679,0.4817,0.4819,0.5405,0.4596,,0.4797,,0.5076,0.4797,0.461,0.4817,,0.4531,,,0.5232,,,,0.5,,,,2026-09-01,1.75,,0.5357,,,,,,1.85,,0.4813,,1.85,0.5139,,,2.0,Not Found
0b8303c651d4d1496129678eec3fadae,baseball_milb,MiLB,2026-09-02T00:35:00Z,2026-09-02T00:19:57Z,Las Vegas Aviators @ El Paso Chihuahuas,Las Vegas Aviators,1.5,,,,,,,,,,,,,,,,,,,,1.48,,1.56,,1.48,,1.54,,,,,,0.638,,,,,,,,,,,,,,,,,,,,0.6378,,0.6113,,0.6418,,0.6255,,,,,,2026-09-02,,,,,,,,,,,,,,,,,2.0,Not Found
4206ca6be5791d606f9074f5987cb423,tennis_atp_us_open,ATP US Open,2026-09-02T00:50:00Z,2026-09-02T00:19:57Z,Lorenzo Sonego @ Alexander Zverev,Alexander Zverev,1.04,1.04,1.05,1.04,1.04,1.04,1.04,1.06,1.03,1.06,1.06,1.05,1.06,,1.05,1.05,1.05,1.06,1.06,1.06,1.06,1.06,1.02,1.02,1.04,1.04,1.05,,1.06,1.05,,,0.9377,0.9373,0.9362,0.9382,0.9308,0.9353,0.9353,0.9414,0.9445,0.9161,0.9161,0.9344,0.9404,,0.9462,0.9317,0.9437,0.9282,0.9161,0.9161,0.9161,0.9384,0.9538,0.9538,0.9391,0.9308,0.9299,,0.9161,0.9252,,,2026-09-02,1.02,,0.9485,,1.04,1.04,0.9353,0.9391,1.04,,0.9219,,1.05,0.9286,,,2.0,Not Found
8fa0437a44d41f7261e9fd8899ed690c,tennis_wta_us_open,WTA US Open,2026-09-02T01:08:34Z,2026-09-02T04:47:40Z,Francesca Jones @ Magda Linette,Magda Linette,3.8,3.35,3.45,3.4,3.6,3.56,3.56,3.5,3.48,4.1,4.0,,3.6,,3.85,,,3.75,3.0,4.1,,,,,3.75,,3.69,,3.0,3.64,,,0.241,0.2427,0.2449,0.2471,0.2452,0.2404,0.2404,0.2697,0.262,0.2154,0.2048,,0.2658,,0.2539,,,0.2487,0.299,0.2154,,,,,0.2457,,0.2509,,0.299,0.2467,,,2026-09-02,,,,,,,,,3.9,,0.1972,,,,,,2.0,Not Found
19f9d682e7e27589834568525c0abd07,soccer_austria_bundesliga,Austrian Football Bundesliga,2026-09-02T16:30:00Z,2026-09-02T17:20:25Z,WSG Tirol @ Austria Wien,Draw,2.7,2.45,2.5,2.48,2.45,2.45,2.45,2.72,2.6,2.63,2.45,2.86,2.74,,,,,2.6,2.5,2.63,2.48,,,,2.57,,,,,,,,0.3496,,0.3599,0.3631,0.3635,0.3671,0.3671,0.3642,0.3625,0.3452,,0.3298,0.3625,,,,,0.3569,0.3619,0.3452,,,,,0.3611,,,,,,,,2026-09-02,2.5,,0.3703,,,,,,2.4,2.65,,0.3423,,,,,3.0,Not Found
442889af9a3afbbbfcf55b432837269a,tennis_atp_us_open,ATP US Open,2026-09-02T17:55:00Z,2026-09-02T17:20:25Z,Alex de Minaur @ Andrea Guerrieri,Andrea Guerrieri,13.8,13.5,13.5,13.0,11.0,12.0,12.0,16.0,13.0,12.0,12.0,12.06,16.0,,16.67,12.71,15.38,,11.0,12.0,12.0,14.0,12.5,12.5,13.0,,19.0,,11.0,,,,0.0508,0.0563,0.0563,0.0577,0.06,0.0609,0.0609,0.0596,0.0483,0.0562,0.0562,0.0653,0.0596,,0.0538,0.0539,0.0608,,0.0647,0.0562,0.0562,0.064,0.0592,0.0592,0.053,,0.0313,,0.0647,,,,2026-09-02,,,,,,11.2,,0.0639,,,,,,,,,2.0,Not Found
bc41dd439054452e36d98c8bef91e38c,tennis_atp_us_open,ATP US Open,2026-09-02T17:16:00Z,2026-09-02T19:54:01Z,Jacob Fearnley @ Tomas Martin Etcheverry,Jacob Fearnley,8.5,8.0,8.5,7.5,8.5,7.95,7.95,12.0,10.6,9.0,9.0,10.2,12.0,,12.5,,7.14,8.75,7.0,9.0,,10.9,,,11.0,,,,7.0,,,,0.0915,0.0817,0.0826,0.095,0.0826,0.0867,0.0867,0.0787,0.0755,0.0794,0.0605,0.0817,0.0787,,,,0.0938,0.0899,0.1085,0.0794,,0.0786,,,0.0693,,,,0.1085,,,,2026-09-02,,,,,,,,,,,,,,,,,2.0,Not Found
4c2c4cb4faeb6095ca8a87c82e64f238,soccer_spl,Premiership - Scotland,2026-09-02T18:45:00Z,2026-09-02T19:54:01Z,St Johnstone @ Dundee FC,St Johnstone,3.1,,,,2.8,2.85,2.85,3.3,2.95,2.88,2.7,2.91,3.25,,3.23,,,2.88,2.88,2.88,,,,,3.0,,,,,,,,0.302,,,,0.3124,0.3181,0.3177,0.3003,0.3146,0.3192,,0.3242,0.3034,,0.3066,,,0.3218,0.3123,0.3186,,,,,0.3094,,,,,,,,2026-09-02,2.9,,0.3119,,,,,,2.7,,,,,,,,3.0,Not Found
6bf48215b8fff719b0bb929a98848b6d,soccer_england_league1,League 1,2026-09-02T18:45:00Z,2026-09-02T19:54:01Z,Stockport County FC @ Luton,Draw,,,,,2.35,2.35,2.3,2.76,2.4,2.25,2.12,2.45,2.94,,,,,2.38,2.3,3.5,,,,,2.38,,,,,,,,,,,,0.3883,0.3859,0.3969,,0.3958,0.4081,,0.386,,,,,,0.3962,0.3999,0.2523,,,,,0.3854,,,,,,,,2026-09-02,2.3,3.55,0.4046,0.249,,,,,,,,,,,,,3.0,Not Found
618b994c9bbf2aa02be60161ecb684a6,tennis_wta_us_open,WTA US Open,2026-09-02T20:40:00Z,2026-09-02T19:54:01Z,Donna Vekic @ Ann Li,Ann Li,1.57,1.6,1.6,1.6,1.56,1.57,1.57,1.65,1.55,1.65,1.65,1.62,1.65,,1.61,1.61,1.65,1.63,1.57,1.65,1.65,1.64,1.64,1.64,1.61,1.59,1.62,,1.57,1.6,,,0.6152,0.6042,0.6042,0.6042,0.6122,0.6048,0.6048,0.603,0.616,0.5788,0.5788,0.6037,0.603,,0.6152,0.6031,0.603,0.5984,0.6084,0.5788,0.5788,0.6016,0.5939,0.5939,0.5978,0.6053,0.5959,,0.6084,0.597,,,2026-09-02,1.57,,0.6057,,1.6,1.61,0.5997,0.5978,1.63,,0.5795,,1.59,0.6035,,,2.0,Not Found
fbec424c3540172206f3eb0220ba482a,tennis_wta_us_open,WTA US Open,2026-09-02T20:40:00Z,2026-09-02T19:54:01Z,Anna Kalinskaya @ Xinyu Wang,Xinyu Wang,2.68,2.75,2.8,2.73,2.75,2.7,2.7,2.86,2.75,2.6,2.6,2.83,2.86,,,2.76,2.82,2.8,2.6,2.6,2.6,2.86,2.8,2.8,2.75,2.77,2.7,,2.6,,,,0.351,0.3394,0.3384,0.3453,0.3346,0.338,0.338,0.3459,0.3346,0.3567,0.3567,0.3411,0.3459,,,0.324,0.3484,0.343,0.359,0.3567,0.3567,0.3459,0.3407,0.3407,0.3417,0.338,0.3496,,0.359,,,,2026-09-02,2.8,,0.3265,,2.75,2.7,0.3394,0.3473,2.55,,0.3582,,2.75,0.337,,,2.0,Not Found
6467c41d2b7da8c9e8efcda4c5d5f7b8,baseball_mlb,MLB,2026-09-03T01:39:00Z,2026-09-03T00:22:30Z,New York Yankees @ Los Angeles Angels,Los Angeles Angels,2.36,2.3,2.3,2.32,2.35,2.33,2.33,2.46,2.38,2.4,2.4,2.43,2.46,2.44,2.44,2.46,2.47,2.35,2.35,2.4,2.43,2.46,2.44,2.44,2.4,2.39,2.41,2.48,2.3,2.34,2.4,,0.4032,0.4009,0.4049,0.4011,0.4022,0.404,0.404,0.4039,0.3976,0.3958,0.3958,0.4027,0.4039,0.4055,0.4055,0.3965,0.403,0.4003,0.4003,0.3958,0.3971,0.4039,0.3982,0.3982,0.3958,0.4043,0.4044,0.3967,0.4087,0.4012,0.4053,,2026-09-03,2.4,,0.3858,,2.35,2.39,0.4003,0.4043,,,,,2.37,0.4023,Polymarket,2.44,2.0,Not Found
f9c2dccf3f96af29cd35f47361fe757e,baseball_kbo,KBO,2026-09-03T09:30:00Z,2026-09-03T04:48:48Z,Hanwha Eagles @ KT Wiz,KT Wiz,1.58,,,1.52,1.54,1.58,1.58,,1.57,1.55,1.55,1.56,,,,,,1.57,,,1.55,,1.59,1.59,1.54,,1.61,,,,,,0.6081,,,0.6037,0.6163,0.6081,0.6081,,0.6101,0.6142,0.6142,0.6164,,,,,,0.6119,,,0.6142,,0.6137,0.6137,0.6163,,0.6081,,,,,,2026-09-03,1.52,,0.6162,,1.51,,0.6039,,,,,,1.57,0.6057,,,2.0,Not Found
d3f4116532799d09e8bf8bee1172d1b0,baseball_npb,NPB,2026-09-03T09:00:37Z,2026-09-03T09:14:37Z,Hanshin Tigers @ Tokyo Yakult Swallows,Tokyo Yakult Swallows,3.85,,,5.1,4.5,2.6,2.6,,7.5,3.55,2.55,2.67,,,,,,3.85,5.25,,3.5,,2.65,2.65,3.75,,,,,,,,0.2299,,,0.1351,0.1838,0.3634,0.3634,,0.0994,0.2376,0.3627,0.3424,,,,,,0.22,0.1528,,0.2296,,0.3619,0.3619,0.2333,,,,,,,,2026-09-03,4.5,,0.1838,,,,,,3.35,,,,2.5,0.3552,,,2.0,Not Found
e802b820d1c320c6c644b5c2fa25029a,baseball_kbo,KBO,2026-09-03T09:30:00Z,2026-09-03T09:14:37Z,SSG Landers @ Kiwoom Heroes,SSG Landers,1.62,,,1.57,1.69,1.68,1.68,,1.61,1.68,1.68,1.62,,,,,,1.66,,,1.68,,1.68,1.68,1.59,,1.73,,,,,,0.5913,,,0.5826,0.5578,0.5703,0.5703,,0.5978,0.5661,0.5661,0.5931,,,,,,0.577,,,0.5661,,0.5783,0.5783,0.5971,,0.5648,,,,,,2026-09-03,1.55,,0.6052,,1.57,,0.5804,,,,,,1.63,0.5835,,,2.0,Not Found
387e143b914f1924407c3911ae2eec86,tennis_atp_us_open,ATP US Open,2026-09-03T15:00:00Z,2026-09-03T13:38:37Z,Dalibor Svrcina @ Luciano Darderi,Dalibor Svrcina,2.28,2.15,2.2,2.18,2.18,2.15,2.15,2.28,2.18,2.17,2.17,2.28,2.28,,2.33,2.29,2.33,2.25,2.2,2.17,2.17,2.32,2.23,2.23,2.1,2.17,2.27,,2.2,2.14,,,0.4163,0.4384,0.4366,0.4352,0.4263,0.4332,0.4332,0.4368,0.43,0.4328,0.4328,0.4269,0.4352,,0.4187,0.4171,0.4239,0.4298,0.4279,0.4328,0.4328,0.4298,0.4301,0.4301,0.4556,0.4328,0.4191,,0.4279,0.4395,,,2026-09-03,2.15,,0.4332,,2.2,2.13,0.4297,0.4406,2.12,,0.4328,,2.21,0.4286,,,2.0,Not Found
8d7429f908e1378299c5938aa4a06fa5,tennis_atp_us_open,ATP US Open,2026-09-03T15:00:00Z,2026-09-03T13:38:37Z,Karen Khachanov @ Felix Auger-Aliassime,Karen Khachanov,3.35,3.4,3.45,3.4,3.25,3.24,3.24,3.6,3.35,3.35,3.35,3.48,3.6,,3.45,3.36,3.51,3.45,3.3,3.35,3.35,3.55,3.34,3.34,3.4,3.25,3.33,,3.3,3.28,,,0.2761,0.2711,0.2718,0.2739,0.2779,0.2755,0.2755,0.2739,0.2705,0.2705,0.2705,0.276,0.2739,,0.28,0.27,0.2827,0.2746,0.2756,0.2705,0.2705,0.2759,0.2821,0.2821,0.2711,0.2779,0.2798,,0.2756,0.2765,,,2026-09-03,3.4,,0.2624,,3.5,3.4,0.2669,0.2711,3.25,,0.2692,,3.32,0.2747,,,2.0,Not Found
d32a85d0b459314b9dee1b507f9dcae2,tennis_atp_us_open,ATP US Open,2026-09-03T15:00:00Z,2026-09-03T13:38:37Z,Francisco Cerundolo @ Jan-Lennard Struff,Jan-Lennard Struff,2.3,2.3,2.35,2.35,2.25,2.28,2.28,2.48,2.32,2.23,2.23,2.34,2.48,,2.44,2.4,2.41,2.32,2.2,2.23,2.23,2.44,2.3,2.3,2.3,2.29,2.34,,2.2,2.32,,,0.4125,0.4087,0.4079,0.406,0.4136,0.4068,0.4068,0.4004,0.403,0.423,0.423,0.4161,0.4004,,0.4,0.3978,0.4116,0.4161,0.4279,0.423,0.423,0.4055,0.418,0.418,0.4144,0.4116,0.4069,,0.4279,0.403,,,2026-09-03,2.35,,0.3943,,2.3,2.3,0.4087,0.418,2.16,,0.4228,,2.32,0.4069,,,2.0,Not Found
f857ea6771bf681398b05379f108f0c5,baseball_mlb,MLB,2026-09-03T16:37:00Z,2026-09-03T17:14:40Z,San Francisco Giants @ Pittsburgh Pirates,San Francisco Giants,5.0,4.6,5.0,4.7,4.75,,,5.1,5.23,4.5,4.35,6.46,4.9,3.85,5.56,4.78,5.56,4.95,4.75,4.5,4.4,5.05,,,4.75,,,,,,,,0.169,0.1813,0.1726,0.1716,0.1851,,,0.1779,0.157,0.1909,0.1802,0.131,0.171,0.2453,0.1733,0.1844,0.1733,0.1773,0.1667,0.1909,0.1826,0.1892,,,0.1779,,,,,,,,2026-09-03,4.5,,0.1801,,,,,,,,,,4.55,0.1862,Polymarket,3.85,2.0,Not Found
a61389a137fe3ce8813def2f077c2218,soccer_saudi_arabia_pro_league,Saudi Pro League,2026-09-03T15:55:00Z,2026-09-03T17:14:40Z,Al-Kholood @ Al-Fayha,Draw,,3.15,3.3,3.3,,,,3.6,,3.2,3.0,2.15,,,3.57,,,,3.1,3.15,,,,,,,,,,,,,,0.2691,0.2686,0.2648,,,,0.2755,,0.2835,,0.4406,,,0.2697,,,,0.2785,0.2753,,,,,,,,,,,,,2026-09-03,3.6,,0.245,,,,,,2.95,,,,,,,,3.0,Not Found
bbc989441acc06e9b28aff6f96e88a6f,tennis_wta_us_open,WTA US Open,2026-09-03T16:36:25Z,2026-09-03T17:14:40Z,Amanda Anisimova @ Lilli Tagger,Amanda Anisimova,1.06,1.02,1.03,1.13,1.03,1.03,1.03,1.06,1.04,1.04,,1.18,1.05,,1.06,,1.06,1.04,1.03,1.04,,1.06,,,1.03,,,,1.04,,,,0.9129,0.9502,0.9454,0.8383,0.9378,0.94,0.94,0.9423,0.9487,0.9308,,0.8384,0.9476,,0.9367,,0.9392,0.9485,0.94,0.9308,,0.9372,,,0.947,,,,0.9308,,,,2026-09-03,1.04,,0.9219,,,,,,,,,,1.14,0.8553,,,2.0,Not Found
d0ab3a702b83c32301fa7c1102f78157,tennis_wta_us_open,WTA US Open,2026-09-03T17:05:00Z,2026-09-03T17:14:40Z,Yulia Putintseva @ Qinwen Zheng,Qinwen Zheng,1.38,1.4,1.41,1.37,1.4,1.38,1.38,1.43,1.38,1.38,1.38,1.41,1.43,,1.43,1.4,1.43,1.4,1.4,1.38,1.38,1.43,1.42,1.42,1.4,1.39,1.4,,1.4,1.38,,,0.701,0.6932,0.6933,0.701,0.6877,0.6934,0.6934,0.6958,0.6962,0.6957,0.6957,0.6959,0.6958,,0.6949,0.6905,0.6949,0.6984,0.6847,0.6957,0.6957,0.6934,0.6854,0.6854,0.6905,0.6963,0.6937,,0.6847,0.6968,,,2026-09-03,,,,,1.39,1.41,0.693,0.6879,1.38,,0.6928,,1.39,0.6941,,,2.0,Not Found
43d04f8cdfb8c36ecf5b5dcd333740aa,tennis_wta_us_open,WTA US Open,2026-09-03T22:13:53Z,2026-09-03T22:19:03Z,Yuliia Starodubtseva @ Maria Sakkari,Maria Sakkari,1.45,1.42,1.45,1.42,1.45,1.45,1.45,1.52,1.43,1.5,1.45,1.5,1.41,,1.49,1.55,1.47,1.5,1.44,1.5,1.51,1.41,1.49,1.49,1.5,1.47,1.5,,1.44,,,,0.663,0.6393,0.6407,0.656,0.6525,0.659,0.6487,0.6577,0.6711,0.6333,0.6365,0.6554,0.6721,,0.6607,0.6295,0.6677,0.6515,0.6564,0.6333,0.635,0.6822,0.6544,0.6544,0.6447,0.657,0.6425,,0.6564,,,,2026-09-03,1.45,,0.6525,,,1.49,,0.6511,1.42,,0.6393,,1.49,0.6462,,,2.0,Not Found
4fff0df64f7008d8a15b42f7b219ce57,baseball_milb,MiLB,2026-09-03T22:35:00Z,2026-09-03T22:19:03Z,Iowa Cubs @ Columbus Clippers,Iowa Cubs,2.06,,,,,,,,,,,,,,,,,,,,2.05,,2.05,,2.05,,2.07,,,,,,0.457,,,,,,,,,,,,,,,,,,,,0.4498,,0.4565,,0.4565,,0.4591,,,,,,2026-09-03,,,,,,,,,,,,,,,,,2.0,Not Found
810834d7d49793c7957c45d046d54bcf,baseball_milb,MiLB,2026-09-03T22:35:00Z,2026-09-03T22:19:03Z,Rochester Red Wings @ Syracuse Mets,Syracuse Mets,2.0,,,,,,,,,,,,,,,,,,,,1.97,,1.95,,2.0,,2.06,,,,,,0.4691,,,,,,,,,,,,,,,,,,,,0.4697,,0.4786,,0.4675,,0.4618,,,,,,2026-09-03,,,,,,,,,,,,,,,,,2.0,Not Found
b27b102032634f4f3dc542889c7d62e9,baseball_mlb,MLB,2026-09-03T23:15:00Z,2026-09-04T00:10:49Z,Boston Red Sox @ Baltimore Orioles,Baltimore Orioles,1.38,1.37,1.4,1.37,1.36,1.37,1.71,1.42,1.44,1.42,1.36,1.78,,1.43,1.45,,1.45,1.4,1.36,1.42,1.38,1.43,,,1.38,,,,,,,,0.6934,0.6831,0.6877,0.6895,0.7064,0.6925,0.5473,0.6908,0.662,0.6735,0.6825,0.5382,,0.6949,0.6846,,0.6871,0.6877,0.6891,0.6735,0.6805,0.6909,,,0.6899,,,,,,,,2026-09-03,1.4,,0.672,,,,,,,,,,1.9,0.5,Polymarket,1.43,2.0,Not Found
45c0d271c7cba6b9683aae58312a83b5,boxing_boxing,Boxing,2026-09-04T00:15:00Z,2026-09-04T00:10:49Z,Antonio Moran @ Jhon Orobio,Antonio Moran,8.3,,,,,7.2,7.2,,9.5,,,,,,,,,,,,,,12.0,12.0,10.0,9.17,8.3,,,,,,0.0841,,,,,0.0977,0.0977,,0.0764,,,,,,,,,,,,,,0.0609,0.0609,0.0738,0.0828,0.0795,,,,,,2026-09-04,,,,,,,,,,,,,,,,,2.0,Not Found
81d5598e13c2fcfce4989d037947f018,tennis_atp_us_open,ATP US Open,2026-09-04T01:36:58Z,2026-09-04T04:34:37Z,Quentin Halys @ Alexander Zverev,Alexander Zverev,1.07,1.05,1.05,1.06,1.05,1.06,1.05,1.11,1.07,1.04,,1.08,1.1,,,,1.09,1.08,1.06,1.04,,1.1,,,1.05,,,,1.06,,,,0.9048,0.9095,0.9137,0.9003,0.9174,0.9019,0.9106,0.8984,0.9178,0.9308,,0.9107,0.9045,,,,0.9062,0.9074,0.9092,0.9373,,0.9035,,,0.9307,,,,0.9092,,,,2026-09-04,1.04,,0.9219,,,,,,,,,,1.06,0.9161,,,2.0,Not Found
2f02052c3228ed6d9dc2e8ff8cdf5cdd,americanfootball_ncaaf,NCAAF,2026-09-04T01:44:46Z,2026-09-04T04:34:37Z,Albany @ Buffalo Bulls,Buffalo Bulls,1.68,,,,1.69,,1.7,1.1,1.74,1.78,,,,,,,1.61,,,,,1.02,,,,,,,1.67,,,,0.5661,,,,0.5686,,0.5502,,0.5435,0.5334,,,,,,,0.5978,,,,,,,,,,,,0.5613,,,,2026-09-04,,,,,,,,,,,,,1.55,0.6226,,,2.0,Not Found
77ad831f8fbfbd33b884e311d08970af,baseball_npb,NPB,2026-09-04T09:00:00Z,2026-09-04T04:34:37Z,Saitama Seibu Lions @ Fukuoka SoftBank Hawks,Fukuoka SoftBank Hawks,1.41,,,1.38,1.45,1.45,1.45,,1.43,1.43,1.43,1.45,,,,,,1.41,1.4,,1.43,,1.42,1.42,1.42,1.45,1.45,,,,,,0.6845,,,0.6736,0.6596,0.6663,0.6663,,0.6742,0.6678,0.6678,0.6724,,,,,,0.684,0.6753,,0.6678,,0.6854,0.6854,0.6735,0.6663,0.6706,,,,,,2026-09-04,1.37,,0.6895,,1.37,,0.6763,,1.43,,0.6678,,1.41,0.6779,,,2.0,Not Found
63cf37adcad3aa4d0b4974ebc8a7bb48,baseball_npb,NPB,2026-09-04T09:00:00Z,2026-09-04T04:34:37Z,Yomiuri Giants @ Hiroshima Toyo Carp,Yomiuri Giants,1.82,,,1.74,1.8,1.82,1.82,,1.8,1.82,1.82,1.83,,,,,,1.8,1.73,,1.82,,1.8,1.8,1.77,1.83,1.83,,,,,,0.5247,,,0.5256,0.5278,0.5247,0.5247,,0.5278,0.5196,0.5196,0.5317,,,,,,0.5303,0.539,,0.5196,,0.5339,0.5339,0.5325,0.5128,0.5293,,,,,,2026-09-04,1.75,,0.5293,,1.72,,0.5261,,1.82,,0.5196,,1.8,0.5253,,,2.0,Not Found
c1ada54cbb7fe22fcee9a1a8ac899070,soccer_saudi_arabia_pro_league,Saudi Pro League,2026-09-04T16:00:00Z,2026-09-04T16:57:54Z,Al-Ettifaq @ Abha Club,Al-Ettifaq,,2.35,2.45,2.42,,,,2.66,,2.5,2.38,2.58,,,2.63,,,,2.38,2.4,,,,,,,,,,,,,,,0.3722,0.3743,,,,0.3727,,0.3723,0.3716,0.3629,,,0.3768,,,,,0.3736,,,,,,,,,,,,,2026-09-04,2.3,,0.4024,,,,,,2.25,,,,,,,,3.0,Not Found
123f3daf4ba8db96324e768445134e18,icehockey_liiga,Liiga,2026-09-04T16:30:00Z,2026-09-04T16:57:54Z,HPK @ HIFK,HPK,,5.0,5.4,5.0,,3.76,3.82,,3.6,6.75,6.5,3.62,,,,,,6.0,3.5,6.5,3.9,,,,,,,,,,,,,,0.1479,,,,,,,0.1313,0.1254,,,,,,,0.1481,,0.1245,,,,,,,,,,,,,2026-09-04,5.5,,0.1455,,,,,,6.4,,0.1219,,,,,,3.0,Not Found
ea07b33b1b87d5b0c498bf128d878bc6,soccer_germany_liga3,3. Liga - Germany,2026-09-04T17:00:00Z,2026-09-04T16:57:54Z,Alemannia Aachen @ FC Ingolstadt 04,Alemannia Aachen,,,2.65,,,2.62,2.62,2.74,,2.75,2.65,2.67,,,,,,2.6,2.6,2.75,,,2.62,2.62,2.6,,,,,,,,,,0.3553,,,0.3502,0.3502,0.3599,,0.3337,0.3339,0.3579,,,,,,0.359,0.3468,0.3337,,,0.3611,0.3611,0.349,,,,,,,,2026-09-04,2.65,2.8,0.353,0.3286,,,,,,2.73,,0.3328,,,,,3.0,Not Found
a30a4a9ebe7104fdd1bffdc9254dff6e,soccer_turkey_super_league,Turkey Super League,2026-09-04T17:00:00Z,2026-09-04T16:57:54Z,Galatasaray @ Basaksehir,Basaksehir,4.8,4.5,4.6,4.6,,4.64,4.64,5.5,4.9,4.8,4.6,4.78,5.4,,5.26,4.71,,5.0,4.8,4.8,4.6,,4.8,4.8,4.8,4.6,5.54,,,4.8,,,0.1839,0.1809,0.1824,0.1836,,0.1889,0.1889,0.1804,0.1848,0.1868,0.1813,0.1974,0.1814,,0.1836,0.1895,,0.1843,0.1744,0.1868,0.1813,,0.1927,0.1927,0.1796,0.1909,0.1705,,,0.1841,,,2026-09-04,5.2,4.9,0.1717,0.1857,4.45,,0.1854,,4.6,,0.1813,,,,,,3.0,Not Found
2253e8f02528c3b1271004f266984bed,tennis_wta_us_open,WTA US Open,2026-09-04T17:00:00Z,2026-09-04T16:57:54Z,Diana Shnaider @ Taylor Townsend,Taylor Townsend,2.46,2.35,2.4,2.41,2.4,2.36,2.36,2.4,2.3,2.38,2.38,2.45,2.4,,,2.37,2.44,2.4,2.3,2.38,2.38,2.4,2.41,2.41,2.35,2.39,,,2.3,,,,0.3848,0.4003,0.3997,0.3849,0.3837,0.3914,0.3914,0.4142,0.4068,0.3916,0.3916,0.3954,0.4159,,,0.3925,0.4073,0.4016,0.4068,0.3916,0.3916,0.4107,0.3988,0.3988,0.4022,0.3947,,,0.4087,,,,2026-09-04,2.4,,0.3858,,2.4,2.35,0.3919,0.4022,2.35,,0.3923,,2.39,0.3927,,,2.0,Not Found
d0fba6b4a43335077f9c4fd3a2ec8c18,soccer_fa_cup,FA Cup,2026-09-04T18:46:00Z,2026-09-04T19:26:22Z,Shepshed Dynamo FC @ Quorn FC,Quorn FC,,,2.2,,,1.35,1.35,,,1.97,1.97,,,,,,,,,,,,,,,,,,,,,,,,0.4177,,,0.6949,0.6949,,,0.4666,0.4666,,,,,,,,,,,,,,,,,,,,,,2026-09-04,,1.8,,0.5327,,,,,,,,,,,,,3.0,Not Found
429668da74528e614f205bb5e78eeeef,soccer_argentina_primera_division,Primera División - Argentina,2026-09-04T19:45:00Z,2026-09-04T19:26:22Z,Sarmiento de Junin @ Estudiantes de Río Cuarto,Draw,2.8,2.75,2.8,2.7,2.75,2.82,2.82,2.94,2.85,2.9,2.7,2.93,,,2.94,,,,,,2.85,,2.91,2.91,2.8,,2.86,,,2.81,,,0.3345,0.3218,0.3239,0.3308,0.3387,0.334,0.334,0.3375,0.3302,0.3207,0.3215,0.3305,,,0.3334,,,,,,0.3213,,0.3324,0.3324,0.3343,,0.3318,,,0.3319,,,2026-09-04,,2.85,,0.3309,,2.91,,0.3324,,,,,,,,,3.0,Not Found
88620c3e43d7ed89b323b1d85e261c52,baseball_mlb,MLB,2026-09-04T22:41:00Z,2026-09-04T21:41:35Z,Atlanta Braves @ Philadelphia Phillies,Atlanta Braves,1.98,1.92,1.94,1.92,1.98,1.95,1.95,2.06,1.94,1.95,1.94,2.07,2.06,2.04,2.08,2.07,2.08,1.95,1.91,1.95,1.95,2.1,2.06,2.06,2.02,2.06,2.04,2.0,1.91,1.98,2.01,,0.4837,0.4887,0.4889,0.4901,0.4823,0.4861,0.4861,0.4796,0.4918,0.4905,0.4904,0.4727,0.4796,0.4847,0.48,0.4713,0.4772,0.489,0.4915,0.4905,0.4905,0.4749,0.4724,0.4724,0.4728,0.4739,0.4805,0.4854,0.5,0.4793,0.4856,,2026-09-04,1.93,,0.4858,,1.94,2.06,0.4904,0.4695,,,,,2.0,0.4797,Polymarket,2.04,2.0,Not Found
c8cfd0684372b2c2618adf62045594fe,baseball_milb,MiLB,2026-09-04T22:35:00Z,2026-09-04T21:41:35Z,Jacksonville Jumbo Shrimp @ Norfolk Tides,Jacksonville Jumbo Shrimp,1.85,,,,,,,,,,,,,,,,,,,,1.82,,1.83,,1.83,,1.88,,,,,,0.5112,,,,,,,,,,,,,,,,,,,,0.5102,,0.5114,,0.5114,,0.5082,,,,,,2026-09-04,,,,,,,,,,,,,,,,,2.0,Not Found
5f74d6675008f32d7fe295ab10bbf896,baseball_mlb,MLB,2026-09-04T23:10:26Z,2026-09-04T23:21:39Z,Chicago Cubs @ Miami Marlins,Miami Marlins,2.28,2.1,2.15,2.15,2.25,2.14,2.14,1.01,2.2,2.38,2.3,2.52,2.52,2.33,2.44,2.27,2.33,2.25,2.15,2.38,2.33,2.54,2.48,2.48,2.2,2.46,,2.28,2.3,2.4,,,0.4087,0.4256,0.4349,0.4201,0.4192,0.4288,0.4288,,0.4224,0.3896,0.3863,0.3859,0.3954,0.4187,0.4055,0.4154,0.4152,0.4192,0.422,0.3896,0.3899,0.3901,0.3911,0.3911,0.4242,0.3927,,0.4125,0.4087,0.3899,,,2026-09-04,2.25,,0.3996,,2.3,2.5,0.4029,0.3855,,,,,2.15,0.4384,Polymarket,2.33,2.0,Not Found
d19f536dd30580edd3b97db60957866f,baseball_mlb,MLB,2026-09-04T23:06:00Z,2026-09-04T23:21:39Z,Boston Red Sox @ Baltimore Orioles,Boston Red Sox,1.52,1.46,1.49,1.45,1.53,1.44,1.44,1.6,1.5,1.6,1.57,,1.9,1.59,1.59,,1.6,1.55,1.5,1.6,1.56,1.55,,,1.44,,,,,,,,0.6289,0.6384,0.6433,0.6487,0.6268,0.6557,0.6557,0.6172,0.6349,0.5951,0.587,,0.5156,0.6244,0.6244,,0.6224,0.6185,0.625,0.5951,0.5983,0.6257,,,0.662,,,,,,,,2026-09-04,1.4,,0.672,,,,,,,,,,1.5,0.6373,Polymarket,1.59,2.0,Not Found
735d07f16a56481839a3656fab6b039e,soccer_argentina_primera_division,Primera División - Argentina,2026-09-04T22:00:00Z,2026-09-04T23:21:39Z,Deportivo Riestra @ Platense,Draw,4.0,3.95,4.1,3.88,3.8,4.1,4.1,4.5,4.3,4.1,3.85,4.1,,,4.55,,,,,,,,,,4.3,,,,,,,,0.2237,0.2181,0.2137,0.2165,0.2296,0.2117,0.2117,0.2187,0.2097,0.2187,0.2155,0.2253,,,0.2163,,,,,,,,,,0.2124,,,,,,,,2026-09-04,,,,,,,,,,,,,,,,,3.0,Not Found
460c367cdbdce0fb6917234330e5ec8d,soccer_brazil_serie_b,Brazil Série B,2026-09-04T22:33:00Z,2026-09-04T23:21:39Z,Cuiabá @ Criciuma,Cuiabá,15.0,,,,14.0,16.0,16.0,22.0,16.0,18.0,16.0,17.9,22.0,,,,,15.0,13.0,17.0,,,,,16.0,,,,,,,,0.0417,,,,0.0373,0.0315,0.0315,0.0411,0.0403,0.0308,0.0171,0.0348,0.0391,,,,,0.037,0.0422,0.0172,,,,,0.0345,,,,,,,,2026-09-04,,,,,,,,,,,,,,,,,3.0,Not Found
6b5aa4cdc3e4394a2ba8b106d48947d5,soccer_usa_mls,MLS,2026-09-04T23:30:00Z,2026-09-04T23:21:39Z,Nashville SC @ New York City FC,New York City FC,3.1,2.85,2.9,2.95,3.1,3.05,3.05,3.3,2.95,2.95,3.05,,3.35,,3.23,3.14,,2.8,2.9,2.95,2.9,,3.25,3.25,3.15,3.15,3.15,,2.9,3.06,,,0.2988,0.3127,0.3116,0.3062,0.2981,0.3071,0.3071,0.3003,0.3112,0.3159,0.3144,,0.2973,,0.3028,0.305,,0.337,0.3137,0.3159,0.3198,,0.296,0.296,0.2996,0.3009,0.3068,,0.3137,0.3029,,,2026-09-04,3.2,,0.2849,,2.95,3.25,0.3033,0.296,2.85,,0.3156,,3.06,0.3074,,,3.0,Not Found
05c2e060c97c538faeee8237a0bd60f0,americanfootball_ncaaf,NCAAF,2026-09-05T00:03:00Z,2026-09-05T01:09:40Z,Toledo Rockets @ Michigan State Spartans,Toledo Rockets,8.5,,,,7.5,,6.79,8.0,9.0,9.5,,11.85,,,,7.71,,7.4,,9.5,,7.4,,,8.0,,,,8.0,,,,0.0871,,,,0.108,,0.1107,0.0952,0.0839,0.0764,,0.066,,,,0.0976,,0.1003,,0.0764,,0.0959,,,0.0952,,,,0.0908,,,,2026-09-05,,,,,,,,,,,,,16.94,0.0345,,,2.0,Not Found
349ee07962ca2e74be02ee01de47e701,boxing_boxing,Boxing,2026-09-05T02:00:00Z,2026-09-05T01:09:40Z,Austin Williams @ Vito Mielnicki Jr,Austin Williams,1.89,,,,1.85,1.72,1.72,2.14,2.15,,,,,,,,,,1.6,,,,1.89,1.89,,1.89,,,,,,,0.5,,,,0.5085,0.5407,0.5407,,0.4367,,,,,,,,,,0.5951,,,,0.4943,0.4943,,0.4943,,,,,,,2026-09-05,,,,,,1.95,,0.4786,,,,,,,,,2.0,Not Found
